name,lat,lng
AMK-0004,1.372584,103.848954
AMK-0005,1.372393,103.854278
AMK-0007,1.369819,103.855844
AMK-0008,1.3699,103.857814
AMK-0009,1.363998,103.848249
AMK-000A,1.362754,103.855563
AMK-000B,1.36632,103.845109
AMK-000C,1.368777,103.85771
AMK-000D,1.36447,103.853877
AMK-000E,1.366623,103.841816
AMK-000F,1.380943,103.840707
AMK-0010,1.367244,103.840236
AMK-0011,1.377584,103.84077
AMK-0012,1.372254,103.846897
AMK-0013,1.379451,103.843817
AMK-0014,1.36923,103.841898
AMK-0015,1.370887,103.834916
AMK-0017,1.39127,103.856357
AMK-0019,1.373552,103.828702
AMK-001A,1.372354,103.828438
AMK-001B,1.369626,103.828638
AMK-001C,1.37726,103.846151
AMK-001E,1.380311,103.832457
AMK-001F,1.378773,103.829328
AMK-0020,1.380607,103.832187
AMK-0021,1.385675,103.838655
AMK-0022,1.391809,103.855895
AMK-0023,1.39207,103.849002
AMK-0024,1.379603,103.827629
AMK-0025,1.357453,103.854584
AMK-0027,1.369486,103.856043
AMK-0028,1.376143,103.850091
AMK-0029,1.381287,103.840953
AMK-002A,1.376978,103.837657
AMK-002B,1.37701,103.828207
AMK-002C,1.363529,103.848039
AMK-002D,1.381443,103.839308
AMK-002F,1.367884,103.831672
AMK-0031,1.374639,103.844751
AMK-0032,1.376223,103.853484
AMK-0034,1.36514,103.852208
AMK-0035,1.360906,103.853006
AMK-0036,1.360386,103.852655
AMK-0037,1.37031,103.839876
AMK-0038,1.370694,103.839412
AMK-0039,1.370996,103.839682
AMK-003A,1.371622,103.839211
AMK-003B,1.372175,103.837957
AMK-003C,1.37193,103.837595
AMK-003D,1.37009,103.837773
AMK-003E,1.370422,103.837311
AMK-003F,1.370829,103.837254
AMK-0040,1.371285,103.835509
AMK-0041,1.371832,103.835701
AMK-0042,1.372928,103.836707
AMK-0043,1.373218,103.836729
AMK-0044,1.373678,103.835568
AMK-0045,1.373142,103.835855
AMK-0046,1.369924,103.841689
AMK-0047,1.370295,103.842299
AMK-0048,1.371074,103.841339
AMK-0049,1.371515,103.84128
AMK-004A,1.371928,103.842238
AMK-004B,1.376523,103.840447
AMK-004C,1.37624,103.841851
AMK-004D,1.376148,103.84104
AMK-004E,1.375611,103.83953
AMK-004F,1.373927,103.837014
AMK-0050,1.37439,103.835932
AMK-0051,1.374949,103.836325
AMK-0052,1.375224,103.836754
AMK-0053,1.375455,103.837894
AMK-0054,1.375895,103.83667
AMK-0055,1.376054,103.836291
AMK-0056,1.375988,103.837609
AMK-0057,1.376427,103.836698
AMK-0058,1.376803,103.836118
AMK-0059,1.376664,103.83809
AMK-005A,1.376608,103.837403
AMK-005B,1.377368,103.836392
AMK-005C,1.36763,103.834896
AMK-005D,1.369787,103.834444
AMK-005E,1.369949,103.834129
AMK-005F,1.370164,103.834822
AMK-0060,1.370706,103.834433
AMK-0061,1.370526,103.835681
AMK-0062,1.370084,103.8355
AMK-0063,1.370086,103.836347
AMK-0064,1.368474,103.831686
AMK-0065,1.371481,103.838211
AMK-0066,1.38409,103.844656
AMK-0067,1.368742,103.851572
AMK-0068,1.368995,103.851067
AMK-0069,1.369068,103.851391
AMK-006A,1.369443,103.852865
AMK-006C,1.368971,103.854288
AMK-006D,1.369068,103.85336
AMK-006E,1.367761,103.854176
AMK-006F,1.367414,103.853854
AMK-0070,1.366889,103.854139
AMK-0071,1.36626,103.85357
AMK-0072,1.366044,103.854282
AMK-0073,1.366971,103.855597
AMK-0074,1.375782,103.849924
AMK-0075,1.374859,103.84925
AMK-0076,1.374452,103.849045
AMK-0077,1.373785,103.848978
AMK-0078,1.373414,103.849183
AMK-0079,1.373579,103.849893
AMK-007A,1.372968,103.850403
AMK-007B,1.373665,103.851484
AMK-007C,1.373159,103.851828
AMK-007D,1.37295,103.853062
AMK-007E,1.373344,103.85315
AMK-007F,1.37517,103.85312
AMK-0080,1.370207,103.855296
AMK-0081,1.370212,103.856159
AMK-0082,1.370554,103.854884
AMK-0083,1.371419,103.854776
AMK-0084,1.370714,103.853724
AMK-0085,1.370546,103.85216
AMK-0086,1.370169,103.852361
AMK-0087,1.371644,103.853923
AMK-0088,1.372663,103.850941
AMK-0089,1.372083,103.85045
AMK-008A,1.368773,103.844743
AMK-008B,1.367275,103.844084
AMK-008C,1.368636,103.843026
AMK-008D,1.36875,103.841807
AMK-008E,1.367897,103.840869
AMK-008F,1.367346,103.84118
AMK-0090,1.367534,103.837837
AMK-0091,1.367809,103.838234
AMK-0092,1.368907,103.838388
AMK-0093,1.380893,103.834944
AMK-0094,1.380926,103.83568
AMK-0095,1.379933,103.83574
AMK-0096,1.380121,103.836299
AMK-0097,1.379581,103.836323
AMK-0098,1.379539,103.837002
AMK-0099,1.38067,103.839015
AMK-009B,1.379289,103.837964
AMK-009C,1.379394,103.83906
AMK-009D,1.378424,103.837434
AMK-009E,1.378954,103.838929
AMK-009F,1.378876,103.83828
AMK-00A0,1.378707,103.83946
AMK-00A1,1.378205,103.839384
AMK-00A2,1.3776,103.839377
AMK-00A3,1.377435,103.839
AMK-00A4,1.377601,103.837882
AMK-00A5,1.378049,103.838396
AMK-00A6,1.378611,103.838693
AMK-00A7,1.378362,103.83842
AMK-00A8,1.383,103.84069
AMK-00A9,1.382699,103.840962
AMK-00AA,1.381172,103.841953
AMK-00AB,1.381626,103.843374
AMK-00AC,1.381178,103.843203
AMK-00AD,1.380097,103.843787
AMK-00AE,1.377935,103.84015
AMK-00AF,1.37918,103.840756
AMK-00B0,1.379355,103.842832
AMK-00B1,1.378258,103.844092
AMK-00B2,1.378205,103.843722
AMK-00B3,1.377792,103.843345
AMK-00B4,1.377738,103.843682
AMK-00B5,1.370826,103.859391
AMK-00B6,1.371004,103.857977
AMK-00B7,1.372078,103.857733
AMK-00B8,1.371263,103.858912
AMK-00B9,1.372639,103.857172
AMK-00BA,1.372322,103.856772
AMK-00BB,1.373126,103.857292
AMK-00BC,1.374127,103.858065
AMK-00BD,1.37355,103.856867
AMK-00BE,1.373856,103.856378
AMK-00BF,1.36982,103.858562
AMK-00C0,1.36971,103.85914
AMK-00C1,1.374459,103.856435
AMK-00C2,1.374858,103.856003
AMK-00C3,1.374247,103.855384
AMK-00C4,1.375269,103.855777
AMK-00C5,1.370181,103.858861
AMK-00C6,1.372197,103.856799
AMK-00C7,1.389498,103.851827
AMK-00C8,1.388995,103.829429
AMK-00C9,1.390033,103.835994
AMK-00CE,1.381406,103.845112
AMK-00CF,1.382001,103.844616
AMK-00D1,1.382169,103.844574
AMK-00D2,1.392899,103.839802
AMK-00D3,1.391917,103.853461
AMK-00D6,1.387901,103.846213
AMK-00D7,1.386716,103.856635
AMK-00D8,1.373628,103.856989
AMK-00D9,1.371961,103.857261
AMK-00DA,1.38238,103.839424
AMK-00DB,1.370254,103.839402
AMK-00DC,1.370672,103.839667
AMK-00DD,1.371004,103.839019
AMK-00DE,1.371306,103.839102
AMK-00DF,1.37246,103.83726
AMK-00E0,1.372399,103.837367
AMK-00E1,1.372274,103.837718
AMK-00E2,1.37188,103.837663
AMK-00E3,1.372019,103.837207
AMK-00E4,1.371063,103.838051
AMK-00E5,1.370107,103.837541
AMK-00E6,1.370454,103.837337
AMK-00E7,1.370441,103.837229
AMK-00E8,1.370359,103.83712
AMK-00E9,1.370476,103.837498
AMK-00EA,1.37083,103.83705
AMK-00EB,1.370876,103.837465
AMK-00EC,1.371283,103.835893
AMK-00ED,1.37171,103.836094
AMK-00EE,1.372897,103.836557
AMK-00EF,1.373376,103.835363
AMK-00F0,1.373216,103.835558
AMK-00F1,1.373267,103.836678
AMK-00F2,1.373588,103.835765
AMK-00F3,1.369622,103.844918
AMK-00F4,1.369557,103.844505
AMK-00F5,1.370033,103.844668
AMK-00F6,1.369745,103.843286
AMK-00F7,1.37092,103.844586
AMK-00F8,1.371492,103.844858
AMK-00F9,1.371207,103.843582
AMK-00FA,1.371634,103.843631
AMK-00FB,1.370049,103.842485
AMK-00FC,1.369886,103.842258
AMK-00FD,1.370425,103.841719
AMK-00FE,1.370377,103.842037
AMK-00FF,1.371067,103.841457
AMK-0100,1.371081,103.841325
AMK-0101,1.37149,103.841454
AMK-0102,1.372074,103.84255
AMK-0103,1.372054,103.84238
AMK-0104,1.372032,103.8425
AMK-0105,1.376842,103.842198
AMK-0106,1.376805,103.842064
AMK-0107,1.376846,103.841117
AMK-0108,1.376678,103.840208
AMK-0109,1.376347,103.841982
AMK-010A,1.376376,103.842271
AMK-010B,1.376331,103.841864
AMK-010C,1.376274,103.841361
AMK-010D,1.376261,103.841085
AMK-010E,1.375848,103.840195
AMK-010F,1.375791,103.840362
AMK-0110,1.375975,103.839773
AMK-0111,1.375464,103.840029
AMK-0112,1.375399,103.840204
AMK-0113,1.375526,103.839814
AMK-0114,1.375432,103.839371
AMK-0115,1.374921,103.840013
AMK-0116,1.374406,103.838847
AMK-0117,1.374287,103.83994
AMK-0118,1.373923,103.836983
AMK-0119,1.374001,103.836423
AMK-011A,1.374884,103.835562
AMK-011B,1.374496,103.836821
AMK-011C,1.375252,103.835988
AMK-011D,1.375305,103.835923
AMK-011E,1.375313,103.836589
AMK-011F,1.375791,103.836102
AMK-0120,1.37602,103.83628
AMK-0121,1.375975,103.837702
AMK-0122,1.375938,103.837824
AMK-0123,1.375898,103.837974
AMK-0124,1.376106,103.837312
AMK-0125,1.376425,103.836768
AMK-0126,1.37676,103.83637
AMK-0127,1.377062,103.836033
AMK-0128,1.37678,103.838116
AMK-0129,1.376678,103.838717
AMK-012A,1.37676,103.83732
AMK-012B,1.376846,103.837052
AMK-012C,1.377389,103.836378
AMK-012D,1.377173,103.83665
AMK-012E,1.36886,103.844262
AMK-012F,1.368803,103.844954
AMK-0130,1.367644,103.844193
AMK-0131,1.367805,103.843987
AMK-0132,1.367424,103.844431
AMK-0133,1.36761,103.843627
AMK-0134,1.367422,103.843876
AMK-0135,1.367227,103.844111
AMK-0136,1.366878,103.843668
AMK-0137,1.367196,103.843302
AMK-0138,1.366697,103.843836
AMK-0139,1.367002,103.843524
AMK-013A,1.366535,103.843483
AMK-013B,1.366415,103.843582
AMK-013C,1.365922,103.842513
AMK-013D,1.365793,103.842928
AMK-013E,1.365548,103.842412
AMK-013F,1.36546,103.842624
AMK-0140,1.365395,103.842834
AMK-0141,1.36902,103.842865
AMK-0142,1.36889,103.843706
AMK-0143,1.368958,103.843304
AMK-0144,1.368559,103.843224
AMK-0145,1.368632,103.842813
AMK-0146,1.368508,103.843645
AMK-0147,1.369219,103.84154
AMK-0148,1.369177,103.841806
AMK-0149,1.369264,103.841131
AMK-014A,1.369272,103.84104
AMK-014B,1.36888,103.840997
AMK-014C,1.368829,103.841574
AMK-014D,1.368768,103.84195
AMK-014E,1.368819,103.841267
AMK-014F,1.367895,103.840894
AMK-0150,1.367746,103.841369
AMK-0151,1.367278,103.841443
AMK-0152,1.367522,103.840739
AMK-0153,1.367377,103.841202
AMK-0154,1.366315,103.841132
AMK-0155,1.366149,103.841607
AMK-0156,1.365647,103.841495
AMK-0157,1.36541,103.842143
AMK-0158,1.365458,103.842019
AMK-0159,1.365259,103.841347
AMK-015A,1.365077,103.84189
AMK-015B,1.365025,103.84206
AMK-015C,1.366021,103.840542
AMK-015D,1.366073,103.840373
AMK-015E,1.365961,103.840752
AMK-015F,1.365876,103.840933
AMK-0160,1.36555,103.840552
AMK-0161,1.365619,103.840397
AMK-0162,1.365489,103.840771
AMK-0163,1.36646,103.839279
AMK-0164,1.366286,103.839686
AMK-0165,1.366204,103.837841
AMK-0166,1.366044,103.838079
AMK-0167,1.366064,103.838186
AMK-0168,1.366603,103.837972
AMK-0169,1.366499,103.838412
AMK-016A,1.367454,103.837991
AMK-016B,1.3678,103.838204
AMK-016C,1.367846,103.838048
AMK-016D,1.36775,103.838356
AMK-016E,1.369172,103.838172
AMK-016F,1.368922,103.838343
AMK-0170,1.368571,103.838083
AMK-0171,1.368758,103.837953
AMK-0172,1.368773,103.837368
AMK-0173,1.367225,103.836509
AMK-0174,1.367106,103.836815
AMK-0175,1.366808,103.836427
AMK-0176,1.367341,103.834454
AMK-0177,1.367212,103.83478
AMK-0178,1.367747,103.834586
AMK-0179,1.369597,103.834514
AMK-017A,1.369732,103.834596
AMK-017B,1.37025,103.834575
AMK-017C,1.370285,103.834419
AMK-017D,1.370168,103.83476
AMK-017E,1.37077,103.834352
AMK-017F,1.370679,103.836106
AMK-0180,1.370697,103.836239
AMK-0181,1.370571,103.835714
AMK-0182,1.370588,103.835833
AMK-0183,1.370175,103.836385
AMK-0184,1.369792,103.836631
AMK-0185,1.367636,103.845603
AMK-0186,1.367191,103.846197
AMK-0187,1.367355,103.84533
AMK-0188,1.362515,103.850925
AMK-0189,1.366532,103.845402
AMK-018A,1.36658,103.845358
AMK-018B,1.366732,103.845138
AMK-018C,1.366175,103.84516
AMK-018D,1.366241,103.845795
AMK-018E,1.365571,103.845976
AMK-018F,1.366626,103.849053
AMK-0190,1.366218,103.848883
AMK-0191,1.366232,103.848814
AMK-0192,1.366608,103.849771
AMK-0193,1.366621,103.850368
AMK-0194,1.366621,103.850023
AMK-0195,1.366263,103.849667
AMK-0196,1.36626,103.850448
AMK-0197,1.36558,103.846972
AMK-0198,1.365613,103.846942
AMK-0199,1.365507,103.847164
AMK-019A,1.365446,103.84717
AMK-019B,1.365599,103.84783
AMK-019C,1.365594,103.847769
AMK-019D,1.365566,103.8481
AMK-019E,1.365156,103.848463
AMK-019F,1.368342,103.847979
AMK-01A0,1.367932,103.847502
AMK-01A1,1.367935,103.847882
AMK-01A2,1.368363,103.847112
AMK-01A3,1.3683,103.847115
AMK-01A4,1.368342,103.847029
AMK-01A5,1.368352,103.846946
AMK-01A6,1.368311,103.846863
AMK-01A7,1.367956,103.846846
AMK-01A8,1.367038,103.847916
AMK-01A9,1.367042,103.847595
AMK-01AA,1.367014,103.846984
AMK-01AB,1.367038,103.846718
AMK-01AC,1.366667,103.847965
AMK-01AD,1.366642,103.847878
AMK-01AE,1.366632,103.846901
AMK-01AF,1.362568,103.850869
AMK-01B0,1.362136,103.850726
AMK-01B1,1.362198,103.850666
AMK-01B2,1.361441,103.852256
AMK-01B3,1.361135,103.851923
AMK-01B4,1.363768,103.850666
AMK-01B5,1.363763,103.850775
AMK-01B6,1.3637,103.851142
AMK-01B7,1.363685,103.851259
AMK-01B8,1.363109,103.850837
AMK-01B9,1.36336,103.850495
AMK-01BA,1.363623,103.851561
AMK-01BB,1.36359,103.85179
AMK-01BC,1.363617,103.851635
AMK-01BD,1.363243,103.85137
AMK-01BE,1.364335,103.848788
AMK-01BF,1.36838,103.848808
AMK-01C0,1.368001,103.849757
AMK-01C1,1.367122,103.849426
AMK-01C2,1.366208,103.847678
AMK-01C3,1.363602,103.8502
AMK-01C4,1.364248,103.850226
AMK-01C5,1.364542,103.850795
AMK-01C6,1.364143,103.851619
AMK-01C7,1.363876,103.852051
AMK-01C8,1.36098,103.855386
AMK-01C9,1.361054,103.855468
AMK-01CA,1.361395,103.855305
AMK-01CB,1.361522,103.85542
AMK-01CC,1.361226,103.854947
AMK-01CD,1.361219,103.85497
AMK-01CE,1.361267,103.854831
AMK-01CF,1.361236,103.854919
AMK-01D0,1.361737,103.854425
AMK-01D1,1.361745,103.854404
AMK-01D2,1.361691,103.854529
AMK-01D3,1.361725,103.854453
AMK-01D4,1.361507,103.854176
AMK-01D5,1.361728,103.853587
AMK-01D6,1.361516,103.854148
AMK-01D7,1.361715,103.853625
AMK-01D8,1.361836,103.854207
AMK-01D9,1.361863,103.854188
AMK-01DA,1.362148,103.853481
AMK-01DB,1.362151,103.853509
AMK-01DC,1.361991,103.853814
AMK-01DD,1.361986,103.853828
AMK-01DE,1.363029,103.854796
AMK-01DF,1.363491,103.855015
AMK-01E0,1.363448,103.855104
AMK-01E1,1.363856,103.855323
AMK-01E2,1.36389,103.855243
AMK-01E3,1.363461,103.853851
AMK-01E4,1.364003,103.853605
AMK-01E5,1.363514,103.853654
AMK-01E6,1.363897,103.853863
AMK-01E7,1.364005,103.853386
AMK-01E8,1.363982,103.8537
AMK-01E9,1.363846,103.853986
AMK-01EA,1.364365,103.853908
AMK-01EB,1.364466,103.853658
AMK-01EC,1.364932,103.855276
AMK-01ED,1.365113,103.854823
AMK-01EE,1.364907,103.855362
AMK-01EF,1.365085,103.853791
AMK-01F0,1.365017,103.853763
AMK-01F1,1.365269,103.854456
AMK-01F2,1.365346,103.85423
AMK-01F3,1.365486,103.853791
AMK-01F4,1.365218,103.854434
AMK-01F5,1.364897,103.852872
AMK-01F6,1.364943,103.852999
AMK-01F7,1.368824,103.851987
AMK-01F8,1.368701,103.850801
AMK-01F9,1.368938,103.850865
AMK-01FA,1.368532,103.850781
AMK-01FB,1.369207,103.851871
AMK-01FC,1.369067,103.851371
AMK-01FD,1.369509,103.853318
AMK-01FE,1.369489,103.853131
AMK-01FF,1.369505,103.853486
AMK-0200,1.369492,103.853199
AMK-0201,1.369272,103.85471
AMK-0202,1.369402,103.854291
AMK-0203,1.369337,103.854543
AMK-0204,1.3692,103.854872
AMK-0205,1.369447,103.854159
AMK-0206,1.368831,103.854691
AMK-0207,1.368905,103.85452
AMK-0208,1.369003,103.854227
AMK-0209,1.368938,103.854369
AMK-020A,1.369077,103.853228
AMK-020B,1.36908,103.853353
AMK-020C,1.369048,103.852686
AMK-020D,1.368324,103.853373
AMK-020E,1.368315,103.853692
AMK-020F,1.368178,103.854095
AMK-0210,1.367929,103.853598
AMK-0211,1.367912,103.853637
AMK-0212,1.367883,103.853224
AMK-0213,1.367634,103.854391
AMK-0214,1.367598,103.854472
AMK-0215,1.367475,103.853672
AMK-0216,1.367283,103.854185
AMK-0217,1.367426,103.85383
AMK-0218,1.367361,103.853995
AMK-0219,1.3669,103.854127
AMK-021A,1.366949,103.85395
AMK-021B,1.366381,103.854411
AMK-021C,1.366112,103.854024
AMK-021D,1.366005,103.854285
AMK-021E,1.366151,103.853892
AMK-021F,1.365573,103.855459
AMK-0220,1.365842,103.854755
AMK-0221,1.365729,103.855092
AMK-0222,1.366559,103.855738
AMK-0223,1.366683,103.855372
AMK-0224,1.366955,103.855842
AMK-0225,1.367738,103.856346
AMK-0226,1.367894,103.855978
AMK-0227,1.368881,103.85613
AMK-0228,1.366834,103.858946
AMK-0229,1.367192,103.85861
AMK-022A,1.365729,103.858748
AMK-022B,1.365857,103.858621
AMK-022C,1.365681,103.858815
AMK-022D,1.365688,103.859198
AMK-022E,1.366656,103.859548
AMK-022F,1.366652,103.859709
AMK-0230,1.367107,103.859457
AMK-0231,1.366429,103.859045
AMK-0232,1.366259,103.859047
AMK-0233,1.367509,103.857575
AMK-0234,1.367524,103.857142
AMK-0235,1.366817,103.858167
AMK-0236,1.367154,103.857878
AMK-0237,1.367117,103.857166
AMK-0238,1.367061,103.857397
AMK-0239,1.366702,103.857698
AMK-023A,1.366516,103.857852
AMK-023B,1.367097,103.857167
AMK-023C,1.366337,103.856817
AMK-023D,1.366083,103.857558
AMK-023E,1.36625,103.857054
AMK-023F,1.366361,103.856829
AMK-0240,1.365932,103.856781
AMK-0241,1.365691,103.857356
AMK-0242,1.365906,103.856773
AMK-0243,1.365666,103.857427
AMK-0244,1.365478,103.856537
AMK-0245,1.365277,103.857079
AMK-0246,1.365452,103.856614
AMK-0247,1.364517,103.85649
AMK-0248,1.364524,103.857226
AMK-0249,1.36452,103.856917
AMK-024A,1.364081,103.857186
AMK-024B,1.364103,103.856378
AMK-024C,1.364073,103.856489
AMK-024D,1.363502,103.85629
AMK-024E,1.363478,103.856874
AMK-024F,1.363472,103.856385
AMK-0250,1.36347,103.857132
AMK-0251,1.36347,103.856279
AMK-0252,1.363246,103.857806
AMK-0253,1.363147,103.858082
AMK-0254,1.363026,103.858454
AMK-0255,1.363101,103.858249
AMK-0256,1.363176,103.85809
AMK-0257,1.363274,103.857812
AMK-0258,1.363061,103.858378
AMK-0259,1.363039,103.856743
AMK-025A,1.363058,103.85659
AMK-025B,1.363046,103.857191
AMK-025C,1.363068,103.856743
AMK-025D,1.362841,103.857774
AMK-025E,1.362628,103.858354
AMK-025F,1.362815,103.857854
AMK-0260,1.362673,103.8565
AMK-0261,1.362668,103.856768
AMK-0262,1.36267,103.856249
AMK-0263,1.362437,103.85774
AMK-0264,1.362476,103.857646
AMK-0265,1.362321,103.858055
AMK-0266,1.376019,103.848446
AMK-0267,1.375955,103.84972
AMK-0268,1.375518,103.850229
AMK-0269,1.375422,103.848579
AMK-026A,1.375461,103.848898
AMK-026B,1.375518,103.849325
AMK-026C,1.374841,103.849044
AMK-026D,1.374391,103.849058
AMK-026E,1.37442,103.850425
AMK-026F,1.374427,103.850046
AMK-0270,1.373807,103.849106
AMK-0271,1.374018,103.849898
AMK-0272,1.373984,103.850388
AMK-0273,1.373398,103.849131
AMK-0274,1.373548,103.850345
AMK-0275,1.373548,103.850423
AMK-0276,1.372622,103.84917
AMK-0277,1.372709,103.850021
AMK-0278,1.373476,103.851233
AMK-0279,1.373639,103.851644
AMK-027A,1.373063,103.852173
AMK-027B,1.373123,103.851902
AMK-027C,1.373157,103.851724
AMK-027D,1.372976,103.852605
AMK-027E,1.373001,103.852479
AMK-027F,1.373391,103.852929
AMK-0280,1.373387,103.853038
AMK-0281,1.374193,103.852675
AMK-0282,1.374186,103.852746
AMK-0283,1.374034,103.854358
AMK-0284,1.374069,103.854467
AMK-0285,1.374085,103.853887
AMK-0286,1.374563,103.853171
AMK-0287,1.374611,103.85276
AMK-0288,1.37456,103.85441
AMK-0289,1.374482,103.853976
AMK-028A,1.374498,103.853869
AMK-028B,1.375222,103.85279
AMK-028C,1.375174,103.853317
AMK-028D,1.375564,103.853572
AMK-028E,1.375215,103.853824
AMK-028F,1.37567,103.852812
AMK-0290,1.37545,103.854323
AMK-0291,1.375301,103.855227
AMK-0292,1.375262,103.855853
AMK-0293,1.374451,103.855248
AMK-0294,1.373461,103.855958
AMK-0295,1.37358,103.855876
AMK-0296,1.374837,103.856017
AMK-0297,1.374329,103.856232
AMK-0298,1.373933,103.856437
AMK-0299,1.373165,103.856394
AMK-029A,1.373775,103.857309
AMK-029B,1.373685,103.857106
AMK-029C,1.374106,103.857989
AMK-029D,1.374163,103.858119
AMK-029E,1.373243,103.857549
AMK-029F,1.37325,103.857603
AMK-02A0,1.373495,103.857989
AMK-02A1,1.373839,103.858632
AMK-02A2,1.372163,103.856791
AMK-02A3,1.372221,103.856939
AMK-02A4,1.372482,103.857215
AMK-02A5,1.372561,103.857334
AMK-02A6,1.371713,103.858094
AMK-02A7,1.371001,103.85822
AMK-02A8,1.370808,103.859575
AMK-02A9,1.370806,103.859635
AMK-02AA,1.370576,103.858215
AMK-02AB,1.370169,103.858763
AMK-02AC,1.370178,103.859279
AMK-02AD,1.369878,103.858064
AMK-02AE,1.370018,103.85955
AMK-02AF,1.369712,103.858966
AMK-02B0,1.369469,103.85832
AMK-02B1,1.369414,103.858035
AMK-02B2,1.369926,103.856501
AMK-02B3,1.369717,103.856159
AMK-02B4,1.370238,103.855364
AMK-02B5,1.370032,103.855006
AMK-02B6,1.370197,103.854392
AMK-02B7,1.370344,103.855693
AMK-02B8,1.370178,103.856266
AMK-02B9,1.370482,103.855136
AMK-02BA,1.371456,103.856209
AMK-02BB,1.371329,103.855759
AMK-02BC,1.371449,103.85465
AMK-02BD,1.371322,103.855143
AMK-02BE,1.371862,103.856145
AMK-02BF,1.371713,103.855554
AMK-02C0,1.371848,103.856049
AMK-02C1,1.371715,103.855239
AMK-02C2,1.371881,103.854673
AMK-02C3,1.371745,103.855148
AMK-02C4,1.370712,103.853596
AMK-02C5,1.370633,103.852488
AMK-02C6,1.370539,103.852119
AMK-02C7,1.370289,103.853575
AMK-02C8,1.370296,103.853358
AMK-02C9,1.370153,103.852304
AMK-02CA,1.370254,103.852692
AMK-02CB,1.371254,103.859276
AMK-02CC,1.371256,103.859493
AMK-02CD,1.381211,103.835362
AMK-02CE,1.380875,103.834886
AMK-02CF,1.381065,103.835144
AMK-02D0,1.380782,103.835474
AMK-02D1,1.379827,103.835914
AMK-02D2,1.379708,103.835758
AMK-02D3,1.380027,103.836208
AMK-02D4,1.379591,103.83636
AMK-02D5,1.379704,103.836535
AMK-02D6,1.379844,103.83672
AMK-02D7,1.379202,103.836572
AMK-02D8,1.379348,103.836763
AMK-02D9,1.38028,103.838565
AMK-02DA,1.379215,103.837735
AMK-02DB,1.379255,103.838019
AMK-02DC,1.379312,103.838456
AMK-02DD,1.379199,103.837547
AMK-02DE,1.38004,103.839381
AMK-02DF,1.379501,103.83944
AMK-02E0,1.380104,103.839057
AMK-02E1,1.378397,103.837414
AMK-02E2,1.378344,103.837342
AMK-02E3,1.378893,103.838472
AMK-02E4,1.378944,103.839022
AMK-02E5,1.378969,103.83926
AMK-02E6,1.378662,103.839242
AMK-02E7,1.377958,103.839158
AMK-02E8,1.37769,103.839067
AMK-02E9,1.377753,103.837983
AMK-02EA,1.377757,103.838072
AMK-02EB,1.378169,103.838488
AMK-02EC,1.378582,103.838449
AMK-02ED,1.382514,103.839682
AMK-02EE,1.382959,103.840515
AMK-02EF,1.381998,103.839622
AMK-02F0,1.382121,103.83987
AMK-02F1,1.382776,103.841066
AMK-02F2,1.381436,103.839731
AMK-02F3,1.381053,103.839877
AMK-02F4,1.381745,103.841152
AMK-02F5,1.381148,103.841973
AMK-02F6,1.381565,103.843029
AMK-02F7,1.381607,103.843515
AMK-02F8,1.380798,103.842678
AMK-02F9,1.38078,103.842426
AMK-02FA,1.381184,103.843551
AMK-02FB,1.380288,103.841965
AMK-02FC,1.380492,103.843812
AMK-02FD,1.379935,103.842569
AMK-02FE,1.379864,103.842183
AMK-02FF,1.380032,103.843452
AMK-0300,1.380048,103.84367
AMK-0301,1.378199,103.840365
AMK-0302,1.378784,103.840312
AMK-0303,1.378595,103.840348
AMK-0304,1.378552,103.840325
AMK-0305,1.37792,103.840286
AMK-0306,1.377963,103.840699
AMK-0307,1.377874,103.840686
AMK-0308,1.37752,103.840742
AMK-0309,1.379167,103.841023
AMK-030A,1.379134,103.840656
AMK-030B,1.379307,103.842351
AMK-030C,1.379347,103.843892
AMK-030D,1.37935,103.842867
AMK-030E,1.379054,103.844133
AMK-030F,1.379323,103.842477
AMK-0310,1.378266,103.84404
AMK-0311,1.378202,103.843296
AMK-0312,1.378242,103.843594
AMK-0313,1.378252,103.843848
AMK-0314,1.378289,103.844196
AMK-0315,1.379001,103.843822
AMK-0316,1.377753,103.843558
AMK-0317,1.37787,103.844146
AMK-0318,1.377773,103.842629
AMK-0319,1.377763,103.842586
AMK-031A,1.371016,103.848202
AMK-031B,1.37169,103.847122
AMK-031C,1.372246,103.846238
AMK-031D,1.373871,103.845926
AMK-031E,1.369148,103.833959
AMK-031F,1.369207,103.834071
AMK-0320,1.366135,103.844433
AMK-0321,1.366163,103.844461
AMK-0322,1.366098,103.844456
AMK-0323,1.366076,103.844562
AMK-0324,1.365472,103.84396
AMK-0325,1.36546,103.843991
AMK-0326,1.365472,103.843923
AMK-0327,1.365502,103.843942
AMK-0328,1.365442,103.844014
AMK-0329,1.365402,103.844053
AMK-032A,1.364834,103.845581
AMK-032B,1.364972,103.843653
AMK-032C,1.364959,103.843672
AMK-032D,1.36512,103.843719
AMK-032E,1.365112,103.843758
AMK-032F,1.365088,103.843797
AMK-0330,1.365079,103.843808
AMK-0331,1.364997,103.843804
AMK-0332,1.365027,103.843725
AMK-0333,1.364934,103.843707
AMK-0334,1.365021,103.84374
AMK-0335,1.368081,103.857379
AMK-0336,1.368079,103.857533
AMK-0337,1.368089,103.857453
AMK-0338,1.368086,103.857666
AMK-0339,1.372177,103.852826
AMK-033A,1.37132,103.853742
AMK-033B,1.371051,103.852114
AMK-033C,1.371051,103.851986
AMK-033D,1.370728,103.85197
AMK-033E,1.37263,103.850923
AMK-033F,1.372434,103.850873
AMK-0340,1.369947,103.845891
AMK-0341,1.370747,103.848376
AMK-0342,1.36905,103.833774
AMK-0343,1.365953,103.844797
AMK-0344,1.365907,103.844799
AMK-0345,1.365984,103.844731
AMK-0346,1.365936,103.844818
AMK-0347,1.366007,103.844697
AMK-0348,1.365982,103.84468
AMK-0349,1.365904,103.844771
AMK-034A,1.365361,103.844367
AMK-034B,1.365275,103.844239
AMK-034C,1.365351,103.844387
AMK-034D,1.365372,103.844349
AMK-034E,1.365296,103.844584
AMK-034F,1.365375,103.844331
AMK-0350,1.364887,103.844326
AMK-0351,1.364662,103.844431
AMK-0352,1.364676,103.844401
AMK-0353,1.364827,103.844479
AMK-0354,1.364871,103.844321
AMK-0355,1.364812,103.844452
AMK-0356,1.364271,103.846611
AMK-0357,1.364168,103.847117
AMK-0358,1.364144,103.847142
AMK-0359,1.364294,103.846653
AMK-035A,1.364146,103.847074
AMK-035B,1.36446,103.846713
AMK-035C,1.364436,103.846747
AMK-035D,1.364653,103.84705
AMK-035E,1.36458,103.847127
AMK-035F,1.368236,103.858358
AMK-0360,1.368229,103.858663
AMK-0361,1.368238,103.858497
AMK-0362,1.372131,103.853002
AMK-0363,1.37124,103.853043
AMK-0364,1.371254,103.853002
AMK-0365,1.371265,103.852924
AMK-0366,1.371077,103.852689
AMK-0367,1.371203,103.853146
AMK-0368,1.372209,103.850519
AMK-0369,1.372055,103.850489
AMK-036A,1.36957,103.845846
AMK-036B,1.36943,103.846241
AMK-036C,1.365574,103.845148
AMK-036D,1.365558,103.845114
AMK-036E,1.365508,103.84519
AMK-036F,1.365489,103.845213
AMK-0370,1.365525,103.84514
AMK-0371,1.365281,103.844595
AMK-0372,1.364601,103.844672
AMK-0373,1.364581,103.844719
AMK-0374,1.364685,103.845014
AMK-0375,1.364542,103.844971
AMK-0376,1.364622,103.844687
AMK-0377,1.364568,103.844848
AMK-0378,1.36461,103.844727
AMK-0379,1.36417,103.847624
AMK-037A,1.363989,103.847575
AMK-037B,1.368479,103.857859
AMK-037C,1.368476,103.857795
AMK-037D,1.368469,103.857959
AMK-037E,1.371936,103.8537
AMK-037F,1.372126,103.850119
AMK-0380,1.371915,103.850256
AMK-0381,1.369435,103.846611
AMK-0382,1.369444,103.846469
AMK-0383,1.371885,103.853913
AMK-0384,1.371846,103.85407
AMK-0385,1.371872,103.851185
AMK-0386,1.371878,103.851124
AMK-0387,1.371777,103.836012
AMK-0388,1.387114,103.848021
AMK-0389,1.390752,103.838224
AMK-038C,1.369108,103.846442
AMK-038D,1.375931,103.8322
AMK-038E,1.389894,103.837098
AMK-0390,1.376221,103.839308
AMK-0391,1.376524,103.839606
AMK-0392,1.377023,103.828211
AMK-0393,1.366262,103.855287
AMK-0394,1.369699,103.84166
AMK-0395,1.371146,103.834616
AMK-0396,1.37677,103.834736
AMK-0397,1.370392,103.836574
AMK-0398,1.370387,103.836808
AMK-0399,1.376272,103.834386
AMK-039A,1.38078,103.848213
AMK-039B,1.38044,103.849731
AMK-039C,1.378331,103.850229
AMK-039D,1.37845,103.848206
AMK-039E,1.381739,103.84837
AMK-039F,1.380682,103.848748
AMK-03A0,1.382112,103.84981
AMK-03A1,1.377972,103.848282
AMK-03A2,1.37968,103.849684
AMK-03A3,1.378925,103.850143
AMK-03A4,1.383897,103.849327
AMK-03A5,1.383031,103.849142
AMK-03A6,1.357539,103.855879
AMK-03A7,1.368279,103.853035
AMK-03A8,1.377798,103.855609
AMK-03A9,1.377382,103.855499
AMK-03AA,1.377199,103.855578
AMK-03AB,1.377368,103.85558
AMK-03AC,1.374456,103.845482
AMK-03AD,1.367076,103.840753
AMK-03AE,1.38141,103.841082
AMK-03AF,1.372762,103.837782
AMK-03B0,1.372214,103.849614
AMK-03B1,1.372258,103.852645
AMK-03B2,1.372274,103.84867
AMK-03B3,1.368374,103.853649
AMK-03B4,1.372522,103.854152
AMK-03B6,1.372389,103.854656
AMK-03B7,1.382193,103.844551
AMK-03BA,1.382008,103.844961
AMK-03BB,1.372037,103.856601
AMK-03BC,1.363511,103.849869
AMK-03BD,1.36156,103.851081
AMK-03BE,1.361272,103.852508
AMK-03BF,1.36217,103.853076
AMK-03C0,1.364631,103.852388
AMK-03C1,1.367428,103.850416
AMK-03C2,1.374873,103.847824
AMK-03C3,1.37832,103.844695
AMK-03C4,1.378518,103.847172
AMK-03C5,1.366077,103.844066
AMK-03C6,1.376508,103.849325
AMK-03C7,1.37357,103.844988
AMK-03C8,1.376411,103.844656
AMK-03C9,1.37722,103.840321
AMK-03CA,1.375898,103.852926
AMK-03CB,1.371863,103.833179
AMK-03CC,1.370239,103.832325
AMK-03CD,1.378771,103.847331
AMK-03CE,1.385435,103.842712
AMK-03CF,1.381831,103.843827
AMK-03D0,1.374667,103.854917
AMK-03D1,1.359226,103.85517
AMK-03D2,1.389898,103.838517
AMK-03D3,1.358756,103.856062
AMK-03D4,1.36593,103.837796
AMK-03D5,1.369517,103.851141
AMK-03D6,1.379543,103.842718
AMK-03D7,1.385502,103.838993
AMK-03D8,1.39189,103.853817
AMK-03D9,1.364856,103.84068
AMK-03DA,1.365988,103.839328
AMK-03DB,1.367512,103.837909
AMK-03DC,1.380931,103.835736
AMK-03DD,1.3799,103.836779
AMK-03DE,1.380357,103.838752
AMK-03DF,1.381143,103.842106
AMK-03E0,1.381552,103.842918
AMK-03E1,1.368944,103.852659
AMK-03E2,1.368968,103.852866
AMK-03E3,1.375514,103.849052
AMK-03E4,1.374829,103.848606
AMK-03E5,1.374907,103.849307
AMK-03E6,1.367388,103.853828
AMK-03E7,1.366249,103.853398
AMK-03E8,1.365666,103.855306
AMK-03E9,1.373382,103.848745
AMK-03EA,1.373455,103.84948
AMK-03EB,1.372741,103.850039
AMK-03EC,1.372999,103.850402
AMK-03ED,1.373127,103.852069
AMK-03EE,1.37289,103.85325
AMK-03EF,1.374114,103.853739
AMK-03F0,1.374119,103.854535
AMK-03F1,1.374156,103.854595
AMK-03F2,1.374514,103.854461
AMK-03F3,1.375134,103.853363
AMK-03F4,1.371161,103.843665
AMK-03F5,1.371132,103.843887
AMK-03F6,1.371122,103.843972
AMK-03F7,1.37834,103.866747
AMK-03F8,1.379408,103.83913
AMK-03F9,1.367777,103.854151
AMK-03FA,1.379327,103.84268
AMK-03FB,1.377808,103.8439
AMK-03FC,1.377808,103.84405
AMK-03FD,1.372034,103.850662
AMK-03FE,1.371835,103.851227
AMK-03FF,1.369876,103.844003
AMK-0400,1.370843,103.8449
AMK-0401,1.370898,103.844498
AMK-0402,1.370844,103.864774
AMK-0403,1.368018,103.839754
AMK-0404,1.367951,103.83975
AMK-0405,1.368143,103.840007
AMK-0406,1.368366,103.840294
AMK-0407,1.378696,103.874744
AMK-0408,1.36626,103.850354
AMK-0409,1.366651,103.850366
AMK-040A,1.367059,103.847355
AMK-040B,1.36833,103.846503
AMK-040C,1.367128,103.849275
AMK-040D,1.367131,103.84955
AMK-040E,1.366605,103.847528
AMK-040F,1.367993,103.849536
AMK-0410,1.370107,103.836399
AMK-0411,1.370564,103.83577
AMK-0412,1.369317,103.834115
AMK-0413,1.369721,103.836662
AMK-0414,1.367596,103.835003
AMK-0415,1.373539,103.83517
AMK-0416,1.370685,103.834493
AMK-0417,1.369901,103.83413
AMK-0418,1.371832,103.835878
AMK-0419,1.371834,103.835824
AMK-041A,1.373669,103.835635
AMK-041B,1.373461,103.836152
AMK-041C,1.375592,103.837463
AMK-041D,1.375563,103.837569
AMK-041E,1.37558,103.839619
AMK-041F,1.375577,103.839581
AMK-0420,1.374802,103.836372
AMK-0421,1.37503,103.835437
AMK-0422,1.361828,103.854427
AMK-0423,1.364254,103.854156
AMK-0424,1.363954,103.853239
AMK-0425,1.369058,103.833858
AMK-0426,1.376752,103.841759
AMK-0427,1.376722,103.839822
AMK-0428,1.376665,103.836477
AMK-0429,1.375327,103.837982
AMK-042A,1.373884,103.858766
AMK-042B,1.374154,103.856799
AMK-042C,1.374483,103.856471
AMK-042D,1.37353,103.858064
AMK-042E,1.37421,103.858209
AMK-042F,1.374927,103.85616
AMK-0430,1.373353,103.85605
AMK-0431,1.374374,103.856324
AMK-0432,1.374774,103.855926
AMK-0433,1.374705,103.855245
AMK-0434,1.37734,103.83646
AMK-0435,1.372061,103.842205
AMK-0436,1.36515,103.841694
AMK-0437,1.365751,103.843057
AMK-0438,1.370309,103.842265
AMK-0439,1.369955,103.842327
AMK-043A,1.371493,103.841291
AMK-043B,1.37069,103.839468
AMK-043C,1.365782,103.845712
AMK-043D,1.370077,103.837535
AMK-043E,1.371529,103.838752
AMK-043F,1.368368,103.849542
AMK-0440,1.367964,103.849075
AMK-0441,1.38757,103.838236
AMK-0442,1.385945,103.835747
AMK-0443,1.384684,103.837387
AMK-0444,1.384714,103.83648
AMK-0445,1.373695,103.837514
AMK-0446,1.370697,103.836409
AMK-0447,1.37281,103.836774
AMK-0448,1.373929,103.837157
AMK-0449,1.371869,103.836566
AMK-044A,1.37176,103.836395
AMK-044B,1.370067,103.853501
AMK-044C,1.370616,103.849026
AMK-044D,1.389031,103.84368
AMK-044E,1.386086,103.845533
AMK-044F,1.35917,103.854885
AMK-0450,1.371923,103.848477
AMK-0451,1.370868,103.848857
AMK-0452,1.383029,103.842296
AMK-0453,1.382686,103.841951
AMK-0454,1.383416,103.84186
AMK-0455,1.383425,103.842014
AMK-0456,1.383286,103.841214
AMK-0457,1.383373,103.841118
AMK-0458,1.378842,103.837139
AMK-0459,1.391012,103.846466
AMK-045A,1.390228,103.856444
BDK-0001,1.320993,103.912366
BDK-0002,1.337,103.933336
BDK-0003,1.317774,103.908394
BDK-0004,1.32875,103.905553
BDK-0005,1.330898,103.906631
BDK-0006,1.338063,103.93401
BDK-0008,1.321211,103.914838
BDK-0009,1.319743,103.914999
BDK-000A,1.321093,103.905298
BDK-000B,1.315842,103.905816
BDK-000C,1.321962,103.913795
BDK-000D,1.331569,103.909576
BDK-0012,1.324296,103.930209
BDK-0013,1.323674,103.92909
BDK-0015,1.323045,103.944207
BDK-0016,1.316705,103.93329
BDK-0017,1.338285,103.919124
BDK-0018,1.337287,103.921901
BDK-0019,1.31806,103.944748
BDK-001A,1.32129,103.955367
BDK-001B,1.326444,103.951162
BDK-001C,1.326794,103.951182
BDK-001D,1.331459,103.947382
BDK-001E,1.332946,103.947199
BDK-001F,1.333313,103.948687
BDK-0021,1.326815,103.946303
BDK-0022,1.308558,103.910777
BDK-0023,1.309418,103.914174
BDK-0024,1.308272,103.921589
BDK-0025,1.307932,103.921391
BDK-0028,1.313081,103.934059
BDK-0029,1.307776,103.931326
BDK-002B,1.317652,103.945096
BDK-002C,1.338865,103.922729
BDK-002D,1.303498,103.922828
BDK-002E,1.303778,103.920343
BDK-002F,1.305439,103.93071
BDK-0030,1.31603,103.914396
BDK-0031,1.315863,103.914398
BDK-0032,1.325506,103.907061
BDK-0033,1.32409,103.909651
BDK-0034,1.313033,103.917566
BDK-0035,1.323749,103.908222
BDK-0036,1.32382,103.908564
BDK-0037,1.324715,103.9242
BDK-0038,1.32464,103.925036
BDK-0039,1.324203,103.924617
BDK-003A,1.3241,103.925865
BDK-003B,1.324219,103.926342
BDK-003C,1.324718,103.926569
BDK-003D,1.325358,103.926272
BDK-0040,1.32578,103.926415
BDK-0041,1.327149,103.919457
BDK-0042,1.326414,103.919721
BDK-0044,1.327592,103.924693
BDK-0045,1.326789,103.925278
BDK-0046,1.326061,103.922852
BDK-0047,1.323577,103.924482
BDK-0048,1.323117,103.923455
BDK-0049,1.324304,103.923203
BDK-004A,1.325184,103.920091
BDK-004B,1.32581,103.921021
BDK-004C,1.326128,103.921109
BDK-004D,1.32429,103.922731
BDK-004E,1.32426,103.92213
BDK-004F,1.324326,103.921512
BDK-0050,1.327204,103.923342
BDK-0051,1.327452,103.923241
BDK-0052,1.328043,103.923568
BDK-0053,1.327125,103.923748
BDK-0054,1.327511,103.924048
BDK-0055,1.327798,103.923804
BDK-0056,1.32746,103.926272
BDK-0057,1.328018,103.926318
BDK-0058,1.328408,103.925944
BDK-0059,1.328926,103.925406
BDK-005A,1.328614,103.924299
BDK-005B,1.329155,103.922881
BDK-005C,1.328782,103.921353
BDK-005D,1.329386,103.92168
BDK-005E,1.325423,103.910847
BDK-005F,1.326038,103.910662
BDK-0060,1.32592,103.909758
BDK-0061,1.325377,103.909866
BDK-0062,1.324529,103.910247
BDK-0063,1.324788,103.91086
BDK-0064,1.32346,103.910927
BDK-0065,1.324364,103.91086
BDK-0066,1.323625,103.911203
BDK-0067,1.323265,103.911843
BDK-0068,1.32282,103.91129
BDK-0069,1.322914,103.911594
BDK-006A,1.322601,103.92361
BDK-006B,1.337395,103.921989
BDK-006C,1.323606,103.935503
BDK-006D,1.321918,103.939171
BDK-006E,1.323162,103.941292
BDK-006F,1.331336,103.939723
BDK-0070,1.333196,103.938982
BDK-0071,1.329297,103.939472
BDK-0072,1.327674,103.939182
BDK-0073,1.328559,103.940203
BDK-0074,1.333237,103.936787
BDK-0075,1.331897,103.934755
BDK-0076,1.325908,103.930099
BDK-0077,1.326574,103.931114
BDK-0079,1.325575,103.932456
BDK-007A,1.327395,103.933599
BDK-007B,1.328569,103.932586
BDK-007C,1.325149,103.933185
BDK-007D,1.325024,103.94271
BDK-007E,1.335346,103.909256
BDK-007F,1.324323,103.934893
BDK-0080,1.331576,103.935137
BDK-0081,1.329123,103.924596
BDK-0082,1.330806,103.924445
BDK-0083,1.332886,103.926577
BDK-0084,1.332162,103.933976
BDK-0085,1.30974,103.911832
BDK-0086,1.337238,103.919558
BDK-0087,1.336193,103.918828
BDK-0088,1.33546,103.922999
BDK-0089,1.336349,103.922474
BDK-008A,1.337736,103.924751
BDK-008B,1.33704,103.92539
BDK-008C,1.335908,103.924602
BDK-008D,1.336925,103.929499
BDK-008E,1.337417,103.929058
BDK-008F,1.337521,103.92146
BDK-0090,1.336848,103.921907
BDK-0091,1.336515,103.921006
BDK-0092,1.330255,103.909221
BDK-0094,1.331958,103.910401
BDK-0095,1.332295,103.911626
BDK-0096,1.33476,103.913148
BDK-0097,1.334232,103.911977
BDK-0098,1.336024,103.91248
BDK-0099,1.329938,103.911424
BDK-009A,1.331534,103.913862
BDK-009B,1.331847,103.915028
BDK-009C,1.333006,103.91647
BDK-009D,1.333717,103.91638
BDK-009E,1.334243,103.914626
BDK-009F,1.3327,103.914
BDK-00A1,1.330995,103.903856
BDK-00A2,1.330714,103.905378
BDK-00A3,1.331956,103.905626
BDK-00A4,1.33258,103.907527
BDK-00A5,1.333794,103.907014
BDK-00A6,1.332503,103.908211
BDK-00A8,1.331742,103.933274
BDK-00A9,1.332047,103.933658
BDK-00AA,1.333349,103.932457
BDK-00AB,1.333294,103.92885
BDK-00AC,1.330969,103.929974
BDK-00AD,1.331569,103.929219
BDK-00AE,1.330395,103.92787
BDK-00AF,1.330707,103.927193
BDK-00B0,1.334868,103.930834
BDK-00B2,1.334176,103.926892
BDK-00B3,1.334155,103.925242
BDK-00B4,1.333182,103.924186
BDK-00B5,1.333488,103.92306
BDK-00B6,1.33056,103.924378
BDK-00B7,1.329906,103.924953
BDK-00B8,1.332696,103.926607
BDK-00B9,1.332894,103.928001
BDK-00BA,1.332713,103.922684
BDK-00BB,1.336441,103.933054
BDK-00BC,1.317259,103.918282
BDK-00BD,1.320294,103.912938
BDK-00BE,1.319497,103.927758
BDK-00BF,1.323891,103.928236
BDK-00C0,1.327542,103.91453
BDK-00C1,1.339554,103.934417
BDK-00C2,1.338484,103.933195
BDK-00C3,1.341798,103.932533
BDK-00C4,1.30302,103.921602
BDK-00C5,1.304814,103.928837
BDK-00C7,1.308356,103.939707
BDK-00C9,1.31447,103.961367
BDK-00CA,1.328329,103.929959
BDK-00CB,1.335952,103.935699
BDK-00CD,1.326699,103.928962
BDK-00CE,1.336012,103.938134
BDK-00CF,1.336596,103.897666
BDK-00D0,1.313928,103.940266
BDK-00D1,1.337005,103.901041
BDK-00D2,1.312257,103.92325
BDK-00D3,1.336584,103.93367
BDK-00D4,1.336557,103.933602
BDK-00D5,1.336364,103.93268
BDK-00D6,1.336393,103.932755
BDK-00D7,1.3342,103.918982
BDK-00D8,1.335006,103.918148
BDK-00D9,1.334455,103.917882
BDK-00DA,1.334358,103.917776
BDK-00DB,1.335317,103.909367
BDK-00DC,1.334868,103.908885
BDK-00DD,1.326538,103.946052
BDK-00DE,1.326564,103.94582
BDK-00DF,1.327653,103.945812
BDK-00E0,1.327548,103.94613
BDK-00E1,1.327504,103.945799
BDK-00E2,1.327598,103.94625
BDK-00E3,1.323588,103.92945
BDK-00E4,1.323527,103.929122
BDK-00E5,1.324393,103.930808
BDK-00E8,1.32128,103.913527
BDK-00E9,1.321034,103.912361
BDK-00EB,1.320866,103.912243
BDK-00EC,1.340253,103.9099
BDK-00ED,1.320986,103.91233
BDK-00EE,1.321375,103.948393
BDK-00EF,1.325487,103.910878
BDK-00F0,1.325843,103.910649
BDK-00F1,1.325977,103.910814
BDK-00F2,1.325887,103.909705
BDK-00F3,1.325344,103.90989
BDK-00F4,1.325341,103.909842
BDK-00F5,1.324555,103.909957
BDK-00F6,1.324824,103.910117
BDK-00F7,1.324775,103.910855
BDK-00F8,1.324726,103.910915
BDK-00F9,1.323496,103.910968
BDK-00FA,1.324324,103.910787
BDK-00FB,1.324244,103.910634
BDK-00FC,1.323598,103.91128
BDK-00FD,1.323562,103.911698
BDK-00FF,1.323244,103.911843
BDK-0100,1.323222,103.912269
BDK-0101,1.322823,103.911333
BDK-0102,1.323138,103.911271
BDK-0103,1.322872,103.911297
BDK-0104,1.322779,103.911728
BDK-0105,1.322863,103.911706
BDK-0106,1.330577,103.905227
BDK-0107,1.330163,103.904846
BDK-0108,1.33084,103.904875
BDK-0109,1.331134,103.904638
BDK-010A,1.330984,103.90385
BDK-010B,1.331556,103.904307
BDK-010C,1.33181,103.904588
BDK-010D,1.33212,103.904927
BDK-010E,1.332083,103.905102
BDK-010F,1.331477,103.90543
BDK-0110,1.331154,103.905474
BDK-0111,1.331076,103.905863
BDK-0112,1.330737,103.905401
BDK-0113,1.331711,103.90662
BDK-0114,1.331223,103.906135
BDK-0115,1.331721,103.905713
BDK-0116,1.33222,103.905447
BDK-0117,1.332435,103.906234
BDK-0118,1.332102,103.907138
BDK-0119,1.332642,103.907852
BDK-011A,1.333219,103.907498
BDK-011B,1.332894,103.906799
BDK-011C,1.333214,103.906544
BDK-011D,1.333754,103.907612
BDK-011E,1.333859,103.907128
BDK-011F,1.333749,103.90633
BDK-0120,1.333597,103.906606
BDK-0121,1.334053,103.906194
BDK-0122,1.334332,103.906382
BDK-0123,1.334373,103.907977
BDK-0124,1.334468,103.908415
BDK-0125,1.334578,103.908874
BDK-0126,1.334221,103.908932
BDK-0127,1.334116,103.907951
BDK-0128,1.333649,103.90803
BDK-0129,1.333712,103.909072
BDK-012A,1.333329,103.909166
BDK-012B,1.333083,103.908353
BDK-012C,1.333371,103.908374
BDK-012D,1.332794,103.908254
BDK-012E,1.332432,103.909056
BDK-012F,1.320799,103.933267
BDK-0130,1.320937,103.93421
BDK-0131,1.32086,103.933675
BDK-0132,1.320887,103.933798
BDK-0133,1.320935,103.934129
BDK-0134,1.321226,103.933053
BDK-0135,1.321214,103.932917
BDK-0136,1.321339,103.9336
BDK-0137,1.321352,103.93369
BDK-0138,1.32187,103.932743
BDK-0139,1.32202,103.933534
BDK-013A,1.322006,103.933469
BDK-013B,1.321958,103.933078
BDK-013C,1.321989,103.933348
BDK-013D,1.32189,103.932828
BDK-013E,1.322379,103.932947
BDK-013F,1.322398,103.933026
BDK-0140,1.322423,103.933144
BDK-0141,1.322456,103.933373
BDK-0142,1.322511,103.93335
BDK-0143,1.322513,103.933586
BDK-0144,1.322538,103.933711
BDK-0145,1.322448,103.933278
BDK-0146,1.322494,103.933527
BDK-0147,1.322224,103.93432
BDK-0148,1.322119,103.934412
BDK-0149,1.321792,103.934221
BDK-014A,1.32192,103.934202
BDK-014B,1.322081,103.934239
BDK-014C,1.322358,103.934566
BDK-014D,1.322265,103.935132
BDK-014E,1.322213,103.934851
BDK-014F,1.322286,103.935276
BDK-0150,1.322249,103.934747
BDK-0151,1.322257,103.935201
BDK-0152,1.322163,103.934691
BDK-0153,1.322929,103.93552
BDK-0154,1.322649,103.935307
BDK-0155,1.32242,103.935301
BDK-0156,1.322875,103.936354
BDK-0157,1.32277,103.935971
BDK-0158,1.322772,103.935884
BDK-0159,1.322944,103.936261
BDK-015A,1.322934,103.936134
BDK-015B,1.322758,103.93579
BDK-015C,1.322984,103.93695
BDK-015E,1.321094,103.936562
BDK-015F,1.32113,103.937181
BDK-0160,1.321174,103.937322
BDK-0161,1.321015,103.936496
BDK-0162,1.320575,103.937106
BDK-0163,1.320533,103.936629
BDK-0164,1.321379,103.936252
BDK-0165,1.320803,103.934897
BDK-0166,1.321019,103.935948
BDK-0167,1.32088,103.935072
BDK-0168,1.320885,103.935274
BDK-0169,1.320914,103.935434
BDK-016A,1.320935,103.935603
BDK-016B,1.320973,103.935761
BDK-016C,1.320702,103.935297
BDK-016D,1.320294,103.935078
BDK-016E,1.320675,103.935147
BDK-016F,1.320506,103.935041
BDK-0170,1.319825,103.935297
BDK-0171,1.32004,103.935124
BDK-0172,1.321274,103.934608
BDK-0173,1.319806,103.934166
BDK-0174,1.319846,103.93435
BDK-0175,1.320005,103.933613
BDK-0176,1.319854,103.933629
BDK-0177,1.320051,103.933817
BDK-0178,1.320187,103.933044
BDK-0179,1.320221,103.933252
BDK-017A,1.320053,103.933076
BDK-017B,1.320089,103.93328
BDK-017C,1.322863,103.933026
BDK-017D,1.322814,103.93288
BDK-017E,1.322802,103.932747
BDK-017F,1.322789,103.93267
BDK-0180,1.323359,103.933109
BDK-0181,1.323252,103.932597
BDK-0182,1.323353,103.932986
BDK-0183,1.324204,103.933234
BDK-0184,1.324757,103.922827
BDK-0185,1.323357,103.923795
BDK-0186,1.324323,103.923532
BDK-0187,1.32373,103.935382
BDK-0188,1.323766,103.935253
BDK-0189,1.323734,103.935016
BDK-018A,1.323763,103.935137
BDK-018B,1.323698,103.934818
BDK-018C,1.323625,103.934537
BDK-018D,1.324852,103.924296
BDK-018E,1.324538,103.925232
BDK-018F,1.323036,103.938113
BDK-0190,1.322964,103.938129
BDK-0191,1.323052,103.9382
BDK-0192,1.322977,103.938219
BDK-0193,1.323088,103.938068
BDK-0194,1.322734,103.937885
BDK-0195,1.322676,103.937853
BDK-0196,1.32258,103.937787
BDK-0197,1.322607,103.937861
BDK-0198,1.323745,103.92478
BDK-0199,1.323927,103.925913
BDK-019A,1.323956,103.925744
BDK-019B,1.322807,103.938948
BDK-019C,1.322783,103.938805
BDK-019D,1.322825,103.939064
BDK-019E,1.324245,103.92634
BDK-019F,1.324129,103.926311
BDK-01A0,1.322119,103.938669
BDK-01A1,1.322009,103.938052
BDK-01A2,1.322057,103.938282
BDK-01A3,1.322097,103.938561
BDK-01A4,1.321985,103.93792
BDK-01A5,1.322033,103.938176
BDK-01A6,1.322151,103.938812
BDK-01A7,1.322236,103.939321
BDK-01A8,1.3223,103.939629
BDK-01A9,1.322353,103.939904
BDK-01AA,1.324769,103.926586
BDK-01AB,1.324753,103.926668
BDK-01AC,1.322281,103.939541
BDK-01AD,1.322417,103.940214
BDK-01AE,1.321689,103.938778
BDK-01AF,1.321676,103.938638
BDK-01B0,1.321639,103.938497
BDK-01B1,1.321585,103.938227
BDK-01B2,1.321559,103.938081
BDK-01B3,1.325567,103.925646
BDK-01B4,1.321713,103.938903
BDK-01B5,1.32194,103.939968
BDK-01B6,1.321881,103.939719
BDK-01B7,1.321828,103.939494
BDK-01B8,1.32531,103.925937
BDK-01B9,1.32198,103.94019
BDK-01BA,1.325224,103.926372
BDK-01BB,1.325942,103.925777
BDK-01BC,1.32598,103.925556
BDK-01BD,1.320975,103.938651
BDK-01BE,1.320801,103.938799
BDK-01BF,1.320822,103.939075
BDK-01C0,1.326285,103.926093
BDK-01C1,1.326335,103.925851
BDK-01C2,1.321417,103.939804
BDK-01C3,1.32146,103.940002
BDK-01C4,1.326132,103.92652
BDK-01C5,1.321009,103.940039
BDK-01C6,1.320977,103.939785
BDK-01C7,1.320921,103.939528
BDK-01C8,1.325843,103.926459
BDK-01C9,1.321028,103.940675
BDK-01CA,1.320988,103.94053
BDK-01CB,1.321049,103.9408
BDK-01CC,1.321094,103.941067
BDK-01CD,1.32107,103.940935
BDK-01CE,1.327438,103.926432
BDK-01CF,1.321497,103.940845
BDK-01D0,1.321516,103.940935
BDK-01D1,1.32807,103.926309
BDK-01D2,1.321422,103.940463
BDK-01D3,1.321465,103.940657
BDK-01D4,1.321521,103.941414
BDK-01D5,1.328412,103.926018
BDK-01D6,1.328247,103.925213
BDK-01D7,1.328375,103.925804
BDK-01D8,1.328404,103.925956
BDK-01D9,1.328268,103.925271
BDK-01DA,1.321574,103.94182
BDK-01DB,1.328466,103.926247
BDK-01DC,1.321553,103.9416
BDK-01DD,1.329065,103.925808
BDK-01DE,1.321081,103.941446
BDK-01DF,1.321102,103.941595
BDK-01E0,1.321166,103.941923
BDK-01E1,1.328945,103.925283
BDK-01E2,1.32909,103.926059
BDK-01E3,1.321134,103.941764
BDK-01E4,1.328685,103.924589
BDK-01E5,1.328702,103.924031
BDK-01E6,1.328871,103.924877
BDK-01E7,1.328664,103.924351
BDK-01E8,1.328652,103.924434
BDK-01E9,1.32897,103.922972
BDK-01EA,1.32883,103.92191
BDK-01EB,1.328842,103.922349
BDK-01EC,1.328858,103.922562
BDK-01ED,1.32883,103.921696
BDK-01EE,1.328664,103.920642
BDK-01EF,1.328702,103.920896
BDK-01F0,1.328788,103.921282
BDK-01F1,1.328466,103.919919
BDK-01F2,1.328574,103.920231
BDK-01F3,1.328384,103.919677
BDK-01F4,1.329441,103.921614
BDK-01F5,1.329189,103.92099
BDK-01F6,1.3293,103.920986
BDK-01F8,1.326438,103.919737
BDK-01F9,1.325976,103.919712
BDK-01FA,1.325311,103.920126
BDK-01FB,1.325146,103.920065
BDK-01FC,1.325096,103.920824
BDK-01FD,1.325178,103.920463
BDK-01FE,1.325274,103.921518
BDK-01FF,1.325918,103.921795
BDK-0200,1.318395,103.943787
BDK-0201,1.318884,103.943997
BDK-0202,1.318919,103.944195
BDK-0203,1.319016,103.943957
BDK-0204,1.318652,103.943274
BDK-0205,1.318701,103.943483
BDK-0206,1.319998,103.943003
BDK-0207,1.320003,103.943111
BDK-0208,1.320458,103.942914
BDK-0209,1.320405,103.942585
BDK-020A,1.320438,103.943767
BDK-020B,1.3203,103.943792
BDK-020C,1.327606,103.942504
BDK-020D,1.32747,103.941844
BDK-020E,1.327491,103.941967
BDK-020F,1.327536,103.942217
BDK-0210,1.328011,103.942431
BDK-0211,1.327912,103.942234
BDK-0212,1.327871,103.941754
BDK-0213,1.328259,103.941774
BDK-0214,1.328238,103.941651
BDK-0215,1.3288,103.942435
BDK-0216,1.328668,103.941733
BDK-0217,1.328643,103.94161
BDK-0218,1.328742,103.942217
BDK-0219,1.328709,103.941971
BDK-021A,1.327264,103.940719
BDK-021B,1.327326,103.941011
BDK-021C,1.327342,103.941163
BDK-021D,1.327292,103.940834
BDK-021E,1.327222,103.940576
BDK-021F,1.32771,103.940748
BDK-0220,1.327759,103.940945
BDK-0221,1.327672,103.94058
BDK-0222,1.327792,103.941093
BDK-0223,1.327656,103.94042
BDK-0224,1.328527,103.940691
BDK-0225,1.328478,103.940896
BDK-0226,1.328569,103.940962
BDK-0227,1.328461,103.940338
BDK-0228,1.32856,103.940814
BDK-0229,1.328494,103.940502
BDK-022A,1.328965,103.940937
BDK-022B,1.328916,103.940338
BDK-022C,1.329023,103.94083
BDK-022D,1.32899,103.940732
BDK-022E,1.328883,103.94019
BDK-022F,1.328965,103.940584
BDK-0230,1.329576,103.940486
BDK-0231,1.329461,103.940256
BDK-0232,1.329601,103.940682
BDK-0233,1.332297,103.939471
BDK-0234,1.332108,103.939229
BDK-0235,1.331929,103.939546
BDK-0236,1.331859,103.939262
BDK-0237,1.331686,103.939321
BDK-0238,1.331514,103.9396
BDK-0239,1.331487,103.939364
BDK-023A,1.331595,103.938961
BDK-023B,1.331757,103.93858
BDK-023C,1.3316,103.938891
BDK-023D,1.332,103.938371
BDK-023E,1.332599,103.938977
BDK-023F,1.332664,103.938886
BDK-0240,1.332437,103.939122
BDK-0241,1.332399,103.93894
BDK-0242,1.332513,103.938526
BDK-0243,1.332686,103.938564
BDK-0244,1.333047,103.939068
BDK-0245,1.333096,103.939267
BDK-0246,1.332966,103.939524
BDK-0247,1.332739,103.939562
BDK-0248,1.332988,103.938795
BDK-0249,1.33295,103.939353
BDK-024A,1.33282,103.93939
BDK-024B,1.333231,103.939482
BDK-024C,1.333042,103.937968
BDK-024D,1.33282,103.938038
BDK-024E,1.332561,103.938087
BDK-024F,1.332167,103.94067
BDK-0250,1.332105,103.9403
BDK-0251,1.332529,103.940171
BDK-0252,1.332623,103.940688
BDK-0253,1.332425,103.941352
BDK-0254,1.332951,103.941396
BDK-0255,1.332843,103.941212
BDK-0256,1.333822,103.941986
BDK-0257,1.333811,103.941825
BDK-0258,1.333269,103.940288
BDK-0259,1.333188,103.940304
BDK-025A,1.333285,103.94039
BDK-025B,1.333204,103.940368
BDK-025C,1.332514,103.941554
BDK-025D,1.333004,103.939928
BDK-025E,1.33295,103.940036
BDK-025F,1.332896,103.939977
BDK-0260,1.33417,103.939885
BDK-0261,1.334268,103.939891
BDK-0262,1.333922,103.939499
BDK-0263,1.33436,103.939016
BDK-0264,1.334132,103.938883
BDK-0265,1.334535,103.93815
BDK-0266,1.334497,103.937946
BDK-0267,1.334443,103.937715
BDK-0268,1.333876,103.937398
BDK-0269,1.333952,103.93771
BDK-026A,1.333525,103.937766
BDK-026B,1.333504,103.937686
BDK-026C,1.333234,103.937283
BDK-026D,1.333147,103.936832
BDK-026E,1.333266,103.936307
BDK-026F,1.333752,103.936628
BDK-0270,1.333682,103.936221
BDK-0271,1.334422,103.936851
BDK-0272,1.33447,103.937071
BDK-0273,1.334481,103.937313
BDK-0274,1.332251,103.936162
BDK-0275,1.332348,103.936663
BDK-0276,1.332378,103.936368
BDK-0277,1.332275,103.935955
BDK-0278,1.332786,103.936355
BDK-0279,1.332729,103.935926
BDK-027A,1.332812,103.936586
BDK-027B,1.332143,103.935212
BDK-027C,1.332116,103.934979
BDK-027D,1.331938,103.935046
BDK-027E,1.331981,103.934605
BDK-027F,1.3322,103.934434
BDK-0280,1.332497,103.934826
BDK-0281,1.332434,103.934528
BDK-0282,1.332561,103.935242
BDK-0283,1.33151,103.935446
BDK-0284,1.331543,103.93575
BDK-0285,1.331055,103.9352
BDK-0286,1.330948,103.935208
BDK-0287,1.331171,103.935873
BDK-0288,1.331122,103.935651
BDK-0289,1.331064,103.935389
BDK-028A,1.33039,103.935122
BDK-028B,1.330366,103.934892
BDK-028C,1.330547,103.935967
BDK-028D,1.330473,103.935631
BDK-028E,1.331568,103.937301
BDK-028F,1.331642,103.936562
BDK-0290,1.331766,103.937367
BDK-0291,1.330973,103.937736
BDK-0292,1.331171,103.938434
BDK-0293,1.33103,103.938007
BDK-0294,1.330659,103.938475
BDK-0295,1.33084,103.93886
BDK-0296,1.330584,103.93813
BDK-0297,1.330531,103.937707
BDK-0298,1.330432,103.937297
BDK-0299,1.330473,103.93751
BDK-029A,1.330138,103.938278
BDK-029B,1.330271,103.939082
BDK-029C,1.330213,103.938655
BDK-029D,1.33001,103.937584
BDK-029E,1.330043,103.937806
BDK-029F,1.329969,103.937346
BDK-02A0,1.3297,103.939353
BDK-02A1,1.329626,103.938557
BDK-02A2,1.329709,103.938984
BDK-02A3,1.329577,103.938327
BDK-02A4,1.329742,103.939205
BDK-02A5,1.328936,103.937346
BDK-02A6,1.328887,103.937486
BDK-02A7,1.329482,103.937248
BDK-02A8,1.328713,103.937461
BDK-02A9,1.329238,103.938811
BDK-02AA,1.329362,103.939328
BDK-02AB,1.328866,103.939156
BDK-02AC,1.328924,103.939443
BDK-02AD,1.328833,103.938852
BDK-02AE,1.328176,103.9387
BDK-02AF,1.328234,103.939102
BDK-02B0,1.328069,103.938208
BDK-02B1,1.328011,103.93806
BDK-02B2,1.327986,103.937781
BDK-02B3,1.327755,103.939447
BDK-02B4,1.327582,103.939102
BDK-02B5,1.327747,103.939029
BDK-02B6,1.327887,103.939398
BDK-02B7,1.327408,103.937929
BDK-02B8,1.327557,103.938036
BDK-02B9,1.327233,103.936964
BDK-02BA,1.32712,103.937027
BDK-02BB,1.32712,103.936694
BDK-02BC,1.327245,103.937139
BDK-02BD,1.326914,103.935711
BDK-02BE,1.326902,103.935595
BDK-02BF,1.327738,103.936421
BDK-02C0,1.327815,103.93706
BDK-02C1,1.327769,103.936925
BDK-02C2,1.327543,103.935786
BDK-02C3,1.327593,103.936013
BDK-02C4,1.327551,103.935849
BDK-02C5,1.328333,103.936812
BDK-02C6,1.328241,103.936367
BDK-02C7,1.328264,103.936444
BDK-02C8,1.328358,103.936919
BDK-02C9,1.32867,103.936384
BDK-02CA,1.328777,103.935293
BDK-02CB,1.328762,103.935216
BDK-02CC,1.328823,103.93547
BDK-02CD,1.328888,103.935874
BDK-02CE,1.329971,103.936342
BDK-02CF,1.329917,103.936278
BDK-02D0,1.329347,103.93512
BDK-02D1,1.329382,103.935222
BDK-02D2,1.329397,103.935407
BDK-02D3,1.329464,103.935763
BDK-02D4,1.329787,103.93511
BDK-02D5,1.329762,103.935037
BDK-02D6,1.318272,103.945382
BDK-02D7,1.31833,103.945595
BDK-02D8,1.318639,103.945406
BDK-02D9,1.319048,103.945662
BDK-02DA,1.319374,103.945552
BDK-02DB,1.319218,103.94506
BDK-02DC,1.319763,103.94679
BDK-02DD,1.320112,103.946852
BDK-02DE,1.320062,103.946367
BDK-02DF,1.320253,103.945863
BDK-02E0,1.320393,103.946409
BDK-02E1,1.31967,103.9447
BDK-02E2,1.319591,103.944852
BDK-02E3,1.32042,103.945255
BDK-02E4,1.320437,103.945313
BDK-02E5,1.320626,103.945816
BDK-02E6,1.320959,103.945602
BDK-02E7,1.320374,103.944457
BDK-02E8,1.320657,103.944726
BDK-02E9,1.326702,103.940695
BDK-02EA,1.326805,103.940695
BDK-02EB,1.326797,103.940838
BDK-02EC,1.326867,103.940764
BDK-02ED,1.326772,103.941306
BDK-02EE,1.326656,103.94131
BDK-02EF,1.327024,103.941573
BDK-02F0,1.3269,103.941819
BDK-02F1,1.327057,103.941676
BDK-02F2,1.326904,103.941704
BDK-02F3,1.326375,103.941782
BDK-02F4,1.326326,103.941815
BDK-02F5,1.326346,103.941942
BDK-02F6,1.326396,103.941918
BDK-02F7,1.326565,103.941827
BDK-02F8,1.326169,103.940777
BDK-02F9,1.326363,103.940814
BDK-02FA,1.326122,103.9281
BDK-02FB,1.326139,103.92787
BDK-02FC,1.325685,103.92765
BDK-02FD,1.325701,103.927424
BDK-02FE,1.326512,103.92988
BDK-0300,1.325924,103.930149
BDK-0301,1.325951,103.9311
BDK-0302,1.325846,103.930376
BDK-0303,1.32576,103.931132
BDK-0304,1.325507,103.930636
BDK-0306,1.324532,103.931204
BDK-0307,1.324409,103.931175
BDK-0308,1.324941,103.931417
BDK-0309,1.324522,103.931354
BDK-030A,1.324757,103.93094
BDK-030B,1.325377,103.931585
BDK-030C,1.325146,103.931677
BDK-030D,1.324912,103.931731
BDK-030E,1.324681,103.931875
BDK-030F,1.325287,103.93159
BDK-0310,1.326458,103.933282
BDK-0311,1.326186,103.931827
BDK-0312,1.325959,103.933092
BDK-0313,1.325737,103.931912
BDK-0314,1.326343,103.933696
BDK-0315,1.326284,103.933657
BDK-0316,1.326856,103.9337
BDK-0317,1.326734,103.933546
BDK-0318,1.325578,103.933654
BDK-0319,1.32554,103.934835
BDK-031A,1.325555,103.934914
BDK-031B,1.330953,103.933419
BDK-031C,1.331045,103.93388
BDK-031D,1.330982,103.933562
BDK-031E,1.330617,103.93405
BDK-031F,1.330523,103.933524
BDK-0320,1.330475,103.933302
BDK-0321,1.330588,103.933892
BDK-0322,1.329826,103.933902
BDK-0323,1.329744,103.93356
BDK-0324,1.329785,103.93373
BDK-0325,1.32985,103.934062
BDK-0326,1.329715,103.933431
BDK-0327,1.329876,103.934248
BDK-0328,1.329441,103.934274
BDK-0329,1.329405,103.934069
BDK-032A,1.329419,103.934184
BDK-032B,1.329453,103.934365
BDK-032C,1.329376,103.933964
BDK-032D,1.328724,103.934093
BDK-032E,1.328659,103.934174
BDK-032F,1.328234,103.934473
BDK-0330,1.328166,103.934552
BDK-0331,1.328474,103.933668
BDK-0332,1.328501,103.932735
BDK-0333,1.328547,103.932963
BDK-0334,1.328045,103.932735
BDK-0335,1.328026,103.932546
BDK-0336,1.327925,103.932077
BDK-0337,1.327872,103.931777
BDK-0338,1.327954,103.932228
BDK-0339,1.328289,103.931625
BDK-033A,1.328373,103.932043
BDK-033B,1.328315,103.931781
BDK-033C,1.328342,103.931913
BDK-033D,1.328732,103.931228
BDK-033E,1.330234,103.931142
BDK-033F,1.330313,103.931063
BDK-0340,1.329985,103.929995
BDK-0341,1.330054,103.929929
BDK-0342,1.329632,103.930269
BDK-0343,1.329593,103.930328
BDK-0344,1.328525,103.930755
BDK-0345,1.327997,103.930863
BDK-0346,1.327527,103.930549
BDK-0347,1.327583,103.930468
BDK-0348,1.328636,103.929893
BDK-0349,1.328231,103.929967
BDK-034A,1.328944,103.929838
BDK-034B,1.327973,103.930027
BDK-034C,1.3268,103.928656
BDK-034D,1.326858,103.928485
BDK-034E,1.327031,103.927992
BDK-034F,1.327031,103.927767
BDK-0350,1.326944,103.928247
BDK-0351,1.327692,103.928644
BDK-0352,1.327738,103.928857
BDK-0353,1.327596,103.928485
BDK-0354,1.327813,103.929245
BDK-0355,1.328267,103.929045
BDK-0356,1.328234,103.92884
BDK-0357,1.328212,103.928715
BDK-0358,1.328318,103.929211
BDK-0359,1.328735,103.929036
BDK-035A,1.328646,103.928617
BDK-035B,1.328699,103.928859
BDK-035C,1.328021,103.927858
BDK-035D,1.32792,103.927317
BDK-035E,1.327948,103.927457
BDK-035F,1.327997,103.92769
BDK-0360,1.328426,103.927494
BDK-0361,1.328395,103.927343
BDK-0362,1.328356,103.927173
BDK-0363,1.329347,103.928974
BDK-0364,1.329323,103.928811
BDK-0365,1.329371,103.929134
BDK-0366,1.329397,103.929275
BDK-0367,1.329819,103.929041
BDK-0368,1.329773,103.928756
BDK-0369,1.32914,103.927882
BDK-036A,1.329183,103.928128
BDK-036B,1.329164,103.928023
BDK-036C,1.329058,103.927518
BDK-036D,1.329031,103.927338
BDK-036E,1.329082,103.927683
BDK-036F,1.329202,103.928224
BDK-0370,1.329631,103.9281
BDK-0371,1.329542,103.927671
BDK-0372,1.32961,103.927987
BDK-0373,1.329576,103.927827
BDK-0374,1.329465,103.927319
BDK-0375,1.329441,103.927163
BDK-0376,1.331604,103.931023
BDK-0377,1.331645,103.931236
BDK-0378,1.331579,103.93087
BDK-0379,1.331692,103.931442
BDK-037A,1.331711,103.931617
BDK-037B,1.331554,103.930717
BDK-037C,1.33124,103.931211
BDK-037D,1.331302,103.931639
BDK-037E,1.33117,103.930851
BDK-037F,1.331438,103.932242
BDK-0380,1.331475,103.932454
BDK-0381,1.331403,103.932082
BDK-0382,1.331522,103.932673
BDK-0383,1.331566,103.932895
BDK-0384,1.331843,103.932217
BDK-0385,1.331815,103.932079
BDK-0386,1.331875,103.93236
BDK-0387,1.331909,103.932517
BDK-0388,1.331799,103.931939
BDK-0389,1.331865,103.933345
BDK-038A,1.332139,103.933762
BDK-038B,1.332202,103.933757
BDK-038C,1.332083,103.933776
BDK-038D,1.332925,103.932292
BDK-038E,1.332978,103.932601
BDK-038F,1.333032,103.932904
BDK-0390,1.3334,103.932473
BDK-0391,1.333453,103.932767
BDK-0392,1.333343,103.932179
BDK-0393,1.332346,103.931167
BDK-0394,1.332142,103.931033
BDK-0395,1.332268,103.93053
BDK-0396,1.333029,103.930267
BDK-0397,1.333315,103.928968
BDK-0398,1.333381,103.929346
BDK-0399,1.333438,103.929558
BDK-039A,1.333287,103.928758
BDK-039B,1.33301,103.929446
BDK-039C,1.333041,103.929661
BDK-039D,1.332947,103.92914
BDK-039E,1.332894,103.928874
BDK-039F,1.332378,103.928883
BDK-03A0,1.332089,103.928946
BDK-03A1,1.331013,103.930095
BDK-03A2,1.33113,103.930074
BDK-03A3,1.33112,103.929318
BDK-03A4,1.331082,103.929108
BDK-03A5,1.331045,103.928958
BDK-03A6,1.331164,103.929517
BDK-03A7,1.331639,103.929496
BDK-03A8,1.331564,103.929133
BDK-03A9,1.331498,103.92884
BDK-03AA,1.33084,103.927843
BDK-03AB,1.330793,103.927637
BDK-03AC,1.33052,103.928358
BDK-03AD,1.330469,103.92819
BDK-03AE,1.330548,103.928518
BDK-03AF,1.3303,103.927312
BDK-03B0,1.330252,103.92708
BDK-03B1,1.330202,103.926837
BDK-03B2,1.330693,103.92723
BDK-03B3,1.330674,103.926977
BDK-03B4,1.330627,103.926734
BDK-03B5,1.334464,103.931107
BDK-03B6,1.334419,103.930936
BDK-03B7,1.33434,103.930517
BDK-03B8,1.334283,103.930255
BDK-03B9,1.334381,103.93075
BDK-03BA,1.334919,103.931098
BDK-03BB,1.334755,103.930192
BDK-03BC,1.334903,103.930992
BDK-03BD,1.334881,103.930845
BDK-03BE,1.334834,103.930667
BDK-03BF,1.334799,103.930414
BDK-03C0,1.33467,103.929736
BDK-03C1,1.334742,103.928986
BDK-03C2,1.334887,103.928583
BDK-03C3,1.334607,103.929411
BDK-03C4,1.334862,103.928405
BDK-03C5,1.334645,103.929218
BDK-03C6,1.334645,103.929608
BDK-03C7,1.334173,103.929318
BDK-03C8,1.334217,103.929127
BDK-03C9,1.334161,103.929705
BDK-03CA,1.33412,103.929499
BDK-03CB,1.33396,103.928162
BDK-03CC,1.333828,103.928184
BDK-03CD,1.33385,103.928465
BDK-03CE,1.333799,103.928321
BDK-03CF,1.334875,103.927752
BDK-03D0,1.334787,103.927684
BDK-03D1,1.334645,103.927602
BDK-03D2,1.334444,103.927643
BDK-03D3,1.334302,103.926434
BDK-03D4,1.334219,103.92683
BDK-03D5,1.334229,103.926997
BDK-03D6,1.334276,103.926528
BDK-03D7,1.334397,103.926001
BDK-03D8,1.334245,103.926669
BDK-03D9,1.33371,103.927018
BDK-03DA,1.333788,103.926757
BDK-03DB,1.333652,103.927226
BDK-03DC,1.333888,103.925136
BDK-03DD,1.33414,103.925235
BDK-03DE,1.33356,103.924367
BDK-03DF,1.333731,103.92384
BDK-03E0,1.333169,103.924171
BDK-03E1,1.333022,103.924844
BDK-03E2,1.332752,103.923632
BDK-03E3,1.333463,103.923038
BDK-03E4,1.333245,103.922941
BDK-03E5,1.331802,103.924758
BDK-03E6,1.331016,103.921823
BDK-03E7,1.33122,103.922344
BDK-03E8,1.331162,103.92201
BDK-03E9,1.331294,103.922725
BDK-03EA,1.33132,103.922907
BDK-03EB,1.330638,103.922626
BDK-03EC,1.330223,103.922897
BDK-03ED,1.330365,103.923371
BDK-03EE,1.330517,103.924028
BDK-03EF,1.33015,103.924575
BDK-03F0,1.330129,103.924456
BDK-03F1,1.33006,103.924096
BDK-03F2,1.330034,103.923913
BDK-03F3,1.330784,103.925331
BDK-03F4,1.330858,103.925675
BDK-03F5,1.330304,103.925316
BDK-03F6,1.330244,103.925144
BDK-03F7,1.330152,103.925071
BDK-03F8,1.330388,103.925767
BDK-03F9,1.331328,103.926871
BDK-03FA,1.331366,103.927118
BDK-03FB,1.331274,103.926643
BDK-03FC,1.331755,103.927024
BDK-03FD,1.33233,103.926304
BDK-03FE,1.332629,103.92646
BDK-03FF,1.332713,103.92671
BDK-0400,1.331919,103.927784
BDK-0401,1.331957,103.927987
BDK-0402,1.331872,103.92753
BDK-0403,1.331529,103.927984
BDK-0404,1.331542,103.928165
BDK-0405,1.331485,103.927734
BDK-0406,1.331447,103.927559
BDK-0407,1.332265,103.92833
BDK-0408,1.332529,103.928262
BDK-0409,1.332626,103.922469
BDK-040A,1.332789,103.922699
BDK-040B,1.333054,103.922149
BDK-040C,1.324092,103.922667
BDK-040D,1.324447,103.922174
BDK-040E,1.324377,103.921468
BDK-040F,1.32795,103.922312
BDK-0410,1.327178,103.922496
BDK-0411,1.325893,103.922037
BDK-0412,1.32536,103.921838
BDK-0413,1.325273,103.922634
BDK-0414,1.325212,103.922925
BDK-0415,1.323845,103.933292
BDK-0416,1.323912,103.933667
BDK-0417,1.323613,103.923208
BDK-0418,1.32332,103.923356
BDK-0419,1.323737,103.923167
BDK-041A,1.324831,103.923865
BDK-041B,1.323506,103.936365
BDK-041C,1.323598,103.936902
BDK-041D,1.323592,103.936835
BDK-041E,1.323364,103.941942
BDK-041F,1.323497,103.942657
BDK-0420,1.323399,103.942112
BDK-0421,1.323457,103.942443
BDK-0422,1.323431,103.942274
BDK-0423,1.32354,103.942855
BDK-0424,1.323944,103.942714
BDK-0425,1.323876,103.942357
BDK-0426,1.323901,103.942516
BDK-0427,1.324315,103.942365
BDK-0428,1.324341,103.942522
BDK-0429,1.324927,103.942603
BDK-042A,1.324819,103.942627
BDK-042B,1.324845,103.942524
BDK-042C,1.325048,103.94218
BDK-042D,1.325159,103.942154
BDK-042E,1.325084,103.942084
BDK-042F,1.324736,103.940735
BDK-0430,1.32447,103.940856
BDK-0431,1.324068,103.941521
BDK-0432,1.323931,103.94156
BDK-0433,1.32414,103.941317
BDK-0434,1.324234,103.94049
BDK-0435,1.323944,103.940726
BDK-0436,1.32408,103.940523
BDK-0437,1.324998,103.940527
BDK-0438,1.322503,103.941221
BDK-0439,1.322433,103.941245
BDK-043A,1.322484,103.941301
BDK-043B,1.322761,103.940822
BDK-043C,1.322756,103.940748
BDK-043D,1.32338,103.940299
BDK-043E,1.323345,103.940084
BDK-043F,1.3233,103.939879
BDK-0440,1.323785,103.939864
BDK-0441,1.323755,103.939727
BDK-0442,1.323817,103.94002
BDK-0443,1.32423,103.939918
BDK-0444,1.324264,103.940092
BDK-0445,1.324705,103.939834
BDK-0446,1.324722,103.940045
BDK-0447,1.324656,103.939618
BDK-0448,1.329822,103.940018
BDK-0449,1.329818,103.939983
BDK-044A,1.330797,103.940013
BDK-044B,1.330794,103.940046
BDK-044C,1.330961,103.939856
BDK-044D,1.330778,103.939887
BDK-044E,1.331741,103.941429
BDK-044F,1.331506,103.941294
BDK-0450,1.33145,103.941096
BDK-0451,1.324792,103.933578
BDK-0452,1.325479,103.933194
BDK-0453,1.32483,103.933838
BDK-0454,1.324809,103.933727
BDK-0455,1.324763,103.933442
BDK-0456,1.325785,103.934683
BDK-0457,1.325611,103.933802
BDK-0458,1.325741,103.934464
BDK-0459,1.324985,103.93455
BDK-045A,1.324907,103.934152
BDK-045B,1.324972,103.934423
BDK-045C,1.324932,103.934289
BDK-045D,1.325077,103.935047
BDK-045E,1.327194,103.923379
BDK-045F,1.327297,103.923202
BDK-0460,1.327062,103.92397
BDK-0461,1.322477,103.936154
BDK-0462,1.324074,103.934722
BDK-0463,1.324042,103.934602
BDK-0464,1.324182,103.935264
BDK-0465,1.324187,103.935368
BDK-0466,1.324,103.934454
BDK-0467,1.333984,103.942812
BDK-0468,1.32999,103.940942
BDK-0469,1.32998,103.940898
BDK-046A,1.330507,103.939873
BDK-046B,1.331804,103.941557
BDK-046C,1.331949,103.941563
BDK-046D,1.332095,103.941591
BDK-046E,1.333683,103.930414
BDK-046F,1.327603,103.92358
BDK-0470,1.32759,103.923473
BDK-0471,1.327512,103.923949
BDK-0472,1.327396,103.923933
BDK-0473,1.321775,103.936338
BDK-0474,1.323051,103.94122
BDK-0475,1.333541,103.942667
BDK-0476,1.333501,103.942528
BDK-0477,1.33342,103.942378
BDK-0478,1.327921,103.923157
BDK-0479,1.327904,103.924245
BDK-047A,1.327871,103.924294
BDK-047B,1.321595,103.937206
BDK-047C,1.323902,103.936065
BDK-047D,1.323893,103.936175
BDK-047E,1.32391,103.936234
BDK-047F,1.323923,103.936346
BDK-0480,1.324032,103.936696
BDK-0481,1.323862,103.935917
BDK-0482,1.333709,103.941342
BDK-0483,1.322234,103.937124
BDK-0484,1.333309,103.941004
BDK-0485,1.333271,103.940865
BDK-0486,1.327326,103.924819
BDK-0487,1.327326,103.924663
BDK-0488,1.327438,103.924667
BDK-0489,1.326785,103.925287
BDK-048A,1.326926,103.924832
BDK-048B,1.330696,103.936468
BDK-048C,1.32857,103.909995
BDK-048D,1.328749,103.909661
BDK-048F,1.329147,103.909067
BDK-0490,1.329504,103.909468
BDK-0491,1.329835,103.909453
BDK-0492,1.330281,103.909056
BDK-0493,1.330165,103.910162
BDK-0494,1.329656,103.910375
BDK-0495,1.330564,103.909812
BDK-0496,1.330533,103.910162
BDK-0497,1.330643,103.909051
BDK-0498,1.330706,103.908603
BDK-0499,1.331031,103.908749
BDK-049A,1.331435,103.909187
BDK-049B,1.330868,103.910084
BDK-049C,1.330889,103.909948
BDK-049D,1.330916,103.909802
BDK-049E,1.332096,103.911111
BDK-049F,1.332296,103.910193
BDK-04A0,1.332574,103.909849
BDK-04A1,1.332936,103.909854
BDK-04A2,1.333355,103.911356
BDK-04A3,1.333361,103.912336
BDK-04A4,1.333109,103.911637
BDK-04A5,1.33272,103.911668
BDK-04A6,1.332343,103.911762
BDK-04A7,1.332686,103.912437
BDK-04A8,1.333245,103.912732
BDK-04A9,1.333906,103.913639
BDK-04AA,1.333938,103.913206
BDK-04AB,1.33483,103.913801
BDK-04AC,1.334788,103.913165
BDK-04AD,1.335181,103.913201
BDK-04AE,1.33536,103.913717
BDK-04AF,1.33579,103.913582
BDK-04B0,1.33442,103.912404
BDK-04B1,1.3342,103.911924
BDK-04B2,1.334462,103.911747
BDK-04B3,1.334825,103.911564
BDK-04B4,1.335192,103.91158
BDK-04B5,1.335349,103.911908
BDK-04B6,1.335654,103.912524
BDK-04B7,1.335874,103.912972
BDK-04B8,1.335491,103.911434
BDK-04B9,1.335633,103.911658
BDK-04BA,1.330228,103.911997
BDK-04BB,1.329751,103.911241
BDK-04BC,1.329247,103.911194
BDK-04BD,1.329294,103.911538
BDK-04BE,1.329446,103.911846
BDK-04BF,1.32985,103.91219
BDK-04C0,1.330063,103.912753
BDK-04C1,1.330753,103.913436
BDK-04C2,1.330795,103.913185
BDK-04C3,1.330113,103.913232
BDK-04C4,1.330454,103.913879
BDK-04C5,1.331561,103.913863
BDK-04C6,1.331346,103.913837
BDK-04C7,1.33112,103.912894
BDK-04C8,1.331314,103.912054
BDK-04C9,1.331954,103.912935
BDK-04CA,1.332164,103.912737
BDK-04CB,1.331256,103.915468
BDK-04CC,1.330872,103.914886
BDK-04CD,1.331174,103.915405
BDK-04CE,1.330954,103.915017
BDK-04CF,1.331698,103.916176
BDK-04D0,1.331527,103.915687
BDK-04D1,1.332303,103.917434
BDK-04D2,1.331742,103.916714
BDK-04D3,1.332013,103.917296
BDK-04D4,1.332366,103.91704
BDK-04D5,1.332473,103.916526
BDK-04D6,1.332536,103.916188
BDK-04D7,1.331219,103.914723
BDK-04D8,1.332877,103.916452
BDK-04D9,1.333286,103.917088
BDK-04DA,1.333501,103.917505
BDK-04DB,1.333459,103.917719
BDK-04DC,1.333422,103.917854
BDK-04DD,1.334188,103.918078
BDK-04DE,1.334094,103.918146
BDK-04DF,1.3337,103.91824
BDK-04E0,1.33442,103.917347
BDK-04E1,1.334559,103.916752
BDK-04E2,1.334458,103.917221
BDK-04E3,1.334635,103.916432
BDK-04E4,1.334584,103.916639
BDK-04E5,1.334502,103.917002
BDK-04E6,1.334622,103.916533
BDK-04E7,1.334528,103.916877
BDK-04E8,1.334471,103.917096
BDK-04E9,1.334093,103.91677
BDK-04EA,1.334036,103.917008
BDK-04EB,1.334004,103.917196
BDK-04EC,1.334124,103.916595
BDK-04ED,1.333626,103.916983
BDK-04EE,1.333651,103.916814
BDK-04EF,1.333677,103.916664
BDK-04F0,1.333733,103.91652
BDK-04F1,1.333601,103.917115
BDK-04F2,1.334427,103.915412
BDK-04F3,1.334313,103.915956
BDK-04F4,1.333941,103.9157
BDK-04F5,1.33391,103.915888
BDK-04F6,1.334937,103.914879
BDK-04F7,1.334137,103.914836
BDK-04F8,1.334994,103.914447
BDK-04F9,1.332747,103.91403
BDK-04FA,1.332852,103.914713
BDK-04FB,1.332878,103.914541
BDK-04FC,1.337662,103.918986
BDK-04FD,1.337693,103.919142
BDK-04FE,1.337232,103.918662
BDK-04FF,1.337258,103.919168
BDK-0500,1.337168,103.919914
BDK-0501,1.337274,103.919663
BDK-0502,1.336408,103.920258
BDK-0503,1.33666,103.919215
BDK-0504,1.336193,103.918751
BDK-0505,1.336214,103.919257
BDK-0506,1.3355,103.919522
BDK-0507,1.335028,103.919022
BDK-0508,1.335038,103.919564
BDK-0509,1.335353,103.923062
BDK-050A,1.33551,103.923631
BDK-050B,1.336051,103.923943
BDK-050C,1.336035,103.9224
BDK-050D,1.335867,103.92288
BDK-050E,1.337121,103.922515
BDK-050F,1.336969,103.923083
BDK-0510,1.337509,103.923375
BDK-0511,1.337915,103.925206
BDK-0512,1.337826,103.924789
BDK-0513,1.337616,103.925629
BDK-0514,1.337905,103.925592
BDK-0515,1.337511,103.925259
BDK-0516,1.337112,103.925467
BDK-0517,1.336614,103.925462
BDK-0518,1.337264,103.925962
BDK-0519,1.336388,103.924701
BDK-051A,1.336456,103.924935
BDK-051B,1.335906,103.924722
BDK-051C,1.336042,103.925133
BDK-051D,1.336362,103.926327
BDK-051E,1.336283,103.925858
BDK-051F,1.336595,103.927865
BDK-0520,1.336632,103.92817
BDK-0521,1.336931,103.928866
BDK-0522,1.33696,103.929489
BDK-0523,1.336997,103.928042
BDK-0524,1.337041,103.928149
BDK-0525,1.337249,103.92878
BDK-0526,1.337188,103.92859
BDK-0527,1.337458,103.929242
BDK-0528,1.337621,103.928903
BDK-0529,1.338384,103.923044
BDK-052A,1.336188,103.93395
BDK-052B,1.336272,103.933872
BDK-052C,1.336327,103.934013
BDK-052D,1.336185,103.934058
BDK-052E,1.336116,103.933962
BDK-052F,1.336114,103.933879
BDK-0530,1.336329,103.933831
BDK-0531,1.336389,103.934015
BDK-0532,1.336375,103.934373
BDK-0533,1.336356,103.934523
BDK-0534,1.336209,103.934354
BDK-0535,1.336192,103.934485
BDK-0536,1.336434,103.934366
BDK-0537,1.33642,103.934574
BDK-0538,1.336074,103.934803
BDK-0539,1.336232,103.934872
BDK-053A,1.336119,103.935035
BDK-053B,1.336208,103.935047
BDK-053C,1.336143,103.935106
BDK-053D,1.336114,103.93476
BDK-053E,1.335981,103.934944
BDK-053F,1.336015,103.934877
BDK-0540,1.336322,103.934865
BDK-0541,1.335894,103.935301
BDK-0542,1.335856,103.935369
BDK-0543,1.335855,103.935464
BDK-0544,1.336042,103.935821
BDK-0545,1.336103,103.935944
BDK-0546,1.335895,103.935846
BDK-0547,1.335968,103.936039
BDK-0548,1.336147,103.936313
BDK-0549,1.336132,103.936475
BDK-054A,1.336239,103.936327
BDK-054B,1.33622,103.936483
BDK-054C,1.336185,103.936264
BDK-054D,1.336156,103.93653
BDK-054E,1.335862,103.936741
BDK-054F,1.33579,103.936844
BDK-0550,1.336064,103.936811
BDK-0551,1.335904,103.937012
BDK-0552,1.335691,103.937173
BDK-0553,1.335647,103.937281
BDK-0554,1.335856,103.937757
BDK-0555,1.335928,103.937886
BDK-0556,1.335697,103.937792
BDK-0557,1.335818,103.937974
BDK-0558,1.335861,103.937692
BDK-0559,1.335983,103.937898
BDK-055B,1.336071,103.938522
BDK-055C,1.33607,103.938278
BDK-055D,1.336078,103.938365
BDK-055E,1.336059,103.938217
BDK-055F,1.336083,103.93845
BDK-0560,1.335898,103.938281
BDK-0561,1.335911,103.938412
BDK-0562,1.336053,103.938716
BDK-0563,1.335892,103.939007
BDK-0564,1.336012,103.938816
BDK-0565,1.335968,103.938916
BDK-0566,1.336037,103.938772
BDK-0567,1.335931,103.938965
BDK-0568,1.335856,103.938747
BDK-0569,1.335803,103.938854
BDK-056A,1.336596,103.938074
BDK-056B,1.336519,103.937947
BDK-056C,1.336467,103.93784
BDK-056D,1.336554,103.938013
BDK-056E,1.336461,103.937993
BDK-056F,1.336412,103.937878
BDK-0570,1.336678,103.937922
BDK-0571,1.3366,103.937743
BDK-0572,1.336409,103.937807
BDK-0573,1.3364,103.937762
BDK-0574,1.336401,103.937712
BDK-0575,1.336347,103.937408
BDK-0576,1.336353,103.937271
BDK-0577,1.336521,103.937428
BDK-0578,1.336525,103.937297
BDK-0579,1.336316,103.937446
BDK-057A,1.336334,103.937207
BDK-057B,1.336485,103.936885
BDK-057C,1.336552,103.936779
BDK-057D,1.336698,103.936861
BDK-057E,1.336644,103.936962
BDK-057F,1.336426,103.936934
BDK-0580,1.336551,103.936718
BDK-0581,1.331661,103.911794
BDK-0582,1.332646,103.917448
BDK-0583,1.332793,103.917599
BDK-0584,1.332614,103.917562
BDK-0585,1.332562,103.917771
BDK-0586,1.33666,103.921274
BDK-0587,1.33646,103.920977
BDK-0588,1.333039,103.918026
BDK-0589,1.332997,103.91824
BDK-058A,1.336691,103.921603
BDK-058B,1.33634,103.921222
BDK-058C,1.336801,103.921983
BDK-058D,1.336203,103.921498
BDK-058E,1.312996,103.928082
BDK-058F,1.313002,103.928112
BDK-0590,1.312236,103.939704
BDK-0592,1.316948,103.936428
BDK-0593,1.336217,103.899985
BDK-0594,1.317817,103.921777
BDK-0596,1.314976,103.939988
BDK-0597,1.3153,103.924258
BDK-0598,1.309258,103.914156
BDK-0599,1.311971,103.922347
BDK-059A,1.312716,103.910626
BDK-059B,1.312947,103.910637
BDK-059C,1.314493,103.909989
BDK-059E,1.329704,103.910412
BDK-059F,1.308768,103.910812
BDK-05A0,1.314828,103.905863
BDK-05A1,1.312858,103.907069
BDK-05A2,1.310722,103.919271
BDK-05A3,1.309777,103.915833
BDK-05A4,1.310667,103.918581
BDK-05A5,1.31037,103.908076
BDK-05A6,1.30978,103.916648
BDK-05A7,1.32225,103.922759
BDK-05A8,1.322185,103.922537
BDK-05A9,1.33498,103.914204
BDK-05AB,1.332192,103.912317
BDK-05AC,1.331985,103.911444
BDK-05AD,1.334783,103.913979
BDK-05AE,1.336594,103.912773
BDK-05AF,1.333547,103.904311
BDK-05B0,1.333902,103.904503
BDK-05B1,1.330549,103.903914
BDK-05B2,1.333844,103.90052
BDK-05B3,1.324733,103.934999
BDK-05B4,1.326392,103.929389
BDK-05B5,1.327842,103.925016
BDK-05B6,1.338078,103.916438
BDK-05B7,1.337504,103.915107
BDK-05B8,1.33333,103.916055
BDK-05B9,1.308676,103.9242
BDK-05BA,1.326415,103.92944
BDK-05BB,1.338923,103.927266
BDK-05BC,1.339206,103.92817
BDK-05BD,1.338645,103.929868
BDK-05BE,1.337814,103.931587
BDK-05BF,1.33614,103.918336
BDK-05C0,1.336882,103.917995
BDK-05C1,1.338246,103.924613
BDK-05C2,1.323642,103.944138
BDK-05C3,1.310642,103.932788
BDK-05C4,1.311112,103.933093
BDK-05C5,1.323228,103.905614
BDK-05C6,1.326749,103.940149
BDK-05C7,1.326588,103.940394
BDK-05C8,1.329706,103.939567
BDK-05C9,1.3173,103.908798
BDK-05CA,1.31895,103.912414
BDK-05CB,1.322681,103.922721
BDK-05CC,1.337123,103.901044
BDK-05CD,1.33673,103.90509
BDK-05CE,1.337253,103.904737
BDK-05CF,1.337297,103.904801
BDK-05D0,1.337303,103.904708
BDK-05D1,1.341344,103.913211
BDK-05D2,1.342206,103.912197
BDK-05D3,1.333133,103.926778
BDK-05D4,1.333887,103.929525
BDK-05D5,1.333144,103.931568
BDK-05D6,1.332216,103.930331
BDK-05D7,1.317513,103.916043
BDK-05D8,1.316767,103.933017
BDK-05D9,1.32123,103.927861
BDK-05DA,1.321045,103.943273
BDK-05DB,1.320444,103.955321
BDK-05DC,1.320538,103.95546
BDK-05DD,1.327325,103.93283
BDK-05DE,1.326737,103.932464
BDK-05DF,1.327047,103.93143
BDK-05E0,1.326549,103.93135
BDK-05E1,1.311623,103.952764
BDK-05E2,1.330045,103.927628
BDK-05E4,1.330333,103.926449
BDK-05E5,1.331885,103.938151
BDK-05E6,1.331691,103.938078
BDK-05E7,1.330961,103.906285
BDK-05E8,1.331715,103.910278
BDK-05E9,1.322499,103.954414
BDK-05EA,1.303654,103.919485
BDK-05EB,1.315261,103.942803
BDK-05ED,1.320317,103.946989
BDK-05EE,1.321085,103.946072
BDK-05EF,1.319944,103.944391
BDK-05F0,1.320103,103.944122
BDK-05F1,1.309639,103.92839
BDK-05F2,1.318533,103.931743
BDK-05F3,1.309199,103.927528
BDK-05F4,1.329414,103.924706
BDK-05F5,1.330648,103.930062
BDK-05F6,1.325803,103.935306
BDK-05F7,1.331828,103.947321
BDK-05F8,1.324615,103.952822
BDK-05F9,1.321966,103.954598
BDK-05FA,1.316115,103.944702
BDK-05FB,1.311495,103.950347
BDK-05FC,1.316155,103.909089
BDK-05FD,1.327279,103.918957
BDK-05FE,1.315933,103.951148
BDK-05FF,1.324623,103.932261
BDK-0600,1.324845,103.932223
BDK-0601,1.32976,103.92752
BDK-0602,1.330307,103.929684
BDK-0603,1.337437,103.922597
BDK-0604,1.33822,103.931127
BDK-0605,1.331201,103.932252
BDK-0606,1.330863,103.932099
BDK-0607,1.331747,103.942422
BDK-0608,1.33314,103.943575
BDK-0609,1.332091,103.913173
BDK-060A,1.327643,103.933763
BDK-060B,1.307372,103.934601
BDK-060C,1.32546,103.93558
BDK-060D,1.328763,103.931044
BDK-060E,1.319717,103.907337
BDK-060F,1.312912,103.927512
BDK-0610,1.324023,103.936794
BDK-0611,1.304513,103.924372
BDK-0612,1.304345,103.923806
BDK-0613,1.304362,103.924309
BDK-0614,1.333195,103.915569
BDK-0615,1.333496,103.915399
BDK-0616,1.326667,103.931232
BDK-0617,1.32542,103.9307
BDK-0618,1.324768,103.931497
BDK-0619,1.325521,103.93243
BDK-061A,1.32576,103.932614
BDK-061B,1.328273,103.926771
BDK-061C,1.327497,103.933093
BDK-061E,1.32058,103.912818
BDK-061F,1.31386,103.931621
BDK-0620,1.330044,103.926019
BDK-0621,1.32979,103.92534
BDK-0622,1.329973,103.926101
BDK-0623,1.330067,103.926112
BDK-0624,1.329857,103.925355
BDK-0625,1.310471,103.944888
BDK-0626,1.308479,103.939417
BDK-0628,1.320678,103.912828
BDK-0629,1.336229,103.933797
BDK-062A,1.319226,103.946749
BDK-062B,1.318611,103.946976
BDK-062C,1.318717,103.946329
BDK-062D,1.319241,103.946411
BDK-062E,1.318873,103.947224
BDK-062F,1.318296,103.946998
BDK-0630,1.31826,103.947314
BDK-0631,1.318302,103.946569
BDK-0632,1.318361,103.946748
BDK-0633,1.317721,103.947299
BDK-0634,1.318324,103.946198
BDK-0635,1.330068,103.932709
BDK-0636,1.330064,103.932499
BDK-0637,1.329844,103.932912
BDK-0638,1.330524,103.932674
BDK-0639,1.324647,103.9281
BDK-063A,1.330688,103.932858
BDK-063B,1.33057,103.932891
BDK-063C,1.311484,103.950313
BDK-063D,1.342179,103.918746
BDK-063E,1.307346,103.927871
BDK-063F,1.334267,103.930146
BDK-0640,1.310052,103.929708
BDK-0641,1.309792,103.928652
BDK-0643,1.312058,103.941097
BDK-0644,1.312749,103.940731
BDK-0645,1.336882,103.922444
BDK-0646,1.333768,103.90862
BDK-0647,1.335759,103.913729
BDK-0648,1.33611,103.924547
BDK-0649,1.334692,103.911509
BDK-064A,1.335422,103.911413
BDK-064B,1.331346,103.906092
BDK-064C,1.32996,103.939996
BDK-064D,1.323705,103.939708
BDK-064E,1.330745,103.913486
BDK-064F,1.3362,103.913016
BDK-0650,1.33039,103.905303
BDK-0651,1.332444,103.90794
BDK-0652,1.319739,103.946556
BDK-0653,1.329999,103.940203
BDK-0654,1.330997,103.940016
BDK-0655,1.330702,103.938809
BDK-0656,1.333758,103.908671
BDK-0657,1.330845,103.905519
BDK-0658,1.335339,103.923119
BDK-0659,1.336026,103.922344
BDK-065A,1.334588,103.908481
BDK-065B,1.334492,103.91532
BDK-065C,1.333011,103.911441
BDK-065D,1.333189,103.907497
BDK-065E,1.333807,103.907123
BDK-065F,1.33295,103.906887
BDK-0660,1.334645,103.908485
BDK-0661,1.334206,103.914724
BDK-0662,1.331051,103.935679
BDK-0663,1.333127,103.908326
BDK-0664,1.333812,103.908422
BDK-0665,1.3328,103.908518
BDK-0666,1.329306,103.911531
BDK-0667,1.337805,103.924648
BDK-0668,1.336957,103.925273
BDK-0669,1.334122,103.909053
BDK-066A,1.33626,103.925812
BDK-066B,1.330128,103.911741
BDK-066C,1.330723,103.913049
BDK-066D,1.331068,103.912781
BDK-066E,1.335177,103.913106
BDK-066F,1.336034,103.912389
BDK-0670,1.335576,103.911477
BDK-0671,1.332269,103.910288
BDK-0672,1.332643,103.910081
BDK-0673,1.332235,103.911582
BDK-0674,1.333767,103.916477
BDK-0675,1.330128,103.90484
BDK-0676,1.330747,103.904888
BDK-0677,1.333038,103.912356
BDK-0678,1.331186,103.903855
BDK-0679,1.33096,103.903845
BDK-067A,1.331567,103.905867
BDK-067B,1.332062,103.904981
BDK-067C,1.331724,103.905403
BDK-067D,1.33145,103.905616
BDK-067E,1.331164,103.904518
BDK-067F,1.331749,103.906633
BDK-0680,1.331091,103.905874
BDK-0681,1.332834,103.907295
BDK-0682,1.334511,103.907825
BDK-0683,1.33367,103.906308
BDK-0684,1.319922,103.944937
BDK-0685,1.318983,103.945345
BDK-0686,1.329968,103.940657
BDK-0687,1.330209,103.91344
BDK-0688,1.334832,103.908862
BDK-0689,1.333358,103.908599
BDK-068A,1.333325,103.909043
BDK-068B,1.332518,103.90819
BDK-068C,1.332446,103.908993
BDK-068D,1.338078,103.925837
BDK-068E,1.336637,103.925584
BDK-068F,1.334116,103.908435
BDK-0690,1.334124,103.90778
BDK-0691,1.33607,103.925165
BDK-0692,1.332119,103.912655
BDK-0693,1.335076,103.913702
BDK-0694,1.33342,103.912391
BDK-0695,1.331895,103.912992
BDK-0696,1.333134,103.911626
BDK-0697,1.333503,103.917464
BDK-0698,1.333983,103.917039
BDK-0699,1.331734,103.904763
BDK-069A,1.331606,103.904332
BDK-069B,1.332554,103.905733
BDK-069C,1.332692,103.906005
BDK-069D,1.334384,103.906474
BDK-069E,1.320089,103.94548
BDK-069F,1.330086,103.940797
BDK-06A0,1.330358,103.9401
BDK-06A1,1.331543,103.94143
BDK-06A2,1.331838,103.940584
BDK-06A3,1.323346,103.939997
BDK-06A4,1.323808,103.94018
BDK-06A5,1.324681,103.940068
BDK-06A6,1.324609,103.939696
BDK-06A7,1.32709,103.953112
BDK-06A8,1.335339,103.909186
BDK-06A9,1.33533,103.909135
BIS-0001,1.348806,103.838995
BIS-0002,1.351041,103.849852
BIS-0003,1.351315,103.848486
BIS-0004,1.349409,103.838951
BIS-0005,1.348853,103.839212
BIS-0006,1.347779,103.840138
BIS-0007,1.366538,103.828412
BIS-0008,1.359312,103.830277
BIS-0009,1.356028,103.837766
BIS-000A,1.352836,103.851856
BIS-000C,1.349888,103.839768
BIS-000D,1.357833,103.828943
BIS-000E,1.345585,103.838242
BIS-0010,1.345774,103.847591
BIS-0011,1.346831,103.847654
BIS-0012,1.34745,103.84793
BIS-0013,1.347034,103.848216
BIS-0014,1.347612,103.848608
BIS-0015,1.347755,103.848244
BIS-0017,1.344243,103.855405
BIS-0018,1.346512,103.854651
BIS-0019,1.345347,103.856337
BIS-001A,1.345284,103.856755
BIS-001B,1.348433,103.85498
BIS-001C,1.347352,103.850442
BIS-001D,1.347226,103.850576
BIS-001E,1.345574,103.851157
BIS-001F,1.344783,103.852175
BIS-0020,1.347388,103.854142
BIS-0021,1.346526,103.853326
BIS-0022,1.347832,103.854341
BIS-0023,1.348625,103.8541
BIS-0024,1.347914,103.853274
BIS-0025,1.350111,103.853108
BIS-0026,1.350542,103.852462
BIS-0027,1.350662,103.852027
BIS-0028,1.350415,103.85123
BIS-0029,1.348092,103.85041
BIS-002A,1.349041,103.850953
BIS-002B,1.350467,103.838467
BIS-002C,1.351163,103.838829
BIS-002D,1.351238,103.838201
BIS-002E,1.351323,103.838059
BIS-002F,1.35457,103.848215
BIS-0030,1.358018,103.848752
BIS-0031,1.359612,103.846875
BIS-0034,1.360012,103.842748
BIS-0035,1.359407,103.843118
BIS-0036,1.356245,103.844028
BIS-0037,1.356816,103.84542
BIS-0038,1.362963,103.835358
BIS-0039,1.357994,103.832327
BIS-003A,1.358736,103.829928
BIS-003B,1.359071,103.830115
BIS-003C,1.356885,103.846578
BIS-003D,1.345957,103.846515
BIS-003E,1.358093,103.84518
BIS-0040,1.358645,103.851056
BIS-0041,1.365578,103.838009
BIS-0042,1.361041,103.846429
BIS-0043,1.347903,103.840119
BIS-0044,1.361191,103.846636
BIS-0045,1.362143,103.847235
BIS-0046,1.362677,103.846668
BIS-0047,1.36298,103.84834
BIS-0048,1.360577,103.851125
BIS-0049,1.367735,103.828641
BIS-004A,1.364819,103.835725
BIS-004B,1.365005,103.838797
BIS-004C,1.363952,103.842422
BIS-004D,1.360239,103.827121
BIS-004E,1.351211,103.848353
BIS-004F,1.349997,103.848477
BIS-0050,1.351085,103.849751
BIS-0051,1.351109,103.849755
BIS-0052,1.350454,103.848184
BIS-0053,1.347802,103.840058
BIS-0054,1.350204,103.847977
BIS-0055,1.356334,103.823235
BIS-0056,1.348779,103.835247
BIS-0058,1.348936,103.839262
BIS-005A,1.347925,103.840056
BIS-005B,1.345459,103.851788
BIS-005C,1.356835,103.838922
BIS-005D,1.356911,103.839035
BIS-005E,1.358152,103.839539
BIS-005F,1.356667,103.838772
BIS-0060,1.349707,103.839159
BIS-0061,1.355041,103.8377
BIS-0062,1.354945,103.838064
BIS-0063,1.354898,103.838228
BIS-0064,1.354985,103.837476
BIS-0065,1.355667,103.840853
BIS-0066,1.355766,103.840856
BIS-0067,1.355801,103.840713
BIS-0068,1.35572,103.840666
BIS-0069,1.355909,103.840341
BIS-006A,1.355808,103.840334
BIS-006B,1.355936,103.840226
BIS-006C,1.355837,103.840196
BIS-006D,1.344783,103.848312
BIS-006E,1.345053,103.848028
BIS-006F,1.345598,103.848243
BIS-0070,1.345894,103.847418
BIS-0071,1.346123,103.847546
BIS-0072,1.346476,103.847785
BIS-0073,1.346395,103.848181
BIS-0074,1.346492,103.84771
BIS-0075,1.347441,103.847846
BIS-0076,1.347275,103.847539
BIS-0077,1.347093,103.848142
BIS-0078,1.346951,103.849359
BIS-0079,1.347553,103.849079
BIS-007A,1.347947,103.848556
BIS-007B,1.347966,103.84856
BIS-007C,1.347929,103.848552
BIS-007D,1.347763,103.849289
BIS-007E,1.347724,103.84945
BIS-007F,1.346941,103.850047
BIS-0080,1.347233,103.850463
BIS-0081,1.346811,103.850408
BIS-0082,1.34659,103.851398
BIS-0083,1.346862,103.851655
BIS-0084,1.34694,103.851602
BIS-0085,1.346339,103.852014
BIS-0086,1.346017,103.851883
BIS-0087,1.346259,103.85205
BIS-0088,1.34603,103.851808
BIS-0089,1.345915,103.850758
BIS-008A,1.345833,103.851222
BIS-008B,1.345654,103.850739
BIS-008C,1.345583,103.851498
BIS-008D,1.345522,103.8515
BIS-008E,1.345521,103.851811
BIS-008F,1.344496,103.851331
BIS-0090,1.344246,103.851458
BIS-0091,1.344418,103.851675
BIS-0092,1.34453,103.852482
BIS-0093,1.34443,103.852465
BIS-0094,1.344864,103.85304
BIS-0095,1.344766,103.853472
BIS-0096,1.345159,103.853086
BIS-0097,1.345078,103.853542
BIS-0098,1.345622,103.85319
BIS-0099,1.345531,103.853581
BIS-009A,1.345909,103.85327
BIS-009B,1.345814,103.853689
BIS-009C,1.344891,103.854029
BIS-009D,1.344159,103.854145
BIS-009F,1.343932,103.855234
BIS-00A0,1.343913,103.854755
BIS-00A1,1.344199,103.854992
BIS-00A2,1.344181,103.854561
BIS-00A3,1.344221,103.855464
BIS-00A4,1.344028,103.855826
BIS-00A5,1.346139,103.85512
BIS-00A6,1.346581,103.854691
BIS-00A7,1.346533,103.855301
BIS-00A8,1.346138,103.85615
BIS-00A9,1.345444,103.85633
BIS-00AA,1.345286,103.856756
BIS-00AB,1.345972,103.8569
BIS-00AC,1.346066,103.856509
BIS-00AD,1.346658,103.856421
BIS-00AE,1.346541,103.856381
BIS-00AF,1.346671,103.856479
BIS-00B0,1.347494,103.856557
BIS-00B1,1.348046,103.856321
BIS-00B2,1.348081,103.856365
BIS-00B3,1.348426,103.856191
BIS-00B4,1.348539,103.855863
BIS-00B5,1.349254,103.856044
BIS-00B6,1.348777,103.855383
BIS-00B7,1.348601,103.854902
BIS-00B8,1.34879,103.855522
BIS-00B9,1.348093,103.855229
BIS-00BA,1.34801,103.855693
BIS-00BB,1.347385,103.854114
BIS-00BC,1.34727,103.854105
BIS-00BD,1.346547,103.853287
BIS-00BE,1.346412,103.853905
BIS-00BF,1.346713,103.853847
BIS-00C0,1.346811,103.853593
BIS-00C1,1.347383,103.853802
BIS-00C2,1.347062,103.853325
BIS-00C3,1.347672,103.854286
BIS-00C4,1.348762,103.853527
BIS-00C5,1.348607,103.85401
BIS-00C6,1.348379,103.853865
BIS-00C7,1.347974,103.853217
BIS-00C8,1.348056,103.85287
BIS-00C9,1.348103,103.852655
BIS-00CA,1.348662,103.851755
BIS-00CB,1.348637,103.851802
BIS-00CC,1.348604,103.851796
BIS-00CD,1.348542,103.851875
BIS-00CE,1.348483,103.852196
BIS-00CF,1.348529,103.852604
BIS-00D0,1.348942,103.852733
BIS-00D1,1.348911,103.853011
BIS-00D2,1.349815,103.853242
BIS-00D3,1.350418,103.852384
BIS-00D4,1.350016,103.852655
BIS-00D5,1.349764,103.85222
BIS-00D6,1.349276,103.852633
BIS-00D7,1.349377,103.852216
BIS-00D8,1.349456,103.851828
BIS-00D9,1.349827,103.851936
BIS-00DA,1.349965,103.851642
BIS-00DB,1.350185,103.851906
BIS-00DC,1.350303,103.851646
BIS-00DD,1.350508,103.851994
BIS-00DE,1.350647,103.851631
BIS-00DF,1.350296,103.851084
BIS-00E0,1.348932,103.851219
BIS-00E1,1.348721,103.850832
BIS-00E2,1.348199,103.851432
BIS-00E3,1.348259,103.851122
BIS-00E4,1.348254,103.850273
BIS-00E5,1.348131,103.850595
BIS-00E6,1.348173,103.850412
BIS-00E7,1.348995,103.850932
BIS-00E8,1.355405,103.847291
BIS-00E9,1.354681,103.847268
BIS-00EA,1.354601,103.847356
BIS-00EB,1.354419,103.847544
BIS-00EC,1.354846,103.847587
BIS-00ED,1.354703,103.847763
BIS-00EE,1.355382,103.847646
BIS-00EF,1.355431,103.84757
BIS-00F0,1.355587,103.84788
BIS-00F1,1.355646,103.847799
BIS-00F2,1.354862,103.848012
BIS-00F3,1.354724,103.848131
BIS-00F4,1.354815,103.848023
BIS-00F5,1.355426,103.848658
BIS-00F6,1.355856,103.848815
BIS-00F7,1.355802,103.848878
BIS-00F8,1.356131,103.848967
BIS-00F9,1.35607,103.849053
BIS-00FA,1.356645,103.848136
BIS-00FB,1.356374,103.848121
BIS-00FC,1.356754,103.848195
BIS-00FD,1.357359,103.847987
BIS-00FE,1.357076,103.848315
BIS-00FF,1.35749,103.848273
BIS-0100,1.357175,103.848676
BIS-0101,1.357424,103.848354
BIS-0102,1.357297,103.84851
BIS-0103,1.35638,103.849239
BIS-0104,1.356443,103.849161
BIS-0105,1.356716,103.849332
BIS-0106,1.35666,103.849401
BIS-0107,1.357298,103.84962
BIS-0109,1.357261,103.849661
BIS-010A,1.357625,103.848706
BIS-010B,1.357546,103.848798
BIS-010C,1.35791,103.848835
BIS-010D,1.357814,103.848965
BIS-010E,1.358188,103.847966
BIS-010F,1.35797,103.848222
BIS-0110,1.358406,103.848281
BIS-0111,1.358442,103.848228
BIS-0112,1.358605,103.848042
BIS-0113,1.358652,103.847978
BIS-0114,1.358998,103.847666
BIS-0115,1.358961,103.84763
BIS-0116,1.358706,103.847421
BIS-0117,1.358451,103.847714
BIS-0118,1.358639,103.846553
BIS-0119,1.358596,103.847026
BIS-011A,1.358533,103.847103
BIS-011B,1.358236,103.847443
BIS-011C,1.358251,103.846916
BIS-011D,1.358213,103.846967
BIS-011E,1.3579,103.847312
BIS-011F,1.358015,103.846326
BIS-0120,1.357608,103.8461
BIS-0121,1.357582,103.845973
BIS-0122,1.357943,103.845445
BIS-0123,1.358238,103.845449
BIS-0124,1.358974,103.847098
BIS-0125,1.359264,103.847283
BIS-0126,1.359206,103.847375
BIS-0127,1.359559,103.846951
BIS-0128,1.359605,103.846889
BIS-0129,1.359666,103.844701
BIS-012A,1.360357,103.844725
BIS-012B,1.360294,103.844675
BIS-012C,1.359964,103.842124
BIS-012D,1.360694,103.845594
BIS-012E,1.360746,103.845535
BIS-012F,1.361245,103.844939
BIS-0130,1.361309,103.844868
BIS-0131,1.361153,103.844601
BIS-0132,1.361194,103.844556
BIS-0133,1.36058,103.844405
BIS-0134,1.361394,103.84337
BIS-0135,1.361059,103.844032
BIS-0136,1.361111,103.843969
BIS-0137,1.36116,103.84391
BIS-0138,1.361589,103.844098
BIS-0139,1.361453,103.844246
BIS-013A,1.361847,103.844209
BIS-013B,1.361765,103.844307
BIS-013C,1.361947,103.843962
BIS-013D,1.362272,103.842937
BIS-013E,1.361988,103.842861
BIS-013F,1.361896,103.84314
BIS-0140,1.361593,103.842873
BIS-0141,1.361613,103.842809
BIS-0142,1.36138,103.842613
BIS-0143,1.360764,103.843067
BIS-0144,1.360631,103.843677
BIS-0145,1.361312,103.842877
BIS-0146,1.360034,103.843342
BIS-0147,1.360015,103.842747
BIS-0148,1.360024,103.843337
BIS-0149,1.359709,103.842047
BIS-014A,1.359295,103.843526
BIS-014B,1.359168,103.842859
BIS-014C,1.35925,103.84248
BIS-014D,1.358932,103.842615
BIS-014E,1.358906,103.842726
BIS-014F,1.358986,103.842345
BIS-0150,1.357355,103.843055
BIS-0151,1.358626,103.841933
BIS-0152,1.357411,103.843002
BIS-0153,1.35765,103.842816
BIS-0154,1.358354,103.841948
BIS-0155,1.358354,103.842018
BIS-0156,1.35836,103.842206
BIS-0157,1.357989,103.842202
BIS-0158,1.357582,103.842084
BIS-0159,1.357584,103.841945
BIS-015A,1.356936,103.842449
BIS-015B,1.356923,103.842153
BIS-015C,1.356652,103.842493
BIS-015D,1.356542,103.842598
BIS-015E,1.356652,103.842467
BIS-015F,1.356432,103.843126
BIS-0160,1.356585,103.842997
BIS-0161,1.35736,103.843523
BIS-0162,1.357786,103.844808
BIS-0163,1.358494,103.843969
BIS-0164,1.358425,103.843906
BIS-0165,1.358898,103.843935
BIS-0166,1.358376,103.843913
BIS-0167,1.356919,103.845129
BIS-0168,1.356812,103.845229
BIS-0169,1.356771,103.845194
BIS-016A,1.35669,103.844932
BIS-016B,1.35665,103.845087
BIS-016C,1.356606,103.845053
BIS-016D,1.356111,103.844904
BIS-016E,1.356294,103.84491
BIS-016F,1.35626,103.844954
BIS-0170,1.356211,103.84501
BIS-0171,1.356174,103.845051
BIS-0172,1.356047,103.84499
BIS-0173,1.355991,103.845051
BIS-0174,1.356066,103.84517
BIS-0175,1.356032,103.845213
BIS-0176,1.35598,103.845271
BIS-0177,1.355947,103.845312
BIS-0178,1.356061,103.845683
BIS-0179,1.356032,103.845511
BIS-017A,1.356073,103.845546
BIS-017B,1.35613,103.845598
BIS-017C,1.356173,103.845632
BIS-017D,1.356393,103.84582
BIS-017E,1.356437,103.845858
BIS-017F,1.356294,103.845735
BIS-0180,1.356337,103.845772
BIS-0181,1.349499,103.838617
BIS-0182,1.349407,103.838437
BIS-0183,1.349413,103.838344
BIS-0184,1.349726,103.838812
BIS-0185,1.349688,103.838102
BIS-0186,1.349716,103.838925
BIS-0187,1.34974,103.838699
BIS-0188,1.350222,103.838122
BIS-0189,1.350219,103.838242
BIS-018A,1.350122,103.837849
BIS-018B,1.350531,103.837951
BIS-018C,1.350124,103.83904
BIS-018D,1.350088,103.838556
BIS-018E,1.350101,103.838446
BIS-018F,1.350131,103.838926
BIS-0190,1.350062,103.839173
BIS-0191,1.350378,103.839246
BIS-0192,1.350521,103.838915
BIS-0193,1.350522,103.837524
BIS-0194,1.350387,103.837512
BIS-0195,1.350521,103.837688
BIS-0196,1.3508,103.837513
BIS-0197,1.350998,103.837622
BIS-0198,1.35092,103.838434
BIS-0199,1.350839,103.83903
BIS-019A,1.350868,103.838748
BIS-019B,1.35086,103.838838
BIS-019C,1.350844,103.838948
BIS-019D,1.350829,103.839136
BIS-019E,1.350811,103.839324
BIS-019F,1.351102,103.839341
BIS-01A0,1.351136,103.839065
BIS-01A1,1.351157,103.83889
BIS-01A2,1.351206,103.838427
BIS-01A3,1.351477,103.837494
BIS-01A4,1.351249,103.837884
BIS-01A5,1.351272,103.837806
BIS-01A6,1.351686,103.837382
BIS-01A7,1.362797,103.832807
BIS-01A8,1.362744,103.8327
BIS-01A9,1.362896,103.833486
BIS-01AA,1.362864,103.833671
BIS-01AB,1.362875,103.833546
BIS-01AC,1.362843,103.834665
BIS-01AD,1.363117,103.833746
BIS-01AE,1.362978,103.834159
BIS-01AF,1.363389,103.834788
BIS-01B0,1.363483,103.834277
BIS-01B1,1.363398,103.83405
BIS-01B2,1.362953,103.835203
BIS-01B3,1.363056,103.835773
BIS-01B4,1.359067,103.831839
BIS-01B5,1.359076,103.831936
BIS-01B6,1.359076,103.831492
BIS-01B7,1.359217,103.832225
BIS-01B8,1.358504,103.832549
BIS-01B9,1.359,103.832789
BIS-01BA,1.358557,103.832589
BIS-01BB,1.359192,103.832625
BIS-01BC,1.358694,103.831847
BIS-01BD,1.358023,103.832202
BIS-01BE,1.357862,103.832276
BIS-01BF,1.357712,103.832213
BIS-01C0,1.357656,103.832186
BIS-01C1,1.358048,103.832125
BIS-01C2,1.35812,103.831192
BIS-01C3,1.358296,103.831251
BIS-01C4,1.358347,103.83128
BIS-01C5,1.358098,103.831157
BIS-01C6,1.358428,103.830749
BIS-01C7,1.358426,103.830837
BIS-01C8,1.358426,103.830626
BIS-01C9,1.358433,103.830508
BIS-01CA,1.358372,103.830086
BIS-01CB,1.358984,103.829782
BIS-01CC,1.359109,103.830297
BIS-01CD,1.3591,103.830741
BIS-01CE,1.359109,103.830508
BIS-01CF,1.358743,103.830818
BIS-01D0,1.35876,103.830522
BIS-01D1,1.35875,103.830619
BIS-01D2,1.35561,103.830311
BIS-01D3,1.358371,103.825053
BIS-01D4,1.353273,103.832342
BIS-01D6,1.360794,103.845575
BIS-01D7,1.36179,103.843623
BIS-01D8,1.35654,103.845785
BIS-01D9,1.358513,103.843908
BIS-01DA,1.362326,103.842844
BIS-01DB,1.349353,103.848229
BIS-01DC,1.34476,103.848487
BIS-01DD,1.360666,103.84572
BIS-01DF,1.349851,103.848749
BIS-01E0,1.350955,103.836464
BIS-01E1,1.349029,103.839282
BIS-01E2,1.350792,103.847961
BIS-01E3,1.343888,103.843782
BIS-01E4,1.360654,103.828718
BIS-01E5,1.357316,103.828733
BIS-01E6,1.360488,103.838457
BIS-01E7,1.351309,103.848506
BIS-01E8,1.360844,103.832153
BIS-01E9,1.357304,103.854213
BIS-01EA,1.344273,103.847442
BIS-01EB,1.361025,103.838383
BIS-01EC,1.363808,103.828235
BIS-01ED,1.346885,103.841532
BIS-01EE,1.347307,103.841172
BIS-01EF,1.348176,103.848396
BIS-01F0,1.367474,103.832131
BIS-01F1,1.364759,103.840237
BIS-01F2,1.346293,103.849844
BIS-01F3,1.346886,103.854359
BIS-01F4,1.349349,103.85394
BIS-01F5,1.35552,103.841611
BIS-01F6,1.35337,103.84043
BIS-01F7,1.35562,103.841298
BIS-01F8,1.352957,103.835753
BIS-01F9,1.359349,103.841309
BIS-01FA,1.366939,103.833945
BIS-01FB,1.36293,103.848557
BIS-01FC,1.363882,103.84609
BIS-01FD,1.359316,103.830192
BIS-01FE,1.344026,103.849942
BIS-01FF,1.363081,103.832021
BIS-0200,1.361932,103.832373
BIS-0201,1.398098,103.817936
BIS-0202,1.354136,103.834067
BIS-0203,1.354055,103.834027
BIS-0204,1.353364,103.833883
BIS-0205,1.354048,103.850474
BIS-0206,1.354188,103.850502
BIS-0207,1.346968,103.85207
BIS-0208,1.35463,103.847754
BIS-0209,1.35533,103.848755
BIS-020A,1.35595,103.848722
BIS-020B,1.356152,103.84845
BIS-020C,1.356945,103.848379
BIS-020D,1.35781,103.848707
BIS-020E,1.358082,103.848668
BIS-020F,1.360231,103.842774
BIS-0210,1.359955,103.84328
BIS-0211,1.360077,103.842043
BIS-0212,1.359034,103.843166
BIS-0213,1.359229,103.843613
BIS-0214,1.359398,103.843293
BIS-0215,1.359211,103.842602
BIS-0216,1.35927,103.842393
BIS-0217,1.358957,103.842442
BIS-0218,1.35871,103.842274
BIS-0219,1.357972,103.841945
BIS-021A,1.349298,103.838332
BIS-021B,1.349334,103.838471
BIS-021C,1.34937,103.838988
BIS-021D,1.35229,103.835058
BIS-021E,1.352978,103.833732
BIS-021F,1.351712,103.835375
BIS-0220,1.361641,103.843602
BIS-0221,1.362183,103.843487
BIS-0222,1.343863,103.854872
BIS-0223,1.361736,103.843268
BIS-0224,1.345986,103.850482
BIS-0225,1.362902,103.832796
BIS-0226,1.361702,103.844423
BIS-0227,1.361316,103.844386
BIS-0228,1.346529,103.850462
BIS-0229,1.360644,103.84571
BIS-022A,1.361271,103.845095
BIS-022B,1.344797,103.854473
BIS-022C,1.35968,103.844733
BIS-022D,1.360448,103.844431
BIS-022E,1.360321,103.844005
BIS-022F,1.361676,103.842768
BIS-0230,1.36129,103.842694
BIS-0231,1.344195,103.854578
BIS-0232,1.359007,103.8476
BIS-0233,1.358308,103.846925
BIS-0234,1.34477,103.856555
BIS-0235,1.344857,103.856696
BIS-0236,1.344706,103.85658
BIS-0237,1.34435,103.856778
BIS-0238,1.34437,103.856868
BIS-0239,1.344259,103.856848
BIS-023A,1.350981,103.847588
BIS-023B,1.350987,103.847561
BKB-0001,1.359322,103.751812
BKB-0002,1.359144,103.752076
BKB-0003,1.359077,103.752076
BKB-0005,1.351173,103.769808
BKB-000D,1.348933,103.75718
BKB-000E,1.346804,103.7469
BKB-000F,1.348435,103.748074
BKB-0010,1.347408,103.74661
BKB-0011,1.348334,103.746159
BKB-0012,1.352196,103.746833
BKB-0013,1.350314,103.74572
BKB-0014,1.351285,103.745077
BKB-0015,1.350895,103.743463
BKB-0016,1.349698,103.744401
BKB-0017,1.348862,103.742386
BKB-0018,1.347736,103.7427
BKB-0019,1.346939,103.74235
BKB-001A,1.346199,103.740586
BKB-001B,1.345546,103.741255
BKB-001C,1.345543,103.74249
BKB-001D,1.346843,103.745195
BKB-001E,1.346012,103.745812
BKB-001F,1.344906,103.745631
BKB-0020,1.346531,103.748522
BKB-0021,1.347255,103.749061
BKB-0022,1.347517,103.750129
BKB-0023,1.346435,103.750322
BKB-0024,1.347174,103.752357
BKB-0025,1.346706,103.754541
BKB-0026,1.347373,103.753912
BKB-0027,1.348407,103.752808
BKB-0028,1.348021,103.755254
BKB-0029,1.344262,103.747056
BKB-002A,1.350683,103.748363
BKB-002B,1.35135,103.749476
BKB-002C,1.34904,103.747583
BKB-002E,1.35095,103.756008
BKB-002F,1.349115,103.757124
BKB-0030,1.351084,103.757275
BKB-0031,1.351374,103.759571
BKB-0032,1.349948,103.759182
BKB-0033,1.350002,103.759695
BKB-0034,1.343659,103.75615
BKB-0035,1.344544,103.757577
BKB-0036,1.344,103.757698
BKB-0037,1.345056,103.760467
BKB-0038,1.345814,103.759391
BKB-0039,1.345045,103.758983
BKB-003A,1.349065,103.754718
BKB-003B,1.349469,103.75587
BKB-003C,1.35052,103.754013
BKB-003E,1.348904,103.759476
BKB-003F,1.347156,103.758347
BKB-0040,1.354739,103.750925
BKB-0041,1.352257,103.753852
BKB-0042,1.354063,103.750913
BKB-0043,1.357372,103.751204
BKB-0044,1.357581,103.752258
BKB-0045,1.358499,103.748022
BKB-0046,1.359873,103.747446
BKB-0047,1.36132,103.747583
BKB-0048,1.362566,103.747526
BKB-0049,1.364929,103.748292
BKB-004A,1.361445,103.749115
BKB-004B,1.361429,103.75084
BKB-004C,1.360038,103.750975
BKB-004D,1.365517,103.745014
BKB-004E,1.363237,103.746065
BKB-004F,1.386475,103.757108
BKB-0050,1.348726,103.757504
BKB-0051,1.355905,103.750302
BKB-0052,1.377363,103.756481
BKB-0053,1.362173,103.767087
BKB-0054,1.362241,103.767095
BKB-0055,1.378512,103.761344
BKB-0056,1.3576,103.752161
BKB-0057,1.359382,103.751799
BKB-0058,1.359405,103.751798
BKB-0059,1.349147,103.749842
BKB-005A,1.348721,103.749524
BKB-005C,1.35584,103.736872
BKB-005D,1.352124,103.739291
BKB-005E,1.359016,103.752077
BKB-005F,1.358789,103.752089
BKB-0060,1.358695,103.752093
BKB-0061,1.360283,103.758874
BKB-0062,1.351589,103.748822
BKB-0063,1.347075,103.746911
BKB-0064,1.348489,103.74788
BKB-0065,1.348934,103.747058
BKB-0066,1.348145,103.746762
BKB-0067,1.347894,103.746575
BKB-0068,1.347471,103.745675
BKB-0069,1.348491,103.745878
BKB-006A,1.348529,103.745565
BKB-006B,1.34843,103.745326
BKB-006C,1.348769,103.745156
BKB-006D,1.348926,103.746351
BKB-006E,1.348769,103.745783
BKB-006F,1.349266,103.746687
BKB-0070,1.349546,103.746045
BKB-0071,1.349838,103.747174
BKB-0072,1.350092,103.746293
BKB-0073,1.350848,103.747692
BKB-0074,1.351349,103.747856
BKB-0075,1.351825,103.747118
BKB-0076,1.351198,103.746766
BKB-0077,1.351336,103.74679
BKB-0078,1.35185,103.746408
BKB-0079,1.351836,103.746277
BKB-007A,1.351547,103.746239
BKB-007B,1.351082,103.746318
BKB-007C,1.351051,103.746149
BKB-007D,1.350801,103.746298
BKB-007E,1.351336,103.744925
BKB-007F,1.351345,103.744988
BKB-0080,1.350809,103.744667
BKB-0081,1.350832,103.744865
BKB-0082,1.350531,103.744587
BKB-0083,1.350974,103.743772
BKB-0084,1.350531,103.743331
BKB-0085,1.349822,103.743078
BKB-0086,1.349599,103.74386
BKB-0087,1.349616,103.744275
BKB-0088,1.349349,103.744122
BKB-0089,1.348822,103.742305
BKB-008A,1.348415,103.741728
BKB-008B,1.34806,103.74204
BKB-008C,1.348089,103.742923
BKB-008D,1.347253,103.741944
BKB-008E,1.347285,103.741742
BKB-008F,1.347793,103.742647
BKB-0090,1.347015,103.742037
BKB-0091,1.346997,103.74249
BKB-0092,1.347086,103.741619
BKB-0093,1.347334,103.741151
BKB-0094,1.3465,103.741115
BKB-0095,1.346562,103.740047
BKB-0096,1.346034,103.740244
BKB-0097,1.345605,103.74058
BKB-0098,1.345942,103.741906
BKB-0099,1.346147,103.74126
BKB-009A,1.345922,103.74284
BKB-009B,1.345612,103.743088
BKB-009C,1.345621,103.743021
BKB-009D,1.345711,103.743958
BKB-009E,1.346613,103.743528
BKB-009F,1.346585,103.743639
BKB-00A0,1.346438,103.744122
BKB-00A1,1.346747,103.744277
BKB-00A2,1.345961,103.745727
BKB-00A4,1.345836,103.746327
BKB-00A5,1.345479,103.745989
BKB-00A6,1.345721,103.744896
BKB-00A7,1.345631,103.745359
BKB-00A8,1.346081,103.744637
BKB-00A9,1.345752,103.748156
BKB-00AA,1.345767,103.748152
BKB-00AB,1.347159,103.749257
BKB-00AC,1.347613,103.750018
BKB-00AD,1.347612,103.750171
BKB-00AE,1.345516,103.749686
BKB-00AF,1.345592,103.749611
BKB-00B0,1.346083,103.750428
BKB-00B1,1.34649,103.750565
BKB-00B2,1.347149,103.752161
BKB-00B3,1.34677,103.75384
BKB-00B4,1.34709,103.753971
BKB-00B5,1.347126,103.753757
BKB-00B6,1.347161,103.753137
BKB-00B7,1.347109,103.753461
BKB-00B8,1.346755,103.754526
BKB-00B9,1.346723,103.754373
BKB-00BA,1.347274,103.755332
BKB-00BB,1.34733,103.755191
BKB-00BC,1.347361,103.754044
BKB-00BD,1.347462,103.753392
BKB-00BE,1.347884,103.753735
BKB-00BF,1.348314,103.75285
BKB-00C0,1.348549,103.753286
BKB-00C1,1.348505,103.754083
BKB-00C2,1.348074,103.75435
BKB-00C3,1.347958,103.755306
BKB-00C4,1.349249,103.754218
BKB-00C5,1.348435,103.756532
BKB-00C6,1.349213,103.756056
BKB-00C7,1.349517,103.75571
BKB-00C8,1.349068,103.756204
BKB-00C9,1.34893,103.756359
BKB-00CA,1.349842,103.754932
BKB-00CB,1.349917,103.754403
BKB-00CC,1.350252,103.754991
BKB-00CD,1.350155,103.755428
BKB-00CE,1.350502,103.754395
BKB-00CF,1.350881,103.754595
BKB-00D0,1.35058,103.7559
BKB-00D1,1.350937,103.756083
BKB-00D2,1.349798,103.7563
BKB-00D3,1.349397,103.757199
BKB-00D4,1.34906,103.757109
BKB-00D5,1.349473,103.757126
BKB-00D6,1.349383,103.757264
BKB-00D7,1.349529,103.757071
BKB-00D8,1.3499,103.756778
BKB-00D9,1.349944,103.757012
BKB-00DA,1.350236,103.756388
BKB-00DB,1.350269,103.756786
BKB-00DC,1.350652,103.756822
BKB-00DD,1.3506,103.756366
BKB-00DE,1.350678,103.756734
BKB-00DF,1.350589,103.756306
BKB-00E0,1.351018,103.757054
BKB-00E1,1.35102,103.756937
BKB-00E2,1.35108,103.757276
BKB-00E3,1.351156,103.757847
BKB-00E4,1.351127,103.75763
BKB-00E5,1.351318,103.759073
BKB-00E6,1.35141,103.759666
BKB-00E7,1.350925,103.759049
BKB-00E8,1.35032,103.759282
BKB-00E9,1.34995,103.759301
BKB-00EA,1.349354,103.759836
BKB-00EB,1.348642,103.760165
BKB-00EC,1.348994,103.759794
BKB-00ED,1.349513,103.758943
BKB-00EE,1.348614,103.759321
BKB-00EF,1.348917,103.757854
BKB-00F0,1.348248,103.757147
BKB-00F1,1.348174,103.757145
BKB-00F2,1.346557,103.758213
BKB-00F3,1.346765,103.758064
BKB-00F4,1.34705,103.758519
BKB-00F5,1.345374,103.760395
BKB-00F6,1.344767,103.760428
BKB-00F7,1.343974,103.756969
BKB-00F8,1.34392,103.757115
BKB-00F9,1.343489,103.755855
BKB-00FA,1.34514,103.747395
BKB-00FB,1.344838,103.747058
BKB-00FC,1.344348,103.747199
BKB-00FD,1.357492,103.747717
BKB-00FE,1.357865,103.748284
BKB-00FF,1.358534,103.748105
BKB-0100,1.359506,103.748973
BKB-0101,1.360204,103.748219
BKB-0102,1.359876,103.74722
BKB-0103,1.360221,103.747196
BKB-0104,1.359924,103.746755
BKB-0105,1.360598,103.747342
BKB-0106,1.360934,103.747325
BKB-0107,1.361552,103.746623
BKB-0108,1.361298,103.747155
BKB-0109,1.3613,103.747235
BKB-010A,1.361322,103.747778
BKB-010B,1.36166,103.747513
BKB-010C,1.362547,103.74755
BKB-010D,1.363219,103.747514
BKB-010E,1.363198,103.747546
BKB-010F,1.363407,103.748378
BKB-0110,1.364142,103.747638
BKB-0111,1.363602,103.747537
BKB-0112,1.364534,103.748513
BKB-0113,1.363255,103.749017
BKB-0114,1.363256,103.749058
BKB-0115,1.36354,103.750978
BKB-0116,1.36351,103.751008
BKB-0117,1.3632,103.750518
BKB-0118,1.363191,103.750283
BKB-0119,1.363154,103.74935
BKB-011A,1.362762,103.749383
BKB-011B,1.362426,103.748933
BKB-011C,1.362453,103.749527
BKB-011D,1.362883,103.751104
BKB-011E,1.362882,103.750694
BKB-011F,1.362857,103.750657
BKB-0120,1.362484,103.750374
BKB-0121,1.36209,103.750254
BKB-0122,1.362084,103.750323
BKB-0123,1.362076,103.749325
BKB-0124,1.362154,103.749109
BKB-0125,1.361274,103.749136
BKB-0126,1.361376,103.750077
BKB-0127,1.361094,103.750479
BKB-0128,1.361423,103.750528
BKB-0129,1.360796,103.751058
BKB-012A,1.360732,103.750765
BKB-012B,1.360971,103.748865
BKB-012C,1.360664,103.749062
BKB-012D,1.360528,103.748712
BKB-012E,1.360393,103.748832
BKB-012F,1.360364,103.749862
BKB-0130,1.360366,103.749945
BKB-0131,1.360372,103.750463
BKB-0132,1.36017,103.751257
BKB-0133,1.359994,103.749402
BKB-0134,1.35912,103.750903
BKB-0135,1.358998,103.750663
BKB-0136,1.358631,103.751419
BKB-0137,1.36229,103.752378
BKB-0138,1.362925,103.752132
BKB-0139,1.363438,103.752174
BKB-013A,1.363928,103.752624
BKB-013B,1.364884,103.752485
BKB-013C,1.36486,103.752258
BKB-013D,1.365313,103.75223
BKB-013E,1.36529,103.752489
BKB-013F,1.365765,103.752605
BKB-0140,1.365789,103.753194
BKB-0141,1.366418,103.753351
BKB-0142,1.366428,103.752911
BKB-0143,1.36633,103.75242
BKB-0144,1.364606,103.744335
BKB-0145,1.364843,103.744314
BKB-0146,1.365213,103.744708
BKB-0147,1.365213,103.744645
BKB-0148,1.365398,103.745222
BKB-0149,1.36553,103.745007
BKB-014A,1.365667,103.745626
BKB-014B,1.36591,103.745468
BKB-014C,1.365245,103.745778
BKB-014D,1.365271,103.746001
BKB-014E,1.364836,103.745749
BKB-014F,1.364836,103.745812
BKB-0150,1.364812,103.744926
BKB-0151,1.36481,103.744988
BKB-0152,1.364499,103.745838
BKB-0153,1.364461,103.745182
BKB-0154,1.364446,103.745007
BKB-0155,1.364105,103.745879
BKB-0156,1.364146,103.746524
BKB-0157,1.364945,103.746744
BKB-0158,1.364623,103.7468
BKB-0159,1.363564,103.745726
BKB-015A,1.363065,103.746722
BKB-015B,1.363249,103.746226
BKB-015C,1.3629,103.746729
BKB-015D,1.362882,103.746028
BKB-015E,1.362318,103.746291
BKB-015F,1.36253,103.745594
BKB-0160,1.362533,103.745753
BKB-0161,1.362501,103.744793
BKB-0162,1.362201,103.745935
BKB-0163,1.362187,103.745756
BKB-0164,1.362155,103.745149
BKB-0165,1.362166,103.744929
BKB-0166,1.362169,103.745169
BKB-0167,1.361867,103.745215
BKB-0168,1.361677,103.744862
BKB-0169,1.36214,103.744434
BKB-016A,1.362236,103.744423
BKB-016B,1.351544,103.755161
BKB-016C,1.351432,103.753521
BKB-016D,1.351923,103.755105
BKB-016E,1.351879,103.753455
BKB-016F,1.352288,103.75486
BKB-0170,1.352285,103.754493
BKB-0171,1.35226,103.75381
BKB-0172,1.352208,103.754177
BKB-0173,1.352472,103.755108
BKB-0174,1.352811,103.754676
BKB-0175,1.352651,103.754884
BKB-0176,1.352703,103.753824
BKB-0178,1.353817,103.752666
BKB-0179,1.354475,103.752904
BKB-017A,1.356719,103.752691
BKB-017B,1.356714,103.752455
BKB-017C,1.357526,103.751532
BKB-017D,1.356609,103.751074
BKB-017E,1.356208,103.749688
BKB-017F,1.355914,103.7501
BKB-0180,1.355921,103.750446
BKB-0181,1.353696,103.751419
BKB-0182,1.351876,103.753502
BKB-0183,1.349733,103.748444
BKB-0184,1.350179,103.748255
BKB-0185,1.350648,103.748418
BKB-0186,1.351266,103.749234
BKB-0187,1.351799,103.749331
BKB-0188,1.347202,103.743711
BKB-0189,1.344961,103.745634
BKB-018A,1.345054,103.745336
BKB-018B,1.344943,103.745609
BKB-018C,1.344792,103.745768
BKB-018D,1.345747,103.750625
BKB-018E,1.346294,103.760403
BKB-018F,1.344161,103.760459
BKB-0190,1.344354,103.757419
BKB-0191,1.343415,103.756569
BKB-0192,1.343234,103.755922
BKB-0193,1.344919,103.75476
BKB-0194,1.344889,103.754519
BKB-0195,1.344902,103.754731
BKB-0196,1.345859,103.754801
BKB-0197,1.345773,103.755004
BKB-0198,1.345524,103.754945
BKB-0199,1.345516,103.754974
BKB-019A,1.345492,103.75507
BKB-019B,1.345828,103.754793
BKB-019C,1.345821,103.755001
BKB-019D,1.345523,103.754898
BKB-019E,1.345801,103.754924
BKB-019F,1.34404,103.746454
BKB-01A0,1.344003,103.746563
BKB-01A1,1.355129,103.738851
BKB-01A2,1.355152,103.738845
BKB-01A3,1.355121,103.738826
BKB-01A4,1.356106,103.739053
BKB-01A5,1.356077,103.739024
BKB-01A6,1.356108,103.738999
BKB-01A7,1.356742,103.738859
BKB-01A8,1.356711,103.738871
BKB-01A9,1.356701,103.738909
BKB-01AA,1.356648,103.737513
BKB-01AB,1.356525,103.737635
BKB-01AC,1.351032,103.739297
BKB-01AD,1.350954,103.739264
BKB-01AE,1.350499,103.739184
BKB-01AF,1.350534,103.739266
BKB-01B0,1.35234,103.741273
BKB-01B1,1.352883,103.74468
BKB-01B2,1.352911,103.74473
BKB-01B3,1.353124,103.74313
BKB-01B4,1.353253,103.742768
BKB-01B5,1.353183,103.742916
BKB-01B6,1.353101,103.743203
BKB-01B7,1.353226,103.742826
BKB-01B8,1.353156,103.742983
BKB-01B9,1.35256,103.742669
BKB-01BA,1.352731,103.742384
BKB-01BB,1.352696,103.742446
BKB-01BC,1.352486,103.7428
BKB-01BD,1.352345,103.742192
BKB-01BE,1.352324,103.742338
BKB-01BF,1.345235,103.74491
BKB-01C0,1.345214,103.745106
BKB-01C1,1.346129,103.759742
BKB-01C2,1.343669,103.759778
BKB-01C3,1.343098,103.755425
BKB-01C4,1.343145,103.755309
BKB-01C5,1.344898,103.754224
BKB-01C6,1.34497,103.754058
BKB-01C7,1.344897,103.754296
BKB-01C8,1.345004,103.753927
BKB-01C9,1.345815,103.754158
BKB-01CA,1.345887,103.754185
BKB-01CB,1.345873,103.754128
BKB-01CC,1.345809,103.754287
BKB-01CD,1.343597,103.747433
BKB-01CE,1.343638,103.747625
BKB-01CF,1.343604,103.747429
BKB-01D0,1.343561,103.747467
BKB-01D1,1.34372,103.747471
BKB-01D2,1.355125,103.738312
BKB-01D3,1.355091,103.73812
BKB-01D4,1.35615,103.738781
BKB-01D5,1.356125,103.738662
BKB-01D6,1.356126,103.738627
BKB-01D7,1.356126,103.738738
BKB-01D8,1.357028,103.738386
BKB-01D9,1.356969,103.738386
BKB-01DA,1.355993,103.737962
BKB-01DB,1.35603,103.737743
BKB-01DC,1.351036,103.738654
BKB-01DD,1.350999,103.738655
BKB-01DE,1.351042,103.738738
BKB-01DF,1.351168,103.738693
BKB-01E0,1.351896,103.740889
BKB-01E1,1.35214,103.740848
BKB-01E2,1.352411,103.744611
BKB-01E3,1.352246,103.744317
BKB-01E4,1.352452,103.744338
BKB-01E5,1.352422,103.744655
BKB-01E6,1.352478,103.74439
BKB-01E7,1.352454,103.744621
BKB-01E8,1.352575,103.743506
BKB-01E9,1.352541,103.743039
BKB-01EA,1.352612,103.743358
BKB-01EB,1.352491,103.743066
BKB-01EC,1.352568,103.742985
BKB-01ED,1.352634,103.743505
BKB-01EE,1.352614,103.743215
BKB-01EF,1.352082,103.742746
BKB-01F0,1.352049,103.742745
BKB-01F1,1.352035,103.742775
BKB-01F2,1.35206,103.742793
BKB-01F3,1.345828,103.759196
BKB-01F4,1.343642,103.756742
BKB-01F5,1.343507,103.755398
BKB-01F6,1.343399,103.755209
BKB-01F7,1.345107,103.75365
BKB-01F8,1.345135,103.753562
BKB-01F9,1.343612,103.748122
BKB-01FA,1.343711,103.748238
BKB-01FB,1.343753,103.748051
BKB-01FC,1.355083,103.73776
BKB-01FD,1.355122,103.737594
BKB-01FE,1.35512,103.737777
BKB-01FF,1.355653,103.738758
BKB-0200,1.355535,103.73868
BKB-0201,1.355689,103.738675
BKB-0202,1.35703,103.737771
BKB-0203,1.357012,103.737731
BKB-0204,1.355686,103.737996
BKB-0205,1.352828,103.741288
BKB-0206,1.352348,103.740114
BKB-0207,1.35272,103.741303
BKB-0208,1.352908,103.741273
BKB-0209,1.35236,103.739919
BKB-020A,1.35236,103.739878
BKB-020B,1.352378,103.740156
BKB-020C,1.352292,103.743974
BKB-020D,1.352091,103.743794
BKB-020E,1.352274,103.743917
BKB-020F,1.352066,103.743754
BKB-0210,1.352099,103.743759
BKB-0211,1.344223,103.759156
BKB-0212,1.343997,103.75798
BKB-0213,1.343933,103.757687
BKB-0214,1.343503,103.754974
BKB-0215,1.343469,103.754691
BKB-0216,1.343215,103.75464
BKB-0217,1.344993,103.755565
BKB-0218,1.344892,103.755586
BKB-0219,1.344982,103.75564
BKB-021A,1.344882,103.755654
BKB-021B,1.355087,103.737137
BKB-021C,1.35509,103.73726
BKB-021D,1.355125,103.737116
BKB-021E,1.355714,103.737137
BKB-021F,1.352689,103.743792
BKB-0220,1.352761,103.744098
BKB-0221,1.344646,103.759004
BKB-0222,1.343371,103.757154
BKB-0223,1.343536,103.757707
BKB-0224,1.350341,103.746547
BKB-0225,1.339647,103.760975
BKB-0226,1.338545,103.75632
BKB-0227,1.35863,103.759349
BKB-0229,1.371337,103.763197
BKB-022A,1.350405,103.760831
BKB-022B,1.348517,103.748843
BKB-022C,1.343038,103.751736
BKB-022D,1.342371,103.75293
BKB-022E,1.34239,103.754238
BKB-022F,1.342978,103.753311
BKB-0230,1.343598,103.752222
BKB-0231,1.359265,103.749369
BKB-0232,1.34669,103.756659
BKB-0233,1.359843,103.740299
BKB-0234,1.359824,103.740273
BKB-0235,1.359369,103.74021
BKB-0236,1.359815,103.740263
BKB-0237,1.359811,103.740261
BKB-0238,1.359788,103.740262
BKB-0239,1.359384,103.740223
BKB-023A,1.35938,103.740227
BKB-023B,1.359154,103.740513
BKB-023C,1.359145,103.740526
BKB-023D,1.35925,103.740017
BKB-023E,1.359117,103.73991
BKB-023F,1.359168,103.739955
BKB-0240,1.358131,103.738988
BKB-0241,1.358149,103.739001
BKB-0242,1.353494,103.739973
BKB-0243,1.35415,103.739334
BKB-0244,1.354148,103.739355
BKB-0245,1.353715,103.739205
BKB-0246,1.353731,103.739203
BKB-0247,1.353731,103.739234
BKB-0248,1.353684,103.739187
BKB-0249,1.353301,103.739607
BKB-024A,1.353408,103.73958
BKB-024B,1.353412,103.739594
BKB-024C,1.353425,103.739569
BKB-024D,1.353476,103.739987
BKB-024E,1.3535,103.740024
BKB-024F,1.353507,103.740034
BKB-0250,1.353469,103.739973
BKB-0251,1.353456,103.739951
BKB-0252,1.358967,103.73873
BKB-0253,1.355396,103.74727
BKB-0254,1.357985,103.747353
BKB-0255,1.348576,103.754567
BKB-0256,1.363109,103.767371
BKB-0258,1.36516,103.766973
BKB-0259,1.349251,103.758899
BKB-025A,1.341505,103.759116
BKB-025B,1.343882,103.758705
BKB-025C,1.346621,103.751659
BKB-025D,1.339637,103.757679
BKB-025E,1.355159,103.751737
BKB-025F,1.352467,103.747184
BKB-0260,1.352242,103.746742
BKB-0261,1.349879,103.740837
BKB-0262,1.351421,103.743361
BKB-0263,1.340883,103.755031
BKB-0264,1.351261,103.737893
BKB-0265,1.359475,103.739696
BKB-0266,1.347211,103.745081
BKB-0267,1.349342,103.757916
BKB-0268,1.367652,103.74719
BKB-0269,1.348787,103.752157
BKB-026A,1.352821,103.755014
BKB-026B,1.34418,103.756346
BKB-026C,1.363553,103.764908
BKB-026D,1.356,103.761965
BKB-026E,1.37444,103.762547
BKB-026F,1.349055,103.760687
BKB-0270,1.35594,103.743706
BKB-0271,1.356038,103.743828
BKB-0272,1.35587,103.742788
BKB-0273,1.355644,103.743554
BKB-0274,1.356435,103.743812
BKB-0275,1.356569,103.743656
BKB-0276,1.356568,103.74398
BKB-0277,1.356004,103.7431
BKB-0278,1.356673,103.743329
BKB-0279,1.356696,103.743232
BKB-027A,1.356813,103.743297
BKB-027B,1.356796,103.743264
BKB-027C,1.35696,103.742954
BKB-027D,1.357065,103.743025
BKB-027E,1.356626,103.743372
BKB-027F,1.356666,103.743349
BKB-0280,1.357712,103.741838
BKB-0281,1.358106,103.742392
BKB-0282,1.358052,103.742341
BKB-0283,1.358041,103.742289
BKB-0284,1.357688,103.74186
BKB-0285,1.357754,103.742009
BKB-0286,1.35773,103.741763
BKB-0287,1.355317,103.740334
BKB-0288,1.355344,103.740286
BKB-0289,1.355494,103.740106
BKB-028A,1.354556,103.740475
BKB-028B,1.354529,103.740531
BKB-028C,1.35502,103.740705
BKB-028D,1.355124,103.74058
BKB-028E,1.356693,103.742957
BKB-028F,1.356572,103.742986
BKB-0290,1.355021,103.739969
BKB-0291,1.355015,103.739889
BKB-0292,1.356272,103.742414
BKB-0293,1.356857,103.741907
BKB-0294,1.357009,103.741855
BKB-0295,1.356496,103.743008
BKB-0297,1.356494,103.741845
BKB-0298,1.356409,103.742073
BKB-0299,1.357352,103.742794
BKB-029A,1.357444,103.742693
BKB-029B,1.357498,103.742614
BKB-029C,1.35515,103.74049
BKB-029D,1.35516,103.74046
BKB-029E,1.3547,103.740209
BKB-029F,1.35486,103.74011
BKB-02A0,1.35522,103.73996
BKB-02A1,1.35523,103.73993
BKB-02A2,1.355324,103.74049
BKB-02A3,1.355598,103.740107
BKB-02A4,1.35864,103.74014
BKB-02A5,1.35732,103.73939
BKB-02A6,1.35667,103.74013
BKB-02A7,1.35515,103.74057
BKB-02A8,1.35945,103.74042
BKB-02A9,1.35957,103.74015
BKB-02AA,1.35958,103.74011
BKB-02AB,1.3586,103.7401
BKB-02AC,1.35871,103.7401
BKB-02AD,1.35822,103.73894
BKB-02AE,1.35826,103.73887
BKB-02AF,1.35813,103.73889
BKB-02B0,1.35919,103.74023
BKB-02B1,1.35929,103.74039
BKB-02B2,1.35926,103.74044
BKB-02B3,1.35929,103.74043
BKB-02B4,1.35916,103.7405
BKB-02B5,1.35945,103.74081
BKB-02B6,1.35939,103.74075
BKB-02B7,1.35956,103.74078
BKB-02B8,1.35765,103.73955
BKB-02B9,1.3577,103.73962
BKB-02BA,1.35747,103.74033
BKB-02BB,1.35763,103.74045
BKB-02BC,1.35764,103.74054
BKB-02BD,1.35786,103.74037
BKB-02BE,1.3577,103.7402
BKB-02BF,1.35804,103.74018
BKB-02C0,1.35563,103.74008
BKB-02C1,1.35667,103.74027
BKB-02C2,1.3573,103.74078
BKB-02C3,1.35752,103.74029
BKB-02C4,1.35745,103.7404
BKB-02C5,1.35746,103.74044
BKB-02C6,1.35746,103.73958
BKB-02C7,1.35769,103.73943
BKB-02C8,1.36093,103.74153
BKB-02C9,1.36071,103.74248
BKB-02CA,1.36062,103.74254
BKB-02CB,1.3607,103.743
BKB-02CC,1.36072,103.74313
BKB-02CD,1.359168,103.739955
BKB-02CE,1.359117,103.73991
BKB-02CF,1.35925,103.740017
BKB-02D0,1.36171,103.74243
BKB-02D1,1.36169,103.74254
BKB-02D2,1.36171,103.74249
BKB-02D3,1.36143,103.74191
BKB-02D4,1.36136,103.74184
BKB-02D5,1.36129,103.74174
BKB-02D6,1.36136,103.74178
BKB-02D7,1.36091,103.74146
BKB-02D8,1.36104,103.74288
BKB-02D9,1.36103,103.74286
BKB-02DA,1.36096,103.74287
BKB-02DB,1.36153,103.74299
BKB-02DC,1.36143,103.74284
BKB-02DD,1.36141,103.74306
BKB-02DE,1.3614,103.74303
BKB-02DF,1.361713,103.74242
BKB-02E0,1.35826,103.73893
BKB-02E1,1.35781,103.73873
BKB-02E2,1.35792,103.73871
BKB-02E3,1.35738,103.73946
BKB-02E4,1.3573,103.73947
BKB-02E5,1.35656,103.74028
BKB-02E6,1.36119,103.74215
BKB-02E7,1.36139,103.74219
BKB-02E8,1.346953,103.743464
BKB-02E9,1.34997,103.74573
BKB-02EA,1.349907,103.745504
BKB-02EB,1.349827,103.74549
BKB-02EC,1.349729,103.745365
BKB-02ED,1.348214,103.749289
BKB-02EE,1.348192,103.749332
BKB-02EF,1.354147,103.739377
BKB-02F0,1.354718,103.768665
BKB-02F1,1.363902,103.747183
BKB-02F2,1.357543,103.738667
BKB-02F3,1.34986,103.744868
BKB-02F4,1.365472,103.750658
BKB-02F5,1.35929,103.741229
BKB-02F6,1.359786,103.741057
BKB-02F7,1.355618,103.741953
BKM-0001,1.291214,103.817358
BKM-0002,1.276985,103.802697
BKM-0003,1.289439,103.816486
BKM-0004,1.291266,103.820467
BKM-0005,1.291509,103.817298
BKM-0006,1.291512,103.814578
BKM-0009,1.267337,103.816864
BKM-000A,1.269707,103.812861
BKM-000B,1.27,103.813084
BKM-000C,1.281433,103.803423
BKM-000D,1.272767,103.807932
BKM-000F,1.28273,103.82897
BKM-0010,1.285982,103.82709
BKM-0011,1.290618,103.82355
BKM-0012,1.293823,103.815983
BKM-0014,1.289055,103.806147
BKM-0015,1.29114,103.807903
BKM-0016,1.271371,103.824727
BKM-0017,1.276773,103.823491
BKM-0018,1.268441,103.816218
BKM-0019,1.271717,103.827053
BKM-001A,1.291633,103.816683
BKM-001B,1.271379,103.809738
BKM-001C,1.272566,103.809596
BKM-001D,1.27747,103.808579
BKM-001E,1.288285,103.822789
BKM-001F,1.292505,103.815778
BKM-0020,1.290446,103.818557
BKM-0021,1.290702,103.816554
BKM-0022,1.287772,103.82885
BKM-0023,1.289268,103.827229
BKM-0024,1.289003,103.826819
BKM-0025,1.288774,103.826721
BKM-0026,1.290088,103.826535
BKM-0027,1.292189,103.828182
BKM-0028,1.291016,103.829366
BKM-0029,1.290693,103.832794
BKM-002A,1.273662,103.82892
BKM-002B,1.273849,103.828143
BKM-002C,1.288513,103.820741
BKM-002D,1.288722,103.819504
BKM-002E,1.292379,103.827253
BKM-002F,1.291984,103.831654
BKM-0030,1.27873,103.819226
BKM-0031,1.277479,103.822784
BKM-0032,1.276387,103.819245
BKM-0033,1.27352,103.82248
BKM-0034,1.272101,103.823248
BKM-0035,1.273876,103.826995
BKM-0036,1.287494,103.816398
BKM-0037,1.282867,103.817615
BKM-0038,1.285438,103.81876
BKM-0039,1.287656,103.807209
BKM-003A,1.288734,103.809997
BKM-003B,1.287451,103.810974
BKM-003C,1.289185,103.815367
BKM-003D,1.286467,103.804384
BKM-003E,1.289865,103.811049
BKM-003F,1.289745,103.811058
BKM-0040,1.288318,103.807269
BKM-0041,1.283551,103.82084
BKM-0042,1.283743,103.824132
BKM-0043,1.283533,103.824071
BKM-0044,1.281683,103.82555
BKM-0045,1.28238,103.826778
BKM-0046,1.28335,103.82784
BKM-0047,1.28264,103.828427
BKM-0049,1.282479,103.829192
BKM-004A,1.281941,103.829724
BKM-004B,1.281605,103.829955
BKM-004C,1.28163,103.828874
BKM-004D,1.280246,103.828835
BKM-004E,1.281611,103.82706
BKM-004F,1.283548,103.826281
BKM-0050,1.283518,103.825477
BKM-0051,1.282667,103.825565
BKM-0052,1.283041,103.825975
BKM-0053,1.283058,103.825752
BKM-0054,1.28261,103.825228
BKM-0055,1.282287,103.825157
BKM-0056,1.282252,103.82456
BKM-0057,1.28309,103.824862
BKM-005A,1.277314,103.83055
BKM-005B,1.277324,103.83147
BKM-005C,1.277171,103.838355
BKM-005D,1.276638,103.838433
BKM-0060,1.285673,103.826454
BKM-0061,1.285549,103.826187
BKM-0062,1.285571,103.825944
BKM-0063,1.285146,103.825887
BKM-0064,1.28495,103.825984
BKM-0065,1.284985,103.826412
BKM-0066,1.284762,103.82659
BKM-0067,1.284885,103.826724
BKM-0068,1.284772,103.82706
BKM-0069,1.28007,103.826961
BKM-006A,1.279425,103.826528
BKM-006B,1.280236,103.825949
BKM-006C,1.280315,103.825881
BKM-006D,1.279245,103.828259
BKM-006E,1.279166,103.827632
BKM-006F,1.278704,103.82787
BKM-0070,1.278957,103.827234
BKM-0075,1.27909,103.826982
BKM-0076,1.275881,103.839164
BKM-0077,1.275376,103.839333
BKM-0078,1.274498,103.839542
BKM-0079,1.274429,103.839984
BKM-007A,1.27479,103.840623
BKM-007B,1.273875,103.840169
BKM-007C,1.27381,103.840223
BKM-007D,1.273743,103.839878
BKM-007E,1.273797,103.839355
BKM-007F,1.27381,103.839044
BKM-0085,1.286634,103.830006
BKM-0086,1.286868,103.830403
BKM-0087,1.286266,103.82939
BKM-0088,1.286276,103.829071
BKM-0089,1.285606,103.822423
BKM-008A,1.278866,103.827593
BKM-008B,1.278158,103.831165
BKM-008D,1.270761,103.809548
BKM-008E,1.272073,103.802288
BKM-008F,1.271991,103.802662
BKM-0090,1.272008,103.802762
BKM-0091,1.289403,103.817356
BKM-0092,1.289358,103.817336
BKM-0093,1.289211,103.81643
BKM-0094,1.285292,103.827021
BKM-0095,1.28654,103.82797
BKM-0096,1.28614,103.82824
BKM-0097,1.291753,103.823186
BKM-0098,1.28118,103.812255
BKM-0099,1.275722,103.813452
BKM-009A,1.277247,103.839055
BKM-009B,1.276872,103.839722
BKM-009C,1.276731,103.839147
BKM-009D,1.276741,103.839186
BKM-009E,1.276777,103.839356
BKM-009F,1.27679,103.839398
BKM-00A0,1.276803,103.839568
BKM-00A1,1.276816,103.839611
BKM-00A2,1.276823,103.839683
BKM-00A3,1.276829,103.839725
BKM-00A4,1.276764,103.839137
BKM-00A5,1.275221,103.839235
BKM-00A6,1.275388,103.839218
BKM-00A7,1.274339,103.839647
BKM-00A8,1.274526,103.839591
BKM-00A9,1.274382,103.840101
BKM-00AA,1.274609,103.840513
BKM-00AB,1.274786,103.840444
BKM-00AC,1.273836,103.840343
BKM-00AD,1.273984,103.840317
BKM-00AE,1.273908,103.839856
BKM-00AF,1.273822,103.839451
BKM-00B0,1.273984,103.839464
BKM-00B1,1.273957,103.839019
BKM-00B2,1.275191,103.836012
BKM-00B3,1.27518,103.835966
BKM-00B4,1.275314,103.835974
BKM-00B5,1.27479,103.836306
BKM-00B6,1.274786,103.836159
BKM-00B7,1.274678,103.836313
BKM-00B8,1.274727,103.83519
BKM-00B9,1.274606,103.835193
BKM-00BA,1.274606,103.835363
BKM-00BB,1.274507,103.834778
BKM-00BC,1.274513,103.834971
BKM-00BD,1.274369,103.834978
BKM-00BE,1.273747,103.834572
BKM-00BF,1.273744,103.834389
BKM-00C0,1.273885,103.834579
BKM-00C1,1.273872,103.834379
BKM-00C2,1.273507,103.833964
BKM-00C3,1.273638,103.833954
BKM-00C4,1.273655,103.834147
BKM-00C5,1.273526,103.83501
BKM-00C6,1.273523,103.834817
BKM-00C7,1.273665,103.834824
BKM-00C8,1.273671,103.835007
BKM-00C9,1.273977,103.836564
BKM-00CA,1.27397,103.836741
BKM-00CB,1.274099,103.836734
BKM-00CC,1.277339,103.839653
BKM-00CD,1.275905,103.839055
BKM-00CE,1.275717,103.839068
BKM-00CF,1.275898,103.839003
BKM-00D0,1.273704,103.836319
BKM-00D1,1.273707,103.836509
BKM-00D2,1.273572,103.836509
BKM-00D3,1.279436,103.817735
BKM-00D4,1.27783,103.819564
BKM-00D5,1.278089,103.820216
BKM-00D6,1.278281,103.820811
BKM-00D7,1.277638,103.820376
BKM-00D8,1.277449,103.820615
BKM-00D9,1.277128,103.820971
BKM-00DA,1.277004,103.820574
BKM-00DB,1.278122,103.821711
BKM-00DC,1.277773,103.821722
BKM-00DD,1.278023,103.822883
BKM-00DE,1.277446,103.822607
BKM-00DF,1.277465,103.822647
BKM-00E0,1.277015,103.822105
BKM-00E1,1.276852,103.821628
BKM-00E2,1.276714,103.821188
BKM-00E3,1.276584,103.819759
BKM-00E4,1.276555,103.819689
BKM-00E5,1.276072,103.820872
BKM-00E6,1.27533,103.820939
BKM-00E7,1.276374,103.819271
BKM-00E8,1.276388,103.819142
BKM-00E9,1.27628,103.819144
BKM-00EA,1.27658,103.818809
BKM-00EB,1.276642,103.818909
BKM-00EC,1.274465,103.821238
BKM-00ED,1.274432,103.82153
BKM-00EE,1.273742,103.820661
BKM-00EF,1.273952,103.820866
BKM-00F0,1.273569,103.82099
BKM-00F1,1.272965,103.820256
BKM-00F2,1.273305,103.820247
BKM-00F3,1.272404,103.820876
BKM-00F4,1.273986,103.822609
BKM-00F5,1.274099,103.822547
BKM-00F6,1.273461,103.822554
BKM-00F7,1.272754,103.822978
BKM-00F8,1.272601,103.822976
BKM-00F9,1.272603,103.822816
BKM-00FA,1.27169,103.82258
BKM-00FB,1.271836,103.822609
BKM-00FC,1.271685,103.822445
BKM-00FD,1.272074,103.823285
BKM-00FE,1.271963,103.823412
BKM-00FF,1.271573,103.823526
BKM-0100,1.27147,103.823157
BKM-0101,1.271465,103.823023
BKM-0102,1.271542,103.825995
BKM-0103,1.271707,103.826528
BKM-0104,1.271959,103.826705
BKM-0105,1.272047,103.825381
BKM-0106,1.272074,103.825933
BKM-0107,1.272402,103.825709
BKM-0108,1.272483,103.825007
BKM-0109,1.273019,103.825425
BKM-010A,1.273089,103.825018
BKM-010B,1.273355,103.825598
BKM-010C,1.273359,103.825489
BKM-010D,1.273925,103.825337
BKM-010E,1.273808,103.826994
BKM-010F,1.273817,103.826806
BKM-0110,1.274354,103.827127
BKM-0111,1.27478,103.826913
BKM-0112,1.274567,103.827549
BKM-0113,1.274725,103.826732
BKM-0114,1.27507,103.82553
BKM-0115,1.274953,103.82552
BKM-0116,1.27513,103.825741
BKM-0117,1.275332,103.826563
BKM-0118,1.275442,103.826751
BKM-0119,1.275382,103.82696
BKM-011A,1.275305,103.827187
BKM-011B,1.277945,103.820711
BKM-011C,1.277798,103.820879
BKM-011D,1.277309,103.821349
BKM-011E,1.272522,103.809262
BKM-011F,1.273101,103.809975
BKM-0120,1.273099,103.810309
BKM-0121,1.273518,103.810294
BKM-0122,1.273525,103.80999
BKM-0123,1.273883,103.811328
BKM-0124,1.274376,103.811411
BKM-0125,1.273663,103.811821
BKM-0126,1.273559,103.812079
BKM-0127,1.273944,103.812234
BKM-0128,1.274054,103.811948
BKM-0129,1.274149,103.812682
BKM-012A,1.274382,103.812122
BKM-012B,1.27451,103.812864
BKM-012C,1.274795,103.812223
BKM-012D,1.274967,103.813276
BKM-012E,1.275023,103.813155
BKM-012F,1.27547,103.813295
BKM-0130,1.275417,103.81346
BKM-0131,1.27623,103.811777
BKM-0132,1.275998,103.812383
BKM-0133,1.275795,103.811783
BKM-0134,1.2753,103.81098
BKM-0135,1.275195,103.811233
BKM-0136,1.274908,103.81073
BKM-0137,1.274529,103.810449
BKM-0138,1.274431,103.810817
BKM-0139,1.274521,103.810207
BKM-013A,1.274078,103.810518
BKM-013B,1.274708,103.809708
BKM-013C,1.275093,103.810293
BKM-013D,1.275649,103.810174
BKM-013E,1.276178,103.809528
BKM-013F,1.27582,103.809112
BKM-0140,1.275445,103.808721
BKM-0141,1.274898,103.8088
BKM-0142,1.277221,103.808771
BKM-0143,1.27686,103.808653
BKM-0144,1.277534,103.808153
BKM-0145,1.281511,103.807217
BKM-0146,1.281703,103.806753
BKM-0147,1.276371,103.811056
BKM-0148,1.276319,103.811211
BKM-0149,1.276353,103.811147
BKM-014A,1.273628,103.806481
BKM-014B,1.277854,103.807204
BKM-014C,1.277883,103.807039
BKM-014D,1.276595,103.806811
BKM-014E,1.275425,103.807144
BKM-014F,1.280676,103.813458
BKM-0150,1.280723,103.813458
BKM-0151,1.280448,103.812282
BKM-0152,1.281016,103.81135
BKM-0153,1.281141,103.811322
BKM-0154,1.281021,103.811289
BKM-0155,1.280959,103.811768
BKM-0156,1.280593,103.810969
BKM-0157,1.280918,103.809614
BKM-0158,1.281078,103.808864
BKM-0159,1.281522,103.808257
BKM-015A,1.276557,103.810609
BKM-015B,1.276498,103.810761
BKM-015C,1.276515,103.810725
BKM-015D,1.273545,103.806843
BKM-015E,1.273435,103.806795
BKM-015F,1.27721,103.806841
BKM-0160,1.277184,103.806958
BKM-0161,1.275801,103.807183
BKM-0162,1.275985,103.807015
BKM-0163,1.275527,103.807684
BKM-0164,1.280741,103.813174
BKM-0165,1.280528,103.812148
BKM-0166,1.289377,103.822283
BKM-0167,1.280892,103.809209
BKM-0168,1.28104,103.808562
BKM-0169,1.281625,103.807844
BKM-016A,1.276154,103.810733
BKM-016B,1.276113,103.810832
BKM-016C,1.273597,103.807187
BKM-016D,1.273417,103.807296
BKM-0171,1.28903,103.808364
BKM-0172,1.287419,103.806937
BKM-0173,1.287617,103.806936
BKM-0174,1.287765,103.807342
BKM-0175,1.287805,103.807197
BKM-0176,1.287963,103.807741
BKM-0177,1.28778,103.807695
BKM-0179,1.288203,103.808951
BKM-017A,1.288499,103.808896
BKM-017B,1.289316,103.808984
BKM-017C,1.288646,103.80978
BKM-017D,1.288646,103.809731
BKM-017E,1.28708,103.812745
BKM-017F,1.287484,103.811548
BKM-0180,1.288001,103.814247
BKM-0181,1.288577,103.814453
BKM-0182,1.288725,103.814524
BKM-0183,1.289809,103.813931
BKM-0184,1.28973,103.813761
BKM-0185,1.289507,103.815516
BKM-0186,1.286794,103.816169
BKM-0187,1.287095,103.81651
BKM-0188,1.28665,103.816572
BKM-0189,1.288479,103.818064
BKM-018A,1.28844,103.818919
BKM-018B,1.287096,103.818568
BKM-018C,1.287852,103.819698
BKM-018D,1.287304,103.819664
BKM-018E,1.286971,103.819649
BKM-018F,1.286003,103.818561
BKM-0190,1.285408,103.819139
BKM-0191,1.284955,103.819122
BKM-0192,1.286868,103.820526
BKM-0193,1.289831,103.821806
BKM-0194,1.290243,103.822419
BKM-0195,1.284214,103.814499
BKM-0196,1.284049,103.814589
BKM-0197,1.283859,103.814918
BKM-0198,1.283735,103.815358
BKM-0199,1.283588,103.815447
BKM-019A,1.283948,103.821182
BKM-019B,1.286051,103.804752
BKM-019C,1.28615,103.804808
BKM-019D,1.286562,103.804924
BKM-019E,1.286629,103.804254
BKM-019F,1.286336,103.804058
BKM-01A0,1.286601,103.803676
BKM-01A1,1.285816,103.80346
BKM-01A2,1.286274,103.803312
BKM-01A3,1.285246,103.802751
BKM-01A4,1.285238,103.803286
BKM-01A5,1.282897,103.823728
BKM-01A6,1.283822,103.824245
BKM-01A7,1.284837,103.824511
BKM-01AC,1.288643,103.810011
BKM-01AD,1.288646,103.810063
BKM-01AE,1.288643,103.810422
BKM-01AF,1.287156,103.811812
BKM-01B0,1.287198,103.813417
BKM-01B1,1.288137,103.814319
BKM-01B2,1.289612,103.815327
BKM-01B3,1.288128,103.816775
BKM-01B4,1.287887,103.816167
BKM-01B5,1.288636,103.81701
BKM-01B6,1.28653,103.821184
BKM-01B7,1.286684,103.821154
BKM-01B8,1.286461,103.821365
BKM-01B9,1.287884,103.821905
BKM-01BA,1.284178,103.822089
BKM-01BB,1.283262,103.822457
BKM-01BC,1.282983,103.82323
BKM-01BD,1.284242,103.822625
BKM-01BE,1.28421,103.822738
BKM-01BF,1.284189,103.82281
BKM-01C0,1.284162,103.822929
BKM-01C1,1.285051,103.823645
BKM-01C2,1.284516,103.823843
BKM-01C3,1.289161,103.815299
BKM-01C4,1.287135,103.821841
BKM-01C5,1.287101,103.821746
BKM-01C6,1.286921,103.821511
BKM-01C7,1.286859,103.821676
BKM-01C8,1.288098,103.821338
BKM-01C9,1.288007,103.821195
BKM-01CA,1.288271,103.821167
BKM-01CB,1.283346,103.82128
BKM-01CC,1.282813,103.822706
BKM-01CD,1.285226,103.823356
BKM-01CE,1.285302,103.822913
BKM-01CF,1.285263,103.822986
BKM-01D0,1.287284,103.821863
BKM-01D1,1.292006,103.828623
BKM-01D2,1.29169,103.827261
BKM-01D3,1.292229,103.827836
BKM-01D4,1.283555,103.827148
BKM-01D5,1.286302,103.829424
BKM-01D6,1.288606,103.829122
BKM-01D7,1.288748,103.828807
BKM-01D8,1.288854,103.828559
BKM-01D9,1.288793,103.82893
BKM-01DA,1.288841,103.828834
BKM-01DB,1.288631,103.829361
BKM-01DC,1.288146,103.828095
BKM-01DD,1.2882,103.828798
BKM-01DE,1.2882,103.828074
BKM-01DF,1.28538,103.830925
BKM-01E0,1.285377,103.830757
BKM-01E1,1.287898,103.828727
BKM-01E2,1.28767,103.828724
BKM-01E3,1.287908,103.827404
BKM-01E4,1.288248,103.826757
BKM-01E5,1.28476,103.831754
BKM-01E6,1.284752,103.831587
BKM-01E7,1.284749,103.831424
BKM-01E8,1.289284,103.826544
BKM-01E9,1.284283,103.831438
BKM-01EA,1.284291,103.831602
BKM-01EB,1.284295,103.831769
BKM-01EC,1.288359,103.825766
BKM-01ED,1.284368,103.830682
BKM-01EE,1.28436,103.830515
BKM-01EF,1.284357,103.830352
BKM-01F0,1.284752,103.833215
BKM-01F1,1.284365,103.832743
BKM-01F2,1.291093,103.827459
BKM-01F3,1.283022,103.831432
BKM-01F4,1.290611,103.832697
BKM-01F5,1.288265,103.833293
BKM-01F6,1.288543,103.832746
BKM-01F7,1.280647,103.825187
BKM-01F8,1.28065,103.825275
BKM-01F9,1.280164,103.824892
BKM-01FA,1.280239,103.824108
BKM-01FB,1.279249,103.826411
BKM-01FC,1.281183,103.826543
BKM-01FD,1.281319,103.826604
BKM-01FE,1.281754,103.826771
BKM-01FF,1.282863,103.828013
BKM-0200,1.282676,103.828434
BKM-0201,1.283463,103.828812
BKM-0202,1.283764,103.829233
BKM-0204,1.283635,103.827945
BKM-0205,1.281586,103.828768
BKM-0206,1.281503,103.828932
BKM-0207,1.281085,103.829145
BKM-0208,1.280683,103.829432
BKM-0209,1.280124,103.829161
BKM-020A,1.278893,103.827577
BKM-020B,1.27883,103.827228
BKM-020C,1.278722,103.827124
BKM-020D,1.278081,103.827433
BKM-020E,1.278311,103.826689
BKM-020F,1.278086,103.82713
BKM-0210,1.278573,103.825962
BKM-0211,1.278287,103.826486
BKM-0212,1.279087,103.826648
BKM-0213,1.278558,103.826623
BKM-0214,1.278145,103.829649
BKM-0215,1.277203,103.828447
BKM-0216,1.277124,103.828946
BKM-0217,1.277323,103.82922
BKM-0218,1.277274,103.82832
BKM-0219,1.277131,103.827822
BKM-021A,1.277203,103.82777
BKM-021B,1.277887,103.829937
BKM-021C,1.27688,103.828166
BKM-021D,1.277785,103.830123
BKM-021E,1.27777,103.830134
BKM-021F,1.277656,103.830053
BKM-0220,1.277158,103.830171
BKM-0221,1.277182,103.830045
BKM-0222,1.277594,103.830383
BKM-0223,1.2775,103.830518
BKM-0224,1.277883,103.830776
BKM-0225,1.277697,103.830391
BKM-0226,1.27746,103.831079
BKM-0227,1.27719,103.831029
BKM-0228,1.276909,103.830669
BKM-0229,1.276898,103.830588
BKM-022A,1.277196,103.832184
BKM-022B,1.277383,103.831429
BKM-022C,1.277286,103.831689
BKM-022D,1.277307,103.831472
BKM-022E,1.277084,103.83147
BKM-022F,1.291684,103.828114
BKM-0230,1.291804,103.82812
BKM-0231,1.291795,103.826504
BKM-0232,1.291922,103.826744
BKM-0233,1.291834,103.82654
BKM-0234,1.287675,103.831187
BKM-0235,1.287469,103.832278
BKM-0236,1.287585,103.832679
BKM-0237,1.287935,103.831934
BKM-0238,1.28544,103.83268
BKM-0239,1.285433,103.832514
BKM-023A,1.285376,103.832246
BKM-023B,1.285379,103.83208
BKM-023C,1.285406,103.831805
BKM-023D,1.285403,103.83164
BKM-023E,1.28535,103.831362
BKM-023F,1.285345,103.831204
BKM-0240,1.282396,103.825232
BKM-0241,1.285326,103.830483
BKM-0242,1.285318,103.83032
BKM-0243,1.284832,103.831419
BKM-0244,1.284837,103.831587
BKM-0245,1.284799,103.830334
BKM-0246,1.284805,103.830497
BKM-0247,1.28481,103.830672
BKM-0248,1.28438,103.831768
BKM-0249,1.284373,103.8316
BKM-024A,1.284368,103.831436
BKM-024B,1.283942,103.83145
BKM-024C,1.283951,103.831614
BKM-024D,1.289507,103.828595
BKM-024E,1.289537,103.828607
BKM-024F,1.289465,103.828403
BKM-0250,1.289528,103.828634
BKM-0251,1.289474,103.828712
BKM-0252,1.289408,103.829014
BKM-0253,1.289468,103.828855
BKM-0254,1.289375,103.828867
BKM-0255,1.289444,103.829017
BKM-0256,1.289381,103.829167
BKM-0257,1.289411,103.829268
BKM-0258,1.28942,103.829173
BKM-0259,1.289432,103.829322
BKM-025A,1.289971,103.829262
BKM-025B,1.290022,103.829164
BKM-025C,1.290146,103.829224
BKM-025D,1.289944,103.829301
BKM-025E,1.289983,103.829167
BKM-025F,1.29004,103.828849
BKM-0260,1.290046,103.828999
BKM-0261,1.290001,103.828843
BKM-0262,1.290119,103.828565
BKM-0263,1.29023,103.8284
BKM-0264,1.290098,103.828643
BKM-0265,1.290089,103.828688
BKM-0266,1.290086,103.828565
BKM-0267,1.290089,103.828194
BKM-0268,1.290134,103.827927
BKM-0269,1.290086,103.828116
BKM-026A,1.290071,103.828173
BKM-026B,1.290056,103.828032
BKM-026C,1.29005,103.828113
BKM-026D,1.291217,103.827249
BKM-026E,1.291057,103.828976
BKM-026F,1.291081,103.829351
BKM-0270,1.281664,103.825562
BKM-0271,1.283348,103.827838
BKM-0272,1.282622,103.828109
BKM-0273,1.282831,103.82973
BKM-0274,1.282732,103.829664
BKM-0275,1.282859,103.829738
BKM-0276,1.281928,103.829879
BKM-0277,1.282069,103.829691
BKM-0278,1.287308,103.83131
BKM-0279,1.287028,103.82859
BKM-027A,1.287044,103.828518
BKM-027B,1.287834,103.832518
BKM-027C,1.283605,103.826303
BKM-027D,1.283214,103.826206
BKM-027E,1.288932,103.826922
BKM-027F,1.288959,103.827071
BKM-0280,1.289031,103.827104
BKM-0281,1.288597,103.826622
BKM-0282,1.282019,103.825944
BKM-0283,1.28106,103.827563
BKM-0284,1.280733,103.828507
BKM-0285,1.284019,103.827214
BKM-0286,1.282963,103.827183
BKM-0287,1.287015,103.828931
BKM-0288,1.287027,103.829022
BKM-0289,1.288029,103.831347
BKM-028A,1.285639,103.826425
BKM-028B,1.285628,103.826111
BKM-028C,1.285603,103.826268
BKM-028D,1.285115,103.825769
BKM-028E,1.285018,103.826018
BKM-028F,1.284784,103.826821
BKM-0290,1.284691,103.827035
BKM-0291,1.282317,103.824595
BKM-0292,1.282411,103.826286
BKM-0293,1.281416,103.827749
BKM-0294,1.282382,103.829136
BKM-0295,1.282498,103.82921
BKM-0296,1.282499,103.82919
BKM-0297,1.281631,103.829832
BKM-0298,1.281571,103.829919
BKM-0299,1.286611,103.833111
BKM-029A,1.286787,103.832535
BKM-029B,1.286648,103.83151
BKM-029C,1.286723,103.830276
BKM-029D,1.286402,103.82906
BKM-029E,1.286409,103.829239
BKM-029F,1.286397,103.829194
BKM-02A0,1.285632,103.825983
BKM-02A1,1.285589,103.825772
BKM-02A2,1.285574,103.825812
BKM-02A3,1.285653,103.825804
BKM-02A4,1.283102,103.824799
BKM-02A5,1.282382,103.826786
BKM-02A6,1.281872,103.827984
BKM-02A7,1.280983,103.8301
BKM-02A8,1.286702,103.833247
BKM-02A9,1.286808,103.832098
BKM-02AA,1.286745,103.830659
BKM-02AB,1.28682,103.830466
BKM-02AC,1.286799,103.832795
BKM-02AD,1.28486,103.826414
BKM-02AE,1.284838,103.826614
BKM-02AF,1.282104,103.825285
BKM-02B0,1.283106,103.832276
BKM-02B1,1.283037,103.832393
BKM-02B2,1.282918,103.832179
BKM-02B3,1.288965,103.817438
BKM-02B4,1.276399,103.832632
BKM-02B5,1.275809,103.834371
BKM-02B7,1.276972,103.804483
BKM-02B8,1.277427,103.804311
BKM-02B9,1.277876,103.804632
BKM-02BA,1.278785,103.804795
BKM-02BB,1.275024,103.809059
BKM-02BC,1.274085,103.808528
BKM-02BD,1.273132,103.807627
BKM-02BE,1.273048,103.810945
BKM-02BF,1.280879,103.813343
BKM-02C0,1.281668,103.807141
BKM-02C1,1.27629,103.810294
BKM-02C2,1.275233,103.812828
BKM-02C3,1.275412,103.810693
BKM-02C4,1.274176,103.811713
BKM-02C5,1.285382,103.804453
BKM-02C6,1.281426,103.813374
BKM-02C7,1.26607,103.820388
BKM-02C8,1.280855,103.838678
BKM-02C9,1.272238,103.802306
BKM-02CA,1.284344,103.831995
BKM-02CB,1.284471,103.831957
BKM-02CC,1.284916,103.832847
BKM-02CD,1.339596,103.776182
BKM-02CE,1.280558,103.836831
BKM-02CF,1.281281,103.8351
BKM-02D0,1.280798,103.835006
BKM-02D1,1.27891,103.832901
BKM-02D3,1.27939,103.837297
BKM-02D4,1.284442,103.815688
BKM-02D5,1.282977,103.832325
BKM-02D6,1.265959,103.821469
BKM-02D7,1.279098,103.838583
BKM-02D8,1.27738,103.839601
BKM-02D9,1.2773,103.839106
BKM-02DA,1.273497,103.840408
BKM-02DB,1.272457,103.824254
BKM-02DC,1.283022,103.831432
BKM-02DD,1.271158,103.809448
BKM-02DE,1.28107,103.818487
BKM-02DF,1.28542,103.813268
BKM-02E0,1.283566,103.824443
BKM-02E1,1.281641,103.809248
BKM-02E2,1.27244,103.823792
BKM-02E3,1.274719,103.821257
BKM-02E4,1.275632,103.819191
BKM-02E5,1.268198,103.827312
BKM-02E6,1.276253,103.823033
BKM-02E7,1.276696,103.84058
BKM-02E8,1.272673,103.80992
BKM-02E9,1.275751,103.813876
BKM-02EA,1.270916,103.8266
BKM-02EB,1.288154,103.811575
BKM-02EC,1.286821,103.805441
BKM-02ED,1.289646,103.833719
BKM-02EE,1.28111,103.825188
BKM-02EF,1.286853,103.822107
BKM-02F0,1.279025,103.838655
BKM-02F1,1.280858,103.802486
BKM-02F2,1.285813,103.832272
BKM-02F3,1.288879,103.815084
BKM-02F4,1.265591,103.819798
BKM-02F5,1.268283,103.828205
BKM-02F6,1.285917,103.809138
BKM-02F8,1.286752,103.833801
BKM-02F9,1.288546,103.833418
BKM-02FA,1.284819,103.832788
BKM-02FB,1.284456,103.832343
BKM-02FC,1.277081,103.821046
BKM-02FD,1.27242,103.842123
BKM-02FF,1.265947,103.820206
BKM-0300,1.265949,103.82147
BKP-0001,1.386687,103.771878
BKP-0002,1.37649,103.770911
BKT-0002,1.3346,103.787929
BKT-0007,1.312637,103.79451
BKT-0008,1.316204,103.789047
BKT-0009,1.318315,103.785562
BKT-000A,1.321223,103.790034
BKT-000B,1.336436,103.782481
BKT-000C,1.331461,103.797153
BKT-000D,1.340038,103.775847
BKT-000E,1.319051,103.782406
BKT-000F,1.319668,103.782372
BKT-0010,1.320825,103.779474
BKT-0011,1.321101,103.78003
BKT-0014,1.315471,103.778097
BKT-0015,1.324737,103.810232
BKT-0016,1.327098,103.805676
BKT-0017,1.329468,103.802852
BKT-0018,1.330766,103.797516
BKT-0019,1.325366,103.813497
BKT-001A,1.329622,103.814412
BKT-001B,1.333294,103.790104
BKT-001C,1.334478,103.786739
BKT-001D,1.339984,103.779439
BKT-0020,1.340287,103.772562
BKT-0021,1.3426,103.77027
BKT-0027,1.316156,103.805923
BKT-0028,1.338781,103.774987
BKT-0029,1.338143,103.774803
BKT-002A,1.337917,103.773326
BKT-002B,1.337473,103.772779
BKT-002C,1.338091,103.771953
BKT-002D,1.338782,103.772088
BKT-002E,1.339427,103.772336
BKT-002F,1.338991,103.775654
BKT-0030,1.337191,103.780722
BKT-0031,1.323972,103.772711
BKT-0032,1.329486,103.807152
BKT-0033,1.315306,103.805094
BKT-0034,1.336886,103.768934
BKT-0035,1.321795,103.796517
BKT-0036,1.326339,103.807885
BKT-0037,1.32869,103.794437
BKT-0038,1.346153,103.789369
BKT-0039,1.320932,103.801979
BKT-003A,1.322248,103.79637
BKT-003B,1.335942,103.771932
BKT-003C,1.325991,103.807116
BKT-003D,1.326449,103.807746
BKT-003E,1.326378,103.807822
BKT-003F,1.326276,103.807939
BKT-0040,1.330857,103.796561
BKT-0041,1.330689,103.796665
BKT-0042,1.34144,103.775398
BKT-0043,1.339986,103.77581
BKT-0044,1.311339,103.796158
BKT-0045,1.335574,103.782946
BKT-0046,1.335981,103.784114
BKT-0047,1.317782,103.807576
BKT-0048,1.344944,103.788625
BKT-0049,1.337728,103.785394
BKT-004A,1.341735,103.78499
BKT-004B,1.331659,103.806724
BKT-004C,1.325303,103.792724
BKT-004D,1.317303,103.806666
BKT-004E,1.317256,103.806881
BKT-004F,1.317326,103.806857
BKT-0050,1.317878,103.807468
BKT-0051,1.318803,103.808576
BKT-0052,1.318732,103.808519
BKT-0053,1.318841,103.808598
BKT-0054,1.318642,103.808432
BKT-0055,1.319374,103.808733
BKT-0056,1.31938,103.808774
BKT-0057,1.316631,103.805767
BKT-0058,1.316712,103.805644
BKT-005A,1.339586,103.774468
BKT-005B,1.3396,103.774346
BKT-005C,1.339186,103.77543
BKT-005D,1.33921,103.775018
BKT-005E,1.338803,103.774969
BKT-005F,1.338753,103.775388
BKT-0060,1.338471,103.774889
BKT-0061,1.33819,103.774507
BKT-0062,1.337658,103.775364
BKT-0063,1.337403,103.775321
BKT-0064,1.337405,103.774734
BKT-0065,1.337394,103.774874
BKT-0066,1.338256,103.77377
BKT-0067,1.338297,103.773479
BKT-0068,1.337918,103.773324
BKT-0069,1.337376,103.772986
BKT-006A,1.338016,103.772428
BKT-006B,1.338396,103.772712
BKT-006C,1.338743,103.772523
BKT-006D,1.3391,103.772421
BKT-006E,1.339436,103.772444
BKT-006F,1.339398,103.772739
BKT-0070,1.339746,103.772836
BKT-0071,1.31767,103.796969
BKT-0072,1.337006,103.766981
BKT-0073,1.323403,103.785846
BKT-0074,1.336413,103.764793
BKT-0075,1.33344,103.769747
BKT-0076,1.334827,103.767326
BKT-0077,1.331826,103.808585
BKT-0079,1.34019,103.7663
BKT-007A,1.315124,103.800041
BKT-007B,1.316946,103.792172
BKT-007C,1.324175,103.805512
BKT-007D,1.31705,103.783704
BKT-007E,1.318373,103.778564
BKT-007F,1.320967,103.77665
BKT-0080,1.318986,103.777179
BKT-0081,1.320507,103.776748
BKT-0082,1.337856,103.790071
BKT-0084,1.325619,103.807936
BKT-0085,1.32656,103.785926
BKT-0086,1.326646,103.800025
BKT-0087,1.311127,103.795797
BKT-0089,1.335417,103.805284
BKT-008A,1.341752,103.775348
BKT-008B,1.336178,103.808049
BKT-008C,1.334592,103.787961
BKT-008D,1.33543,103.794363
BKT-008E,1.33674,103.79381
BKT-0090,1.33689,103.80843
BKT-0091,1.333719,103.81192
BKT-0092,1.32102,103.823456
BKT-0093,1.322379,103.818772
BKT-0094,1.31227,103.803698
BKT-0095,1.311248,103.801014
BKT-0096,1.343636,103.769731
BKT-0097,1.346454,103.766889
BKT-0098,1.347841,103.76854
BKT-0099,1.341149,103.777027
BKT-009A,1.328637,103.776861
BKT-009B,1.340289,103.770136
BKT-009D,1.332664,103.855119
BKT-009E,1.339602,103.767722
BKT-009F,1.322266,103.790928
BKT-00A0,1.3186,103.788424
BKT-00A1,1.316791,103.776946
BKT-00A2,1.323944,103.810295
BKT-00A3,1.331621,103.795002
BKT-00A4,1.343039,103.775357
BKT-00A5,1.34726,103.771244
BKT-00A6,1.319134,103.772386
BKT-00A7,1.314746,103.790001
BKT-00A8,1.333259,103.79218
BKT-00A9,1.330458,103.799965
BKT-00AA,1.312969,103.779618
BKT-00AB,1.320055,103.773721
BKT-00AC,1.317172,103.8067
BKT-00AD,1.336114,103.783723
BKT-00AE,1.326103,103.808283
BKT-00AF,1.325617,103.807826
BKT-00B0,1.317862,103.786
BLY-0001,1.313985,103.707774
BLY-0003,1.326674,103.709064
BLY-0004,1.310135,103.697076
BLY-0005,1.314585,103.698908
BLY-0006,1.32891,103.712747
BLY-0007,1.322143,103.711928
BLY-0008,1.321709,103.703832
BLY-0009,1.314326,103.705128
BLY-000A,1.315254,103.719492
BLY-000C,1.326103,103.696674
BLY-000D,1.314502,103.697757
BLY-000F,1.315361,103.691945
BLY-0010,1.305763,103.692743
BLY-0011,1.305658,103.684569
BLY-0013,1.311267,103.699942
BLY-0014,1.311318,103.699913
BLY-0015,1.325518,103.710454
BLY-0016,1.31348,103.701531
BLY-0017,1.313612,103.701181
BLY-0018,1.313954,103.71172
BLY-0019,1.313881,103.722549
BLY-001A,1.331595,103.707967
BLY-001B,1.320862,103.720057
BLY-001C,1.315715,103.709926
BLY-001E,1.311323,103.683612
BLY-001F,1.32762,103.702575
BLY-0020,1.327628,103.69882
BLY-0021,1.303513,103.689311
BLY-0022,1.308828,103.696926
BLY-0023,1.30548,103.6964
BLY-0024,1.322839,103.698748
BLY-0025,1.313235,103.696045
BLY-0026,1.322192,103.698368
BLY-0027,1.317573,103.695996
BLY-0028,1.322458,103.702302
BLY-0029,1.327298,103.717894
BLY-002A,1.326303,103.708831
BLY-002B,1.323378,103.709551
BLY-002C,1.323755,103.709805
BLY-002D,1.313489,103.695705
BLY-002E,1.31237,103.685726
BLY-002F,1.317099,103.719899
BLY-0030,1.330851,103.718938
BPJ-0002,1.379873,103.772857
BPJ-0003,1.377751,103.766917
BPJ-0004,1.387254,103.76431
BPJ-0005,1.386913,103.764028
BPJ-0006,1.37794,103.76664
BPJ-0007,1.384507,103.771234
BPJ-0009,1.37881,103.762075
BPJ-000A,1.379379,103.767565
BPJ-000B,1.379119,103.768109
BPJ-000C,1.378748,103.768614
BPJ-000D,1.378866,103.767849
BPJ-000E,1.378038,103.766783
BPJ-000F,1.377624,103.76722
BPJ-0010,1.377459,103.767492
BPJ-0011,1.377606,103.76783
BPJ-0012,1.377866,103.768154
BPJ-0014,1.378366,103.769335
BPJ-0016,1.378039,103.769169
BPJ-0017,1.377347,103.768024
BPJ-0018,1.376909,103.768416
BPJ-0019,1.376717,103.769092
BPJ-001A,1.377022,103.769505
BPJ-001B,1.37727,103.769737
BPJ-001D,1.37742,103.770849
BPJ-001E,1.377051,103.771213
BPJ-001F,1.376276,103.76996
BPJ-0020,1.376635,103.769368
BPJ-0022,1.375748,103.770398
BPJ-0023,1.375985,103.770582
BPJ-0024,1.374139,103.771315
BPJ-0025,1.374617,103.770878
BPJ-0026,1.374302,103.770707
BPJ-0027,1.374314,103.770041
BPJ-0028,1.374093,103.769163
BPJ-0029,1.374989,103.769564
BPJ-002A,1.375323,103.769594
BPJ-002B,1.375643,103.769057
BPJ-002C,1.37596,103.768162
BPJ-002D,1.376562,103.767676
BPJ-002E,1.376275,103.767465
BPJ-002F,1.375506,103.766266
BPJ-0030,1.37618,103.765738
BPJ-0031,1.375916,103.766235
BPJ-0032,1.376833,103.766619
BPJ-0033,1.377038,103.766943
BPJ-0034,1.377336,103.766319
BPJ-0035,1.375201,103.765965
BPJ-0036,1.374946,103.76557
BPJ-0037,1.374779,103.765135
BPJ-0038,1.375283,103.765054
BPJ-0039,1.376143,103.764431
BPJ-003A,1.376562,103.764875
BPJ-003B,1.376888,103.765083
BPJ-003C,1.377579,103.765442
BPJ-003D,1.377877,103.765021
BPJ-003E,1.37761,103.764475
BPJ-0040,1.37898,103.766466
BPJ-0041,1.379484,103.766689
BPJ-0042,1.379869,103.766693
BPJ-0044,1.379849,103.76604
BPJ-0048,1.379925,103.765162
BPJ-0049,1.378979,103.765064
BPJ-004A,1.37929,103.763044
BPJ-004B,1.379902,103.763388
BPJ-004C,1.380036,103.763082
BPJ-004D,1.379751,103.762479
BPJ-004E,1.379392,103.762296
BPJ-004F,1.371985,103.775453
BPJ-0050,1.372512,103.775144
BPJ-0051,1.372796,103.775624
BPJ-0052,1.373208,103.774993
BPJ-0053,1.373433,103.773953
BPJ-0054,1.373715,103.774178
BPJ-0055,1.373677,103.774863
BPJ-0056,1.373972,103.775067
BPJ-0057,1.374213,103.776193
BPJ-0058,1.374704,103.776111
BPJ-0059,1.374112,103.775513
BPJ-005A,1.374931,103.774824
BPJ-005B,1.375116,103.77434
BPJ-005C,1.374651,103.774649
BPJ-005D,1.374788,103.773755
BPJ-005E,1.37451,103.77355
BPJ-005F,1.374177,103.772728
BPJ-0060,1.374507,103.772833
BPJ-0061,1.375412,103.773472
BPJ-0062,1.375261,103.774123
BPJ-0063,1.375657,103.773662
BPJ-0064,1.37594,103.773039
BPJ-0065,1.375577,103.772731
BPJ-0066,1.375259,103.772414
BPJ-0067,1.374992,103.771471
BPJ-0068,1.375514,103.771078
BPJ-0069,1.375262,103.771614
BPJ-006A,1.376194,103.77223
BPJ-006B,1.376103,103.77278
BPJ-006C,1.376445,103.772378
BPJ-006D,1.376758,103.771855
BPJ-006E,1.378533,103.77196
BPJ-006F,1.378399,103.771137
BPJ-0070,1.379004,103.771276
BPJ-0071,1.378631,103.770848
BPJ-0072,1.379564,103.770483
BPJ-0073,1.379938,103.771256
BPJ-0074,1.37936,103.771306
BPJ-0075,1.379766,103.772082
BPJ-0076,1.380086,103.771753
BPJ-0077,1.38056,103.771342
BPJ-0078,1.380918,103.772011
BPJ-0079,1.381362,103.773229
BPJ-007A,1.381354,103.774466
BPJ-007B,1.381021,103.774192
BPJ-007C,1.380654,103.773984
BPJ-007D,1.380328,103.77398
BPJ-007E,1.379934,103.774304
BPJ-007F,1.379966,103.77488
BPJ-0080,1.379612,103.774057
BPJ-0081,1.379612,103.772974
BPJ-0082,1.376453,103.774284
BPJ-0083,1.377595,103.77459
BPJ-0084,1.377598,103.775376
BPJ-0085,1.377182,103.774957
BPJ-0086,1.376841,103.77512
BPJ-0087,1.376457,103.77578
BPJ-0088,1.37622,103.77478
BPJ-0089,1.380637,103.76893
BPJ-008A,1.380473,103.768139
BPJ-008B,1.38071,103.76772
BPJ-008C,1.38185,103.76778
BPJ-008D,1.381458,103.768282
BPJ-008E,1.38184,103.768802
BPJ-008F,1.382311,103.767544
BPJ-0090,1.382893,103.76831
BPJ-0091,1.382314,103.768902
BPJ-0092,1.38327,103.769046
BPJ-0093,1.383144,103.768497
BPJ-0094,1.384258,103.768998
BPJ-0095,1.38421,103.769615
BPJ-0096,1.384668,103.769533
BPJ-0097,1.384492,103.770221
BPJ-0098,1.384952,103.769809
BPJ-0099,1.385887,103.769522
BPJ-009A,1.386419,103.769871
BPJ-009B,1.386639,103.770504
BPJ-009C,1.386124,103.770662
BPJ-009D,1.386239,103.771126
BPJ-009E,1.385345,103.770881
BPJ-009F,1.385839,103.770477
BPJ-00A0,1.382255,103.770342
BPJ-00A1,1.382748,103.769554
BPJ-00A2,1.382815,103.770258
BPJ-00A3,1.383014,103.770537
BPJ-00A4,1.383649,103.770083
BPJ-00A5,1.383154,103.770966
BPJ-00A6,1.382601,103.771412
BPJ-00A7,1.383222,103.771692
BPJ-00A8,1.383752,103.772089
BPJ-00A9,1.384221,103.772337
BPJ-00AA,1.384569,103.772598
BPJ-00AB,1.385123,103.77226
BPJ-00AC,1.385561,103.772215
BPJ-00AD,1.385366,103.771749
BPJ-00AE,1.384512,103.77157
BPJ-00AF,1.387368,103.770888
BPJ-00B0,1.387664,103.770477
BPJ-00B1,1.388264,103.770898
BPJ-00B2,1.388043,103.771291
BPJ-00B3,1.387754,103.771803
BPJ-00B4,1.387465,103.772157
BPJ-00B5,1.38709,103.771253
BPJ-00B6,1.387259,103.772875
BPJ-00B8,1.387026,103.773762
BPJ-00B9,1.387554,103.77344
BPJ-00BA,1.387984,103.773377
BPJ-00BB,1.388532,103.773319
BPJ-00BC,1.388376,103.772813
BPJ-00BD,1.387984,103.772664
BPJ-00BE,1.388313,103.772292
BPJ-00BF,1.388574,103.772474
BPJ-00C0,1.388981,103.772734
BPJ-00C1,1.38905,103.772932
BPJ-00C2,1.389285,103.773149
BPJ-00C3,1.389572,103.772986
BPJ-00C4,1.38975,103.772692
BPJ-00C5,1.389687,103.772393
BPJ-00C6,1.389487,103.772207
BPJ-00C7,1.389196,103.772338
BPJ-00C8,1.388942,103.772155
BPJ-00C9,1.388493,103.771926
BPJ-00CA,1.388604,103.771471
BPJ-00CB,1.389142,103.771867
BPJ-00CC,1.38962,103.771443
BPJ-00CD,1.383157,103.767002
BPJ-00CE,1.383768,103.766782
BPJ-00CF,1.384376,103.766606
BPJ-00D0,1.384755,103.767068
BPJ-00D1,1.384206,103.767406
BPJ-00D2,1.387064,103.768041
BPJ-00D3,1.386572,103.768005
BPJ-00D4,1.386409,103.768559
BPJ-00D5,1.386727,103.768928
BPJ-00D6,1.387483,103.769131
BPJ-00D7,1.387776,103.768516
BPJ-00D8,1.38745,103.768148
BPJ-00D9,1.388133,103.767847
BPJ-00DA,1.387593,103.767326
BPJ-00DB,1.388281,103.767439
BPJ-00DC,1.38731,103.767114
BPJ-00DD,1.388331,103.766711
BPJ-00DE,1.387019,103.766942
BPJ-00DF,1.387828,103.766161
BPJ-00E0,1.38664,103.766324
BPJ-00E1,1.386272,103.766203
BPJ-00E2,1.386023,103.766029
BPJ-00E3,1.38662,103.765403
BPJ-00E4,1.385486,103.76519
BPJ-00E5,1.386224,103.765071
BPJ-00E6,1.385103,103.765548
BPJ-00E7,1.385837,103.764669
BPJ-00E8,1.385575,103.764226
BPJ-00E9,1.384976,103.764827
BPJ-00EA,1.3849,103.763694
BPJ-00EB,1.384326,103.76325
BPJ-00EC,1.383815,103.763753
BPJ-00ED,1.383136,103.76317
BPJ-00EE,1.382573,103.763413
BPJ-00EF,1.382956,103.76394
BPJ-00F0,1.382451,103.764072
BPJ-00F1,1.382007,103.763969
BPJ-00F2,1.38184,103.763456
BPJ-00F3,1.381161,103.762394
BPJ-00F4,1.380984,103.762336
BPJ-00F5,1.380805,103.762023
BPJ-00F6,1.380851,103.761803
BPJ-00F7,1.381359,103.761697
BPJ-00F8,1.38255,103.761745
BPJ-00F9,1.382911,103.761378
BPJ-00FA,1.38312,103.761887
BPJ-00FB,1.383401,103.761256
BPJ-00FC,1.383666,103.761919
BPJ-00FD,1.383913,103.761279
BPJ-00FE,1.38437,103.762045
BPJ-00FF,1.385135,103.76242
BPJ-0100,1.384985,103.761196
BPJ-0101,1.385645,103.762761
BPJ-0102,1.385472,103.761315
BPJ-0103,1.385928,103.761918
BPJ-0104,1.386118,103.762873
BPJ-0105,1.386021,103.761347
BPJ-0106,1.386255,103.762255
BPJ-0107,1.386219,103.761792
BPJ-0108,1.385639,103.760456
BPJ-0109,1.385544,103.760028
BPJ-010A,1.385572,103.759456
BPJ-010B,1.386523,103.759348
BPJ-010C,1.386728,103.759777
BPJ-010D,1.38665,103.760276
BPJ-010E,1.387078,103.763402
BPJ-010F,1.386669,103.76377
BPJ-0110,1.387396,103.763745
BPJ-0111,1.386977,103.763978
BPJ-0112,1.387795,103.764117
BPJ-0113,1.38735,103.764269
BPJ-0114,1.387626,103.764532
BPJ-0115,1.382808,103.771571
BPJ-0116,1.382313,103.771249
BPJ-0117,1.382177,103.77109
BPJ-0118,1.383689,103.770576
BPJ-0119,1.38369,103.770855
BPJ-011A,1.383511,103.771026
BPJ-011B,1.383439,103.771253
BPJ-011C,1.387395,103.765946
BPJ-011D,1.388586,103.770307
BPJ-011E,1.388873,103.769924
BPJ-011F,1.389024,103.769575
BPJ-0120,1.388226,103.770032
BPJ-0121,1.388499,103.769205
BPJ-0122,1.38854,103.768778
BPJ-0123,1.388929,103.769053
BPJ-0124,1.389021,103.768317
BPJ-0125,1.389559,103.768731
BPJ-0126,1.38988,103.768442
BPJ-0127,1.389887,103.76799
BPJ-0128,1.38922,103.76741
BPJ-0129,1.389631,103.767494
BPJ-012A,1.385223,103.758235
BPJ-012B,1.384421,103.759255
BPJ-012C,1.385564,103.758401
BPJ-012D,1.385214,103.758603
BPJ-012E,1.384768,103.759287
BPJ-012F,1.384653,103.759659
BPJ-0130,1.385876,103.757777
BPJ-0131,1.386113,103.758253
BPJ-0132,1.386691,103.75787
BPJ-0133,1.386976,103.758493
BPJ-0134,1.387555,103.758498
BPJ-0135,1.387413,103.759133
BPJ-0136,1.355866,103.76878
BPJ-0137,1.375706,103.769428
BPJ-0138,1.384363,103.770552
BPJ-0139,1.359278,103.76744
BPJ-013A,1.377712,103.763441
BPJ-013B,1.373537,103.772929
BPJ-013C,1.369302,103.7734
BPJ-013D,1.365562,103.775332
BPJ-013E,1.366428,103.775619
BPJ-013F,1.367548,103.775337
BPJ-0140,1.376115,103.769189
BPJ-0141,1.377155,103.767083
BPJ-0142,1.382088,103.762978
BPJ-0143,1.388826,103.768609
BPJ-0144,1.387055,103.760071
BPJ-0145,1.378606,103.76878
BPJ-0146,1.381124,103.768091
BPJ-0147,1.38683,103.764456
BPJ-0148,1.382712,103.762242
BPJ-0149,1.382577,103.762288
BPJ-014A,1.362658,103.767735
BPJ-014B,1.346714,103.776059
BPJ-014C,1.363971,103.777076
BPJ-014D,1.347598,103.776143
BPJ-014F,1.344806,103.775152
BPJ-0150,1.362619,103.767762
BPJ-0151,1.362592,103.767747
BPJ-0152,1.362752,103.767848
BPJ-0153,1.369843,103.764505
BPJ-0154,1.380521,103.761715
BPJ-0155,1.387925,103.769547
BPJ-0156,1.384267,103.770544
BPJ-0157,1.364168,103.768276
BPJ-0158,1.364829,103.772154
BPJ-0159,1.343317,103.776917
BPJ-015A,1.374133,103.776342
BPJ-015B,1.379195,103.767414
BPJ-015C,1.379169,103.767954
BPJ-015D,1.378944,103.767844
BPJ-015E,1.377791,103.767498
BPJ-015F,1.37812,103.766785
BPJ-0160,1.378352,103.768216
BPJ-0161,1.378429,103.769199
BPJ-0162,1.378027,103.769926
BPJ-0163,1.378279,103.768906
BPJ-0164,1.376696,103.768788
BPJ-0165,1.376642,103.769059
BPJ-0166,1.37716,103.769386
BPJ-0167,1.377246,103.769704
BPJ-0169,1.377689,103.770338
BPJ-016A,1.377354,103.770348
BPJ-016B,1.376146,103.770118
BPJ-016C,1.376504,103.76936
BPJ-016E,1.37561,103.770384
BPJ-016F,1.374102,103.771388
BPJ-0170,1.374552,103.770811
BPJ-0171,1.374463,103.770962
BPJ-0172,1.374413,103.770572
BPJ-0173,1.374325,103.770722
BPJ-0174,1.374272,103.770075
BPJ-0175,1.373955,103.768566
BPJ-0176,1.375322,103.76958
BPJ-0177,1.375642,103.769092
BPJ-0178,1.375548,103.767934
BPJ-0179,1.376368,103.767905
BPJ-017A,1.37567,103.76603
BPJ-017B,1.376229,103.765674
BPJ-017C,1.375963,103.766019
BPJ-017D,1.376653,103.766966
BPJ-017E,1.376715,103.766866
BPJ-017F,1.377101,103.766823
BPJ-0180,1.377445,103.76631
BPJ-0181,1.375134,103.76602
BPJ-0182,1.374892,103.765622
BPJ-0183,1.374679,103.765087
BPJ-0184,1.375196,103.76504
BPJ-0185,1.376372,103.764411
BPJ-0186,1.376338,103.764385
BPJ-0187,1.376804,103.765237
BPJ-0188,1.376766,103.765234
BPJ-0189,1.377679,103.765641
BPJ-018A,1.377799,103.765117
BPJ-018B,1.378702,103.76613
BPJ-018C,1.379074,103.766305
BPJ-018D,1.378797,103.766388
BPJ-018E,1.379457,103.766556
BPJ-018F,1.379864,103.766865
BPJ-0190,1.38028,103.766158
BPJ-0191,1.380116,103.766277
BPJ-0192,1.379731,103.766054
BPJ-0193,1.379324,103.76572
BPJ-0194,1.379182,103.76594
BPJ-0195,1.380312,103.765317
BPJ-0196,1.380297,103.76529
BPJ-0197,1.380174,103.764807
BPJ-0198,1.380164,103.764806
BPJ-0199,1.379894,103.765139
BPJ-019A,1.378802,103.764774
BPJ-019B,1.37891,103.764959
BPJ-019C,1.377741,103.7671
BPJ-019D,1.379921,103.763025
BPJ-019E,1.380108,103.7631
BPJ-019F,1.380067,103.763152
BPJ-01A0,1.37944,103.762204
BPJ-01A1,1.37347,103.77513
BPJ-01A2,1.373869,103.775265
BPJ-01A3,1.375313,103.772836
BPJ-01A4,1.375355,103.772284
BPJ-01A5,1.375101,103.771355
BPJ-01A6,1.375322,103.771454
BPJ-01A7,1.376306,103.772078
BPJ-01A8,1.376342,103.772502
BPJ-01A9,1.376853,103.771827
BPJ-01AA,1.378572,103.771661
BPJ-01AB,1.378318,103.771121
BPJ-01AC,1.378972,103.771332
BPJ-01AD,1.378809,103.770394
BPJ-01AE,1.379604,103.770526
BPJ-01AF,1.380056,103.771274
BPJ-01B0,1.379372,103.771466
BPJ-01B1,1.379668,103.772053
BPJ-01B2,1.380101,103.772092
BPJ-01B3,1.380531,103.771366
BPJ-01B4,1.381342,103.773475
BPJ-01B5,1.38136,103.774524
BPJ-01B6,1.381058,103.773898
BPJ-01B7,1.380604,103.774198
BPJ-01B8,1.380361,103.774316
BPJ-01B9,1.379903,103.774232
BPJ-01BA,1.379651,103.774923
BPJ-01BB,1.378807,103.773083
BPJ-01BC,1.378783,103.773087
BPJ-01BD,1.376517,103.774259
BPJ-01BE,1.377539,103.774693
BPJ-01BF,1.377397,103.77416
BPJ-01C0,1.37721,103.775561
BPJ-01C1,1.377204,103.775265
BPJ-01C2,1.376786,103.774352
BPJ-01C3,1.376535,103.775801
BPJ-01C4,1.376068,103.774936
BPJ-01C5,1.380702,103.768915
BPJ-01C6,1.380658,103.768834
BPJ-01C7,1.381112,103.76807
BPJ-01C8,1.380895,103.767288
BPJ-01C9,1.381339,103.767308
BPJ-01CA,1.381805,103.76775
BPJ-01CB,1.38182,103.767275
BPJ-01CC,1.381845,103.768909
BPJ-01CD,1.381849,103.768344
BPJ-01CE,1.382625,103.767693
BPJ-01CF,1.382344,103.768958
BPJ-01D0,1.383218,103.769085
BPJ-01D1,1.38339,103.768743
BPJ-01D2,1.383334,103.768142
BPJ-01D3,1.383261,103.768253
BPJ-01D4,1.384213,103.769129
BPJ-01D5,1.384483,103.770157
BPJ-01D6,1.384402,103.76998
BPJ-01D7,1.386431,103.769815
BPJ-01D8,1.386371,103.770381
BPJ-01D9,1.3858,103.771296
BPJ-01DA,1.385555,103.770421
BPJ-01DB,1.385368,103.770989
BPJ-01DC,1.382648,103.770417
BPJ-01DD,1.387417,103.770891
BPJ-01DE,1.387651,103.770451
BPJ-01DF,1.388255,103.770796
BPJ-01E0,1.387954,103.77113
BPJ-01E1,1.387532,103.771848
BPJ-01E2,1.38776,103.771807
BPJ-01E3,1.387742,103.771577
BPJ-01E4,1.387478,103.772073
BPJ-01E5,1.387287,103.772928
BPJ-01E6,1.387312,103.772664
BPJ-01E7,1.387096,103.773243
BPJ-01E8,1.387112,103.773097
BPJ-01E9,1.387014,103.773422
BPJ-01EA,1.387042,103.773559
BPJ-01EB,1.387422,103.773417
BPJ-01EC,1.38748,103.773178
BPJ-01ED,1.387499,103.77332
BPJ-01EE,1.387702,103.773209
BPJ-01EF,1.387877,103.773315
BPJ-01F0,1.388301,103.773304
BPJ-01F1,1.388469,103.772993
BPJ-01F2,1.388133,103.772655
BPJ-01F3,1.38769,103.772502
BPJ-01F4,1.388217,103.772043
BPJ-01F5,1.388709,103.772416
BPJ-01F6,1.389008,103.772738
BPJ-01F7,1.389125,103.772863
BPJ-01F8,1.389239,103.773012
BPJ-01F9,1.389493,103.772949
BPJ-01FA,1.38957,103.772896
BPJ-01FB,1.389733,103.772734
BPJ-01FC,1.389628,103.772771
BPJ-01FD,1.389582,103.772372
BPJ-01FE,1.389659,103.772504
BPJ-01FF,1.38932,103.772312
BPJ-0200,1.389278,103.772293
BPJ-0201,1.388842,103.772182
BPJ-0202,1.388332,103.771934
BPJ-0203,1.388709,103.771519
BPJ-0204,1.388968,103.771814
BPJ-0205,1.38281,103.766796
BPJ-0206,1.383388,103.76636
BPJ-0207,1.384237,103.76662
BPJ-0208,1.384657,103.767139
BPJ-0209,1.384592,103.767611
BPJ-020A,1.383864,103.767176
BPJ-020B,1.386877,103.767899
BPJ-020C,1.386961,103.768316
BPJ-020D,1.386635,103.767797
BPJ-020E,1.386224,103.768446
BPJ-020F,1.386607,103.768696
BPJ-0210,1.387624,103.768937
BPJ-0211,1.38726,103.769511
BPJ-0212,1.38754,103.768547
BPJ-0213,1.387437,103.768121
BPJ-0214,1.38781,103.76763
BPJ-0215,1.387568,103.767454
BPJ-0216,1.387997,103.767166
BPJ-0217,1.387446,103.766925
BPJ-0218,1.388342,103.766749
BPJ-0219,1.387148,103.766684
BPJ-021A,1.387558,103.76648
BPJ-021B,1.386392,103.766471
BPJ-021C,1.387353,103.765702
BPJ-021D,1.386355,103.765961
BPJ-021E,1.387036,103.765424
BPJ-021F,1.386187,103.765832
BPJ-0220,1.385954,103.765628
BPJ-0221,1.38656,103.765461
BPJ-0222,1.385655,103.765387
BPJ-0223,1.386252,103.765034
BPJ-0224,1.385179,103.765516
BPJ-0225,1.385627,103.764803
BPJ-0226,1.385982,103.764627
BPJ-0227,1.385124,103.765183
BPJ-0228,1.38545,103.764284
BPJ-0229,1.385114,103.764738
BPJ-022A,1.384993,103.76383
BPJ-022B,1.384676,103.764108
BPJ-022C,1.384452,103.76332
BPJ-022D,1.38434,103.763635
BPJ-022E,1.383911,103.763171
BPJ-022F,1.383892,103.763561
BPJ-0230,1.38322,103.763116
BPJ-0231,1.383444,103.763431
BPJ-0232,1.382707,103.763348
BPJ-0233,1.382903,103.763681
BPJ-0234,1.38281,103.764126
BPJ-0235,1.382558,103.764024
BPJ-0236,1.38212,103.764034
BPJ-0238,1.381548,103.762637
BPJ-0239,1.380702,103.761902
BPJ-023A,1.381201,103.761612
BPJ-023B,1.384857,103.761095
BPJ-023C,1.385954,103.762765
BPJ-023D,1.386203,103.762263
BPJ-023E,1.385601,103.760428
BPJ-023F,1.385604,103.760407
BPJ-0240,1.385423,103.759907
BPJ-0241,1.385414,103.759928
BPJ-0242,1.385475,103.759384
BPJ-0243,1.385462,103.759402
BPJ-0244,1.386582,103.759135
BPJ-0245,1.386631,103.759143
BPJ-0246,1.3868,103.759646
BPJ-0247,1.386622,103.760468
BPJ-0248,1.387005,103.763258
BPJ-0249,1.38656,103.763654
BPJ-024A,1.387477,103.763765
BPJ-024B,1.387944,103.764193
BPJ-024C,1.387453,103.764394
BPJ-024D,1.387523,103.764571
BPJ-024E,1.388566,103.770388
BPJ-024F,1.388069,103.770058
BPJ-0250,1.388859,103.768133
BPJ-0251,1.388878,103.768253
BPJ-0252,1.388783,103.768226
BPJ-0253,1.38883,103.768138
BPJ-0254,1.389874,103.768445
BPJ-0255,1.389858,103.768289
BPJ-0256,1.389315,103.767128
BPJ-0257,1.38929,103.767127
BPJ-0258,1.38912,103.767318
BPJ-0259,1.389122,103.767281
BPJ-025A,1.38567,103.758339
BPJ-025B,1.385816,103.757665
BPJ-025C,1.385754,103.757805
BPJ-025D,1.385875,103.757791
BPJ-025E,1.386786,103.757183
BPJ-025F,1.386865,103.758471
BPJ-0260,1.386827,103.75857
BPJ-0261,1.386851,103.758526
BPJ-0262,1.388868,103.769921
BPJ-0263,1.388394,103.768996
BPJ-0264,1.389714,103.768717
BPJ-0265,1.389772,103.768717
BPJ-0266,1.38963,103.768738
BPJ-0267,1.389752,103.76866
BPJ-0268,1.389934,103.767902
BPJ-0269,1.389931,103.767707
BPJ-026A,1.389868,103.7679
BPJ-026B,1.389872,103.7677
BPJ-026C,1.389824,103.767389
BPJ-026D,1.389757,103.767302
BPJ-026E,1.389797,103.767431
BPJ-026F,1.384343,103.759088
BPJ-0270,1.385223,103.758592
BPJ-0271,1.386085,103.75814
BPJ-0272,1.386057,103.758081
BPJ-0273,1.386707,103.757952
BPJ-0274,1.386666,103.757934
BPJ-0275,1.387508,103.75859
BPJ-0276,1.389013,103.769621
BPJ-0277,1.388996,103.769675
BPJ-0278,1.388553,103.768871
BPJ-0279,1.388458,103.768851
BPJ-027A,1.384797,103.759299
BPJ-027B,1.387391,103.759192
BPJ-027C,1.388905,103.769076
BPJ-027D,1.388834,103.768959
BPJ-027E,1.388783,103.768969
BPJ-027F,1.384673,103.759672
BPJ-0280,1.371703,103.775027
BPJ-0281,1.372184,103.774884
BPJ-0282,1.37323,103.775496
BPJ-0283,1.373199,103.77495
BPJ-0284,1.373108,103.774491
BPJ-0285,1.373577,103.773796
BPJ-0286,1.374759,103.7762
BPJ-0287,1.374552,103.775381
BPJ-0288,1.375007,103.774651
BPJ-0289,1.374563,103.774077
BPJ-028A,1.374279,103.77401
BPJ-028B,1.374391,103.772486
BPJ-028C,1.374311,103.77309
BPJ-028D,1.375594,103.773227
BPJ-028E,1.375334,103.774119
BPJ-028F,1.37581,103.773362
BPJ-0290,1.376053,103.773092
BPJ-0291,1.376151,103.77283
BPJ-0292,1.382302,103.770558
BPJ-0293,1.382529,103.769575
BPJ-0294,1.382556,103.769573
BPJ-0295,1.383058,103.771017
BPJ-0296,1.380759,103.770658
BPJ-0297,1.385609,103.77168
BPJ-0298,1.385634,103.771694
BPJ-0299,1.384514,103.771329
BPJ-029A,1.384529,103.771668
BPJ-029B,1.384469,103.771766
BPJ-029C,1.384576,103.771597
BPJ-029D,1.381568,103.769862
BPJ-029E,1.381576,103.769828
BPJ-029F,1.381517,103.771325
BPJ-02A0,1.381039,103.769848
BPJ-02A1,1.381136,103.771066
BPJ-02A5,1.34261,103.779075
BPJ-02A6,1.36578,103.775684
BPJ-02A7,1.378225,103.7623
BPJ-02A8,1.377586,103.773949
BPJ-02A9,1.376388,103.771052
BPJ-02AA,1.35216,103.77
BPJ-02AB,1.378368,103.769941
BPJ-02AC,1.380328,103.76221
BPJ-02AD,1.381835,103.762814
BPJ-02AE,1.373923,103.772795
BPJ-02AF,1.371689,103.774491
BPJ-02B0,1.385087,103.759616
BPJ-02B1,1.383556,103.765973
BPJ-02B2,1.382139,103.768442
BPJ-02B3,1.382012,103.768205
BPJ-02B4,1.381343,103.76932
BPJ-02B5,1.380915,103.771182
BPJ-02B6,1.388298,103.771391
BPJ-02B7,1.380403,103.772581
BPJ-02B8,1.384873,103.762873
BPJ-02B9,1.37902,103.766802
BPJ-02BA,1.37871,103.766953
BPJ-02BB,1.377226,103.767422
BPJ-02BC,1.373352,103.77014
BPJ-02BD,1.367049,103.766335
BPJ-02BE,1.348175,103.771125
BPJ-02BF,1.380959,103.761005
BPJ-02C0,1.383248,103.771711
BPJ-02C1,1.371215,103.766742
BPJ-02C2,1.378632,103.766015
BPJ-02C3,1.380158,103.76638
BPJ-02C4,1.379386,103.765966
BPJ-02C5,1.38048,103.765254
BPJ-02C6,1.380498,103.764828
BPJ-02C7,1.387988,103.770077
BPJ-02C8,1.388949,103.769573
BPJ-02C9,1.389009,103.768962
BPJ-02CA,1.385671,103.770461
BPJ-02CB,1.388916,103.769592
BPJ-02CC,1.388835,103.769806
BPJ-02CD,1.389474,103.768696
BPJ-02CE,1.380773,103.767806
BPJ-02CF,1.389594,103.767293
BPJ-02D0,1.389907,103.76836
BPJ-02D1,1.381144,103.767676
BPJ-02D2,1.380438,103.768547
BPJ-02D3,1.384504,103.769688
BPJ-02D4,1.384362,103.769068
BPJ-02D5,1.386366,103.770304
BPJ-02D6,1.386379,103.770652
BPJ-02D7,1.381116,103.769523
BPJ-02D8,1.381566,103.769634
BPJ-02D9,1.384071,103.769233
BPJ-02DA,1.380687,103.770549
BPJ-02DB,1.382388,103.767398
BPJ-02DC,1.381451,103.768326
BPJ-02DD,1.381551,103.771031
BPJ-02DE,1.381578,103.771642
BPJ-02DF,1.381069,103.767277
BPJ-02E0,1.381421,103.768529
BPJ-02E1,1.381483,103.76728
BPJ-02E2,1.356902,103.767308
BPJ-02E3,1.379968,103.772822
BPJ-02E4,1.379932,103.772855
BPJ-02E5,1.375582,103.77109
BPJ-02E6,1.380396,103.761802
BPJ-02E7,1.379495,103.762189
BPJ-02E8,1.379373,103.762174
BPJ-02E9,1.381498,103.761984
BPJ-02EA,1.380631,103.762088
BPJ-02EB,1.387964,103.763238
BPJ-02EC,1.388361,103.763387
BPJ-02ED,1.388452,103.763571
BPJ-02EE,1.388382,103.762793
BPJ-02EF,1.388694,103.762954
BPJ-02F0,1.388709,103.763811
BPJ-02F1,1.388994,103.763829
BPJ-02F2,1.388872,103.763666
BPJ-02F3,1.388767,103.763768
BPJ-02F5,1.382909,103.762304
BPJ-02F6,1.384553,103.765019
BPJ-02F7,1.375853,103.77116
BPJ-02F8,1.387553,103.769883
BPJ-02F9,1.376398,103.771374
BPJ-02FA,1.387758,103.761263
BPJ-02FB,1.388453,103.760913
BPJ-02FC,1.388656,103.761188
BPJ-02FD,1.387972,103.761797
BPJ-02FE,1.387107,103.761815
BPJ-02FF,1.387857,103.761163
BPJ-0300,1.381663,103.764182
BPJ-0301,1.368194,103.775611
BPJ-0302,1.386867,103.761116
BPJ-0303,1.364896,103.773495
BPJ-0304,1.363746,103.769597
BPJ-0305,1.364579,103.773077
BPJ-0306,1.363486,103.769205
BPJ-0307,1.378128,103.762333
BPJ-0308,1.370221,103.764318
CAG-0001,1.336566,103.982086
CAG-0002,1.35233,103.988029
CCK-0001,1.378835,103.758156
CCK-0002,1.39667,103.747322
CCK-0003,1.398085,103.747307
CCK-0004,1.39836,103.747791
CCK-0005,1.38072,103.760445
CCK-0006,1.373778,103.752178
CCK-0007,1.399753,103.750052
CCK-0008,1.396385,103.749598
CCK-000B,1.401882,103.752222
CCK-000C,1.389026,103.743396
CCK-000D,1.388345,103.742392
CCK-000E,1.38951,103.741328
CCK-000F,1.389722,103.742457
CCK-0010,1.390144,103.743528
CCK-0011,1.391835,103.740839
CCK-0012,1.391636,103.74131
CCK-0013,1.391408,103.742036
CCK-0014,1.392256,103.742289
CCK-0015,1.392892,103.741366
CCK-0017,1.392806,103.743868
CCK-0018,1.393476,103.745119
CCK-0019,1.39415,103.744051
CCK-001A,1.393568,103.743384
CCK-001B,1.39331,103.742189
CCK-001C,1.394441,103.742345
CCK-001D,1.395905,103.74302
CCK-001E,1.396311,103.743765
CCK-001F,1.395964,103.743879
CCK-0020,1.395446,103.744355
CCK-0021,1.396151,103.744539
CCK-0022,1.396305,103.745268
CCK-0023,1.394696,103.745566
CCK-0024,1.394337,103.745417
CCK-0025,1.391597,103.74604
CCK-0026,1.391065,103.745503
CCK-0027,1.390437,103.746667
CCK-0028,1.390618,103.747277
CCK-0029,1.391602,103.746901
CCK-002A,1.392368,103.747466
CCK-002B,1.392383,103.745562
CCK-002E,1.394891,103.75032
CCK-0030,1.394686,103.747143
CCK-0031,1.396072,103.749818
CCK-0032,1.395697,103.749996
CCK-0033,1.397057,103.745213
CCK-0035,1.397883,103.744737
CCK-0036,1.39787,103.745033
CCK-0037,1.398071,103.74376
CCK-0038,1.398556,103.744004
CCK-0039,1.398807,103.744588
CCK-003A,1.398681,103.744369
CCK-003B,1.399166,103.744352
CCK-003C,1.399292,103.743486
CCK-003E,1.400105,103.744756
CCK-003F,1.400379,103.744795
CCK-0040,1.400933,103.743719
CCK-0041,1.400965,103.744734
CCK-0042,1.399811,103.744471
CCK-0043,1.400548,103.746118
CCK-0044,1.400426,103.74729
CCK-0045,1.400402,103.747377
CCK-0047,1.398671,103.745739
CCK-0048,1.397842,103.748601
CCK-0049,1.397852,103.748743
CCK-004A,1.397883,103.749368
CCK-004B,1.398344,103.749556
CCK-004C,1.398467,103.748954
CCK-004D,1.39853,103.74882
CCK-004E,1.400311,103.750405
CCK-004F,1.401103,103.749873
CCK-0050,1.401451,103.750666
CCK-0052,1.402213,103.750305
CCK-0053,1.402004,103.75002
CCK-0054,1.402519,103.749832
CCK-0055,1.40254,103.749682
CCK-0056,1.402693,103.748509
CCK-0057,1.402924,103.747923
CCK-0058,1.402659,103.747674
CCK-0059,1.402456,103.7479
CCK-005A,1.402246,103.747847
CCK-005B,1.402068,103.747566
CCK-005C,1.40181,103.747452
CCK-005D,1.401832,103.747159
CCK-005E,1.401502,103.747968
CCK-005F,1.400964,103.747666
CCK-0060,1.401615,103.747136
CCK-0061,1.401708,103.746672
CCK-0062,1.401619,103.746134
CCK-0063,1.402009,103.74619
CCK-0064,1.401952,103.746666
CCK-0065,1.401458,103.745151
CCK-0066,1.40191,103.744064
CCK-0067,1.402749,103.744301
CCK-0068,1.403317,103.744683
CCK-0069,1.403395,103.745691
CCK-006A,1.402727,103.745199
CCK-006B,1.404096,103.745411
CCK-006C,1.403788,103.745998
CCK-006D,1.404818,103.746434
CCK-006E,1.403965,103.746659
CCK-006F,1.403847,103.747268
CCK-0070,1.404435,103.747385
CCK-0071,1.404692,103.74704
CCK-0072,1.403655,103.747804
CCK-0073,1.403491,103.748371
CCK-0074,1.403524,103.748847
CCK-0075,1.404783,103.748117
CCK-0076,1.404702,103.748672
CCK-0077,1.404672,103.749151
CCK-0078,1.404075,103.748528
CCK-0079,1.404562,103.750095
CCK-007A,1.404372,103.750646
CCK-007B,1.403614,103.751347
CCK-007C,1.403761,103.751717
CCK-007D,1.403894,103.750431
CCK-007E,1.403592,103.750362
CCK-007F,1.403081,103.750503
CCK-0080,1.403206,103.749652
CCK-0081,1.402787,103.751489
CCK-0082,1.403317,103.751887
CCK-0083,1.402564,103.75202
CCK-0084,1.401254,103.751805
CCK-0085,1.401352,103.751885
CCK-0086,1.400265,103.751644
CCK-0087,1.4004,103.75168
CCK-008A,1.37845,103.753747
CCK-008B,1.377275,103.753421
CCK-008C,1.377889,103.751089
CCK-008D,1.379035,103.751972
CCK-008E,1.378823,103.749687
CCK-008F,1.379958,103.752785
CCK-0090,1.378741,103.757794
CCK-0091,1.382763,103.753687
CCK-0092,1.381153,103.747724
CCK-0093,1.382545,103.747838
CCK-0094,1.382897,103.746064
CCK-0095,1.38087,103.744414
CCK-0096,1.380384,103.746837
CCK-0097,1.379449,103.748386
CCK-0098,1.379261,103.745636
CCK-0099,1.37823,103.744257
CCK-009A,1.378165,103.743071
CCK-009B,1.377424,103.740719
CCK-009C,1.376946,103.747517
CCK-009D,1.376466,103.74878
CCK-009E,1.377258,103.748276
CCK-009F,1.375131,103.746259
CCK-00A0,1.374896,103.745473
CCK-00A1,1.373799,103.746188
CCK-00A2,1.373762,103.746641
CCK-00A3,1.374236,103.744971
CCK-00A4,1.379136,103.743132
CCK-00A5,1.37914,103.742319
CCK-00A6,1.379996,103.742207
CCK-00A7,1.380089,103.741869
CCK-00A8,1.379702,103.741438
CCK-00A9,1.37905,103.741484
CCK-00AA,1.378982,103.741145
CCK-00AB,1.379354,103.740809
CCK-00AC,1.378956,103.740329
CCK-00AD,1.378513,103.739515
CCK-00AE,1.378485,103.740165
CCK-00AF,1.378533,103.740592
CCK-00B0,1.378304,103.740674
CCK-00B1,1.383913,103.745503
CCK-00B2,1.383469,103.745802
CCK-00B3,1.383157,103.745366
CCK-00B4,1.383667,103.745036
CCK-00B5,1.379601,103.739842
CCK-00B6,1.379276,103.739474
CCK-00B7,1.380338,103.740911
CCK-00B8,1.379999,103.740533
CCK-00BA,1.380699,103.741578
CCK-00BB,1.380886,103.741078
CCK-00BD,1.38134,103.742512
CCK-00BE,1.382175,103.742333
CCK-00BF,1.383335,103.742156
CCK-00C0,1.382136,103.7413
CCK-00C1,1.381887,103.741503
CCK-00C2,1.381822,103.74071
CCK-00C3,1.382454,103.740851
CCK-00C5,1.381506,103.739834
CCK-00C6,1.380574,103.739178
CCK-00C7,1.382994,103.740273
CCK-00C8,1.384058,103.741915
CCK-00C9,1.384629,103.741869
CCK-00CA,1.384882,103.74155
CCK-00CB,1.384394,103.741092
CCK-00CD,1.384007,103.739619
CCK-00CE,1.380918,103.737662
CCK-00CF,1.37996,103.735679
CCK-00D0,1.379088,103.734825
CCK-00D1,1.378979,103.735228
CCK-00D2,1.378738,103.73619
CCK-00D3,1.377809,103.734936
CCK-00D4,1.377107,103.735478
CCK-00D5,1.376954,103.735986
CCK-00D6,1.377376,103.736531
CCK-00D7,1.378046,103.737508
CCK-00D8,1.378341,103.737283
CCK-00D9,1.376474,103.738
CCK-00DA,1.377148,103.73749
CCK-00DB,1.377551,103.737971
CCK-00DC,1.377425,103.738171
CCK-00DD,1.37644,103.737096
CCK-00DE,1.376376,103.736629
CCK-00DF,1.375978,103.736568
CCK-00E0,1.375498,103.736997
CCK-00E1,1.375485,103.737205
CCK-00E2,1.374938,103.737677
CCK-00E3,1.374429,103.73875
CCK-00E4,1.374936,103.738919
CCK-00E5,1.376137,103.73905
CCK-00E6,1.37621,103.738691
CCK-00E7,1.376406,103.739174
CCK-00E8,1.377056,103.738813
CCK-00E9,1.376998,103.739242
CCK-00EA,1.376624,103.739881
CCK-00EB,1.376307,103.740872
CCK-00EC,1.375584,103.740562
CCK-00ED,1.375794,103.73962
CCK-00EE,1.376081,103.739624
CCK-00EF,1.376149,103.740332
CCK-00F0,1.375103,103.741508
CCK-00F1,1.37559,103.741488
CCK-00F2,1.375855,103.74194
CCK-00F3,1.376061,103.741457
CCK-00F4,1.375959,103.743384
CCK-00F5,1.375847,103.742598
CCK-00F6,1.375258,103.742358
CCK-00F7,1.375173,103.743143
CCK-00F8,1.374598,103.743635
CCK-00F9,1.374734,103.743165
CCK-00FA,1.374994,103.742445
CCK-00FB,1.373906,103.743094
CCK-00FC,1.373914,103.743265
CCK-00FD,1.372948,103.744524
CCK-00FE,1.373785,103.741896
CCK-00FF,1.372922,103.742352
CCK-0100,1.372892,103.742478
CCK-0101,1.372693,103.743303
CCK-0102,1.372706,103.743433
CCK-0103,1.372489,103.744898
CCK-0104,1.374193,103.746726
CCK-0105,1.374348,103.749434
CCK-0107,1.383726,103.741236
CCK-0109,1.376933,103.753939
CCK-010A,1.398842,103.747692
CCK-010B,1.398113,103.747369
CCK-010C,1.39812,103.747345
CCK-010D,1.397168,103.747116
CCK-010E,1.397807,103.746618
CCK-0114,1.378847,103.758197
CCK-0115,1.397816,103.746584
CCK-0116,1.376168,103.74302
CCK-0117,1.384152,103.746329
CCK-0118,1.376579,103.736669
CCK-0119,1.382574,103.75181
CCK-011A,1.38197,103.751933
CCK-011B,1.382448,103.752727
CCK-011C,1.38213,103.753613
CCK-011D,1.381634,103.754028
CCK-011E,1.381576,103.753882
CCK-011F,1.380743,103.754479
CCK-0120,1.380048,103.754044
CCK-0121,1.380258,103.755402
CCK-0122,1.379749,103.75491
CCK-0123,1.379372,103.755582
CCK-0124,1.379512,103.75562
CCK-0125,1.378994,103.755796
CCK-0126,1.378858,103.755786
CCK-0127,1.378411,103.755606
CCK-0128,1.378527,103.755596
CCK-0129,1.379129,103.75504
CCK-012A,1.379092,103.754776
CCK-012B,1.379068,103.754466
CCK-012C,1.379423,103.754206
CCK-012D,1.379246,103.754053
CCK-012E,1.379316,103.752936
CCK-012F,1.378798,103.753344
CCK-0130,1.378774,103.752968
CCK-0131,1.377914,103.754387
CCK-0132,1.378688,103.752315
CCK-0133,1.377345,103.754516
CCK-0134,1.377569,103.754493
CCK-0135,1.377391,103.7534
CCK-0136,1.377345,103.753126
CCK-0137,1.377648,103.753344
CCK-0138,1.377937,103.752816
CCK-0139,1.378301,103.752742
CCK-013A,1.378264,103.75206
CCK-013B,1.377928,103.752287
CCK-013C,1.377634,103.751699
CCK-013D,1.378534,103.750823
CCK-013E,1.378586,103.751235
CCK-013F,1.379304,103.751847
CCK-0140,1.379178,103.751926
CCK-0141,1.379612,103.751184
CCK-0142,1.379775,103.750753
CCK-0143,1.378259,103.750216
CCK-0144,1.37845,103.749761
CCK-0145,1.379136,103.74952
CCK-0146,1.379817,103.749456
CCK-0147,1.379985,103.749845
CCK-0148,1.381473,103.750424
CCK-0149,1.381426,103.751184
CCK-014A,1.380946,103.750985
CCK-014B,1.380778,103.751346
CCK-014C,1.380223,103.751073
CCK-014D,1.380031,103.751504
CCK-014E,1.379892,103.751796
CCK-014F,1.379878,103.752093
CCK-0150,1.378513,103.756532
CCK-0151,1.378145,103.756838
CCK-0152,1.379544,103.757478
CCK-0153,1.379614,103.757719
CCK-0154,1.378686,103.757056
CCK-0155,1.378826,103.757274
CCK-0156,1.378975,103.756611
CCK-0157,1.379166,103.756885
CCK-0158,1.379428,103.757033
CCK-0159,1.37974,103.757079
CCK-015A,1.379917,103.75714
CCK-015B,1.380127,103.756199
CCK-015C,1.380043,103.75637
CCK-015D,1.380281,103.756319
CCK-015E,1.380795,103.756395
CCK-015F,1.380683,103.756639
CCK-0160,1.380868,103.756234
CCK-0161,1.380696,103.757598
CCK-0162,1.380952,103.757507
CCK-0163,1.380739,103.757564
CCK-0164,1.380877,103.75766
CCK-0165,1.381013,103.757088
CCK-0166,1.381026,103.757058
CCK-0167,1.381316,103.756398
CCK-0168,1.381239,103.756664
CCK-0169,1.381325,103.756487
CCK-016A,1.381652,103.749618
CCK-016B,1.38182,103.749738
CCK-016C,1.381074,103.749372
CCK-016D,1.380785,103.749256
CCK-016E,1.380505,103.749136
CCK-016F,1.380724,103.74825
CCK-0170,1.380831,103.747926
CCK-0171,1.381344,103.747787
CCK-0172,1.381578,103.74801
CCK-0173,1.382543,103.747829
CCK-0174,1.382133,103.748019
CCK-0175,1.382361,103.747583
CCK-0176,1.382464,103.747305
CCK-0177,1.382291,103.746897
CCK-0178,1.382189,103.747152
CCK-0179,1.382786,103.746707
CCK-017A,1.382977,103.746865
CCK-017B,1.38294,103.747064
CCK-017C,1.383453,103.746772
CCK-017D,1.383271,103.746498
CCK-017E,1.382669,103.745558
CCK-017F,1.382828,103.745813
CCK-0180,1.382963,103.745993
CCK-0181,1.382618,103.745488
CCK-0182,1.382174,103.745428
CCK-0183,1.381559,103.744691
CCK-0184,1.380868,103.744589
CCK-0185,1.381293,103.744988
CCK-0186,1.381424,103.745423
CCK-0187,1.380948,103.745873
CCK-0188,1.381111,103.745757
CCK-0189,1.380766,103.746128
CCK-018A,1.380491,103.746702
CCK-018B,1.380295,103.746526
CCK-018C,1.380551,103.747402
CCK-018D,1.380122,103.748306
CCK-018E,1.379525,103.748695
CCK-018F,1.379646,103.748529
CCK-0190,1.379385,103.748399
CCK-0191,1.379026,103.745838
CCK-0192,1.379567,103.745634
CCK-0193,1.379306,103.745319
CCK-0194,1.378261,103.744374
CCK-0195,1.378326,103.745245
CCK-0196,1.378685,103.742886
CCK-0197,1.379143,103.74309
CCK-0198,1.37897,103.742742
CCK-0199,1.38085,103.742942
CCK-019A,1.38099,103.743118
CCK-019B,1.380295,103.742455
CCK-019C,1.380458,103.743243
CCK-019D,1.379866,103.742756
CCK-019E,1.378825,103.741561
CCK-019F,1.379161,103.741537
CCK-01A0,1.378947,103.740893
CCK-01A1,1.379301,103.740717
CCK-01A2,1.378933,103.740314
CCK-01A3,1.378415,103.739628
CCK-01A4,1.378783,103.739943
CCK-01A5,1.378475,103.740212
CCK-01A6,1.378396,103.740346
CCK-01A7,1.378606,103.740824
CCK-01A8,1.377323,103.740634
CCK-01A9,1.384288,103.746028
CCK-01AA,1.384525,103.7462
CCK-01AB,1.383653,103.74575
CCK-01AC,1.383373,103.744828
CCK-01AD,1.383611,103.743159
CCK-01AE,1.382744,103.743215
CCK-01AF,1.382832,103.743465
CCK-01B0,1.379315,103.739656
CCK-01B1,1.380183,103.739322
CCK-01B2,1.380388,103.740082
CCK-01B3,1.380243,103.740935
CCK-01B4,1.379838,103.740416
CCK-01B5,1.380859,103.741978
CCK-01B6,1.381769,103.742214
CCK-01B7,1.383331,103.7422
CCK-01B8,1.382473,103.741505
CCK-01B9,1.382482,103.740847
CCK-01BA,1.38188,103.740184
CCK-01BB,1.381353,103.739674
CCK-01BC,1.380938,103.740031
CCK-01BD,1.382893,103.740328
CCK-01BE,1.384166,103.741217
CCK-01BF,1.384017,103.741542
CCK-01C0,1.384497,103.741259
CCK-01C1,1.385127,103.741166
CCK-01C2,1.384618,103.740448
CCK-01C3,1.384264,103.74062
CCK-01C4,1.384231,103.73986
CCK-01C5,1.383905,103.739934
CCK-01C6,1.380976,103.737482
CCK-01C7,1.380934,103.737964
CCK-01C8,1.380962,103.737774
CCK-01C9,1.381605,103.737445
CCK-01CA,1.381633,103.736583
CCK-01CB,1.380812,103.736935
CCK-01CC,1.380126,103.737283
CCK-01CD,1.37925,103.736277
CCK-01CE,1.379529,103.73612
CCK-01CF,1.380266,103.735522
CCK-01D0,1.380168,103.734989
CCK-01D1,1.379492,103.735239
CCK-01D2,1.377995,103.735883
CCK-01D3,1.378396,103.735179
CCK-01D4,1.377897,103.737547
CCK-01D5,1.377762,103.737362
CCK-01D6,1.378326,103.737005
CCK-01D7,1.378592,103.736917
CCK-01D8,1.37925,103.737417
CCK-01D9,1.379394,103.738252
CCK-01DA,1.378573,103.738224
CCK-01DB,1.378685,103.738659
CCK-01DC,1.378494,103.738395
CCK-01DD,1.375945,103.737549
CCK-01DE,1.376243,103.737346
CCK-01DF,1.374975,103.737763
CCK-01E0,1.37559,103.738143
CCK-01E1,1.389326,103.742948
CCK-01E2,1.389584,103.743296
CCK-01E3,1.389028,103.743232
CCK-01E4,1.388505,103.74261
CCK-01E5,1.38881,103.74244
CCK-01E6,1.388769,103.741463
CCK-01E7,1.388763,103.741875
CCK-01E8,1.387956,103.741642
CCK-01E9,1.38787,103.741538
CCK-01EA,1.389535,103.740977
CCK-01EB,1.389786,103.742394
CCK-01EC,1.390334,103.74327
CCK-01ED,1.39014,103.74351
CCK-01EE,1.39084,103.74336
CCK-01EF,1.391039,103.742811
CCK-01F0,1.391133,103.742461
CCK-01F1,1.39176,103.740756
CCK-01F2,1.39162,103.741141
CCK-01F3,1.391528,103.741237
CCK-01F4,1.39149,103.741473
CCK-01F5,1.391432,103.741733
CCK-01F6,1.391423,103.74196
CCK-01F7,1.391811,103.741779
CCK-01F8,1.392388,103.741564
CCK-01F9,1.392259,103.741902
CCK-01FA,1.392216,103.742172
CCK-01FB,1.392426,103.742265
CCK-01FC,1.392801,103.741744
CCK-01FD,1.39255,103.741932
CCK-01FE,1.392853,103.74156
CCK-01FF,1.392637,103.741411
CCK-0200,1.391292,103.743959
CCK-0201,1.39141,103.74394
CCK-0202,1.391628,103.744203
CCK-0203,1.392085,103.744149
CCK-0204,1.392857,103.743781
CCK-0205,1.393052,103.744388
CCK-0206,1.39343,103.745048
CCK-0207,1.393801,103.744399
CCK-0208,1.393783,103.743702
CCK-0209,1.393357,103.74331
CCK-020A,1.392986,103.743214
CCK-020B,1.393184,103.742506
CCK-020C,1.393227,103.742434
CCK-020D,1.393654,103.742038
CCK-020E,1.393407,103.741904
CCK-020F,1.393581,103.742754
CCK-0210,1.393638,103.742693
CCK-0211,1.393979,103.742681
CCK-0212,1.394439,103.742913
CCK-0213,1.394617,103.7425
CCK-0214,1.395971,103.743331
CCK-0215,1.396199,103.743124
CCK-0216,1.396074,103.743953
CCK-0217,1.395939,103.743916
CCK-0218,1.395495,103.74473
CCK-0219,1.395444,103.744468
CCK-021A,1.395698,103.744721
CCK-021B,1.395932,103.74515
CCK-021C,1.3964,103.745819
CCK-021D,1.395101,103.745429
CCK-021E,1.394822,103.745941
CCK-021F,1.395808,103.746389
CCK-0220,1.396096,103.746363
CCK-0221,1.394358,103.744684
CCK-0222,1.39398,103.745001
CCK-0223,1.393843,103.745195
CCK-0224,1.393603,103.745664
CCK-0225,1.394561,103.745265
CCK-0226,1.397038,103.745175
CCK-0227,1.397235,103.744322
CCK-0228,1.397721,103.744538
CCK-0229,1.398127,103.74485
CCK-022A,1.398265,103.743514
CCK-022B,1.398554,103.743918
CCK-022C,1.39889,103.743972
CCK-022D,1.398969,103.744422
CCK-022E,1.398965,103.745034
CCK-022F,1.399258,103.743647
CCK-0230,1.399946,103.74363
CCK-0231,1.400067,103.744043
CCK-0232,1.400671,103.744201
CCK-0233,1.400989,103.74383
CCK-0234,1.400855,103.745004
CCK-0235,1.399594,103.74465
CCK-0236,1.400344,103.746112
CCK-0237,1.399778,103.747124
CCK-0238,1.399145,103.74714
CCK-0239,1.397842,103.746757
CCK-023A,1.398722,103.745729
CCK-023B,1.398219,103.746233
CCK-023C,1.397867,103.74627
CCK-023D,1.397721,103.748356
CCK-023E,1.397759,103.748976
CCK-023F,1.397767,103.74963
CCK-0240,1.398374,103.749826
CCK-0241,1.39845,103.749193
CCK-0242,1.398626,103.74861
CCK-0243,1.400246,103.750291
CCK-0244,1.400548,103.749745
CCK-0245,1.400828,103.749165
CCK-0246,1.40127,103.749294
CCK-0247,1.401074,103.74999
CCK-0248,1.400788,103.75064
CCK-0249,1.40152,103.750847
CCK-024A,1.401414,103.750823
CCK-024B,1.401936,103.75075
CCK-024C,1.402338,103.750474
CCK-024D,1.401988,103.750017
CCK-024E,1.402508,103.749889
CCK-024F,1.402402,103.749867
CCK-0250,1.402558,103.74944
CCK-0251,1.402602,103.749553
CCK-0252,1.401783,103.749668
CCK-0253,1.402963,103.748343
CCK-0254,1.402845,103.748293
CCK-0255,1.402996,103.747802
CCK-0256,1.40313,103.747715
CCK-0257,1.402552,103.748048
CCK-0258,1.402162,103.747448
CCK-0259,1.401676,103.748023
CCK-025A,1.401559,103.746982
CCK-025B,1.401425,103.745974
CCK-025C,1.401521,103.746095
CCK-025D,1.402037,103.74607
CCK-025E,1.401924,103.746187
CCK-025F,1.401483,103.745133
CCK-0260,1.401659,103.744113
CCK-0261,1.402472,103.744322
CCK-0262,1.40357,103.744858
CCK-0263,1.403486,103.744738
CCK-0264,1.403155,103.745779
CCK-0265,1.402242,103.745596
CCK-0266,1.402711,103.745304
CCK-0267,1.391679,103.746356
CCK-0268,1.391634,103.745393
CCK-0269,1.391365,103.746064
CCK-026A,1.390898,103.745622
CCK-026B,1.390552,103.746327
CCK-026C,1.390418,103.746963
CCK-026D,1.39169,103.746728
CCK-026E,1.392306,103.747844
CCK-026F,1.392261,103.747429
CCK-0270,1.392391,103.747014
CCK-0271,1.392373,103.746519
CCK-0272,1.392548,103.745596
CCK-0273,1.392907,103.745846
CCK-0274,1.393302,103.746136
CCK-0275,1.393145,103.7468
CCK-0276,1.39319,103.747335
CCK-0277,1.393235,103.747768
CCK-0278,1.392432,103.74874
CCK-0279,1.392961,103.748433
CCK-027A,1.3931,103.748504
CCK-027B,1.392889,103.749909
CCK-027C,1.39359,103.749753
CCK-027D,1.394016,103.749753
CCK-027E,1.394052,103.749802
CCK-027F,1.394344,103.750667
CCK-0280,1.394909,103.750471
CCK-0281,1.394573,103.747924
CCK-0282,1.395084,103.748651
CCK-0283,1.395942,103.749757
CCK-0284,1.395475,103.750029
CCK-0285,1.382771,103.75359
CCK-0286,1.382782,103.753407
CCK-0287,1.383161,103.75319
CCK-0288,1.376579,103.737966
CCK-0289,1.374695,103.738263
CCK-028A,1.376076,103.738912
CCK-028B,1.377092,103.738745
CCK-028C,1.375646,103.740497
CCK-028D,1.375171,103.741491
CCK-028E,1.402711,103.747565
CCK-028F,1.40256,103.747594
CCK-0290,1.402146,103.747964
CCK-0291,1.401882,103.747407
CCK-0292,1.401924,103.747311
CCK-0293,1.401291,103.747394
CCK-0294,1.401605,103.746582
CCK-0295,1.401689,103.746603
CCK-0296,1.402091,103.74652
CCK-0297,1.403952,103.745337
CCK-0298,1.403922,103.745641
CCK-0299,1.403931,103.746924
CCK-029A,1.403709,103.747798
CCK-029B,1.403864,103.747686
CCK-029C,1.40404,103.747719
CCK-029D,1.404693,103.74801
CCK-029E,1.404444,103.750315
CCK-029F,1.4044,103.749991
CCK-02A0,1.403939,103.750528
CCK-02A1,1.402972,103.750482
CCK-02A2,1.403022,103.750371
CCK-02A3,1.401223,103.751788
CCK-02A4,1.401569,103.751642
CCK-02A5,1.401591,103.751514
CCK-02A6,1.401174,103.751562
CCK-02A7,1.401072,103.751539
CCK-02A8,1.401398,103.751823
CCK-02A9,1.400227,103.751311
CCK-02AA,1.400248,103.751216
CCK-02AB,1.400262,103.751577
CCK-02AC,1.400137,103.751312
CCK-02AD,1.400163,103.751195
CCK-02AE,1.375966,103.74296
CCK-02AF,1.375803,103.743016
CCK-02B0,1.373774,103.743065
CCK-02B1,1.373531,103.742416
CCK-02B2,1.372855,103.743245
CCK-02B3,1.376097,103.744733
CCK-02B4,1.375089,103.744858
CCK-02B5,1.373788,103.745609
CCK-02B6,1.373321,103.74668
CCK-02B7,1.374231,103.744719
CCK-02B8,1.374264,103.744844
CCK-02B9,1.376199,103.746579
CCK-02BA,1.376169,103.746522
CCK-02BB,1.376185,103.74899
CCK-02BC,1.376189,103.748826
CCK-02BD,1.376565,103.748564
CCK-02BE,1.376586,103.748515
CCK-02BF,1.37776,103.748592
CCK-02C0,1.377589,103.748428
CCK-02C1,1.37774,103.748554
CCK-02C2,1.377836,103.748765
CCK-02C3,1.383138,103.753337
CCK-02C4,1.376829,103.741547
CCK-02C5,1.377074,103.737568
CCK-02C6,1.376271,103.736307
CCK-02C7,1.376962,103.739255
CCK-02C8,1.375866,103.739918
CCK-02C9,1.375609,103.741392
CCK-02CA,1.37557,103.741493
CCK-02CB,1.40194,103.747069
CCK-02CC,1.403918,103.746253
CCK-02CD,1.403973,103.747207
CCK-02CE,1.403558,103.748302
CCK-02CF,1.40365,103.748206
CCK-02D0,1.403629,103.748098
CCK-02D1,1.40463,103.748585
CCK-02D2,1.404327,103.750823
CCK-02D3,1.403534,103.750418
CCK-02D4,1.40311,103.749753
CCK-02D5,1.400607,103.751434
CCK-02D6,1.400641,103.751328
CCK-02D7,1.400442,103.751621
CCK-02D8,1.395695,103.747482
CCK-02D9,1.375761,103.7429
CCK-02DA,1.375943,103.742886
CCK-02DB,1.373764,103.743811
CCK-02DC,1.372976,103.742189
CCK-02DD,1.375976,103.745155
CCK-02DE,1.375887,103.74592
CCK-02DF,1.374875,103.745155
CCK-02E0,1.373391,103.745572
CCK-02E1,1.372888,103.746151
CCK-02E2,1.376782,103.747458
CCK-02E3,1.37677,103.747401
CCK-02E4,1.37631,103.748345
CCK-02E5,1.377154,103.748988
CCK-02E6,1.377242,103.748852
CCK-02E7,1.377145,103.748073
CCK-02E8,1.377397,103.748501
CCK-02E9,1.376619,103.742168
CCK-02EA,1.377251,103.73779
CCK-02EB,1.375796,103.736771
CCK-02EC,1.376421,103.739403
CCK-02ED,1.376593,103.740075
CCK-02EE,1.37595,103.73989
CCK-02EF,1.37595,103.74173
CCK-02F0,1.404756,103.746312
CCK-02F1,1.404668,103.747307
CCK-02F2,1.40466,103.747219
CCK-02F3,1.403461,103.748735
CCK-02F4,1.403575,103.748718
CCK-02F5,1.404698,103.749039
CCK-02F6,1.403721,103.751238
CCK-02F7,1.403648,103.751211
CCK-02F8,1.403676,103.751353
CCK-02F9,1.40389,103.751201
CCK-02FA,1.403278,103.75112
CCK-02FB,1.403206,103.751097
CCK-02FC,1.375159,103.742882
CCK-02FD,1.375374,103.742766
CCK-02FE,1.374879,103.742701
CCK-02FF,1.373555,103.744033
CCK-0300,1.372575,103.743894
CCK-0301,1.376265,103.745678
CCK-0302,1.375113,103.746258
CCK-0303,1.372785,103.746026
CCK-0304,1.376297,103.747602
CCK-0305,1.377687,103.749104
CCK-0306,1.377681,103.749047
CCK-0307,1.377562,103.748907
CCK-0308,1.377558,103.749362
CCK-0309,1.376864,103.748109
CCK-030A,1.376878,103.748282
CCK-030B,1.376698,103.742932
CCK-030C,1.377298,103.738319
CCK-030D,1.375441,103.737225
CCK-030E,1.375283,103.738773
CCK-0310,1.376099,103.740288
CCK-0311,1.376113,103.741171
CCK-0312,1.404639,103.746686
CCK-0313,1.404119,103.748543
CCK-0314,1.404061,103.748418
CCK-0315,1.403675,103.751698
CCK-0316,1.403761,103.751709
CCK-0317,1.401971,103.751956
CCK-0318,1.403196,103.751876
CCK-0319,1.403367,103.751904
CCK-031A,1.402799,103.751995
CCK-031B,1.402066,103.752066
CCK-031C,1.402882,103.751678
CCK-031D,1.40277,103.751674
CCK-031E,1.375108,103.742997
CCK-031F,1.372967,103.744506
CCK-0320,1.37251,103.744386
CCK-0321,1.372524,103.744515
CCK-0322,1.374851,103.745465
CCK-0324,1.383922,103.745514
CCK-0325,1.376698,103.75196
CCK-0326,1.394795,103.74454
CCK-0327,1.397319,103.747921
CCK-0328,1.378089,103.738518
CCK-0329,1.388276,103.755578
CCK-032A,1.38389,103.739971
CCK-032B,1.396667,103.747335
CCK-032C,1.370949,103.750257
CCK-032D,1.379046,103.736865
CCK-032E,1.391111,103.744955
CCK-032F,1.395411,103.751926
CCK-0330,1.392328,103.749784
CCK-0331,1.378437,103.736437
CCK-0332,1.397253,103.745542
CCK-0333,1.388036,103.755354
CCK-0334,1.391222,103.745147
CCK-0335,1.375951,103.738426
CCK-0336,1.378508,103.753206
CCK-0337,1.379816,103.75435
CCK-0338,1.381731,103.751674
CCK-0339,1.383553,103.74173
CCK-033A,1.383303,103.740959
CCK-033B,1.377507,103.750714
CCK-033C,1.382667,103.742687
CCK-033D,1.380664,103.73827
CCK-033E,1.378352,103.743014
CCK-033F,1.378114,103.741215
CCK-0340,1.37792,103.741135
CCK-0341,1.402795,103.750272
CCK-0342,1.400841,103.750901
CCK-0343,1.377232,103.734365
CCK-0344,1.376814,103.755374
CCK-0345,1.378006,103.757803
CCK-0346,1.374002,103.752599
CCK-0347,1.376925,103.747229
CCK-0348,1.376902,103.747372
CCK-0349,1.377435,103.749167
CCK-034A,1.376988,103.748919
CCK-034B,1.376155,103.748906
CCK-034C,1.376726,103.748274
CCK-034D,1.376024,103.748389
CCK-034E,1.376179,103.748942
CCK-034F,1.376431,103.747568
CCK-0350,1.376699,103.748216
CCK-0351,1.376402,103.74749
CCK-0352,1.378445,103.753802
CCK-0353,1.37985,103.754713
CCK-0354,1.381858,103.753095
CCK-0355,1.380674,103.754423
CCK-0356,1.380568,103.754868
CCK-0357,1.379903,103.754487
CCK-0358,1.379903,103.754543
CCK-0359,1.379004,103.752805
CCK-035A,1.379501,103.753127
CCK-035B,1.377973,103.755006
CCK-035C,1.377969,103.754893
CCK-035D,1.380685,103.751074
CCK-035E,1.380738,103.751099
CCK-035F,1.381058,103.751044
CCK-0360,1.381471,103.7504
CCK-0361,1.379853,103.750114
CCK-0362,1.38111,103.751076
CCK-0363,1.381263,103.751134
CCK-0364,1.377619,103.75446
CCK-0365,1.3814,103.754444
CCK-0366,1.378929,103.751014
CCK-0367,1.378186,103.7517
CCK-0368,1.380722,103.756607
CCK-0369,1.38026,103.75641
CCK-036A,1.37788,103.756382
CCK-036B,1.378702,103.756656
CCK-036C,1.378784,103.756528
CCK-036D,1.383033,103.753579
CCK-036E,1.376026,103.746847
CCK-036F,1.376006,103.746573
CCK-0370,1.379659,103.757262
CCK-0371,1.37924,103.756908
CCK-0372,1.378964,103.758505
CCK-0373,1.377855,103.739762
CCK-0374,1.398122,103.747319
CCK-0375,1.386088,103.74474
CCK-0376,1.393527,103.745613
CCK-0377,1.379842,103.759144
CCK-0378,1.379684,103.758999
CCK-0379,1.379985,103.758732
CCK-037A,1.380045,103.758598
CCK-037B,1.379818,103.759285
CCK-037C,1.374744,103.750069
CCK-037D,1.374766,103.749734
CCK-037E,1.374704,103.749673
CCK-037F,1.375444,103.74949
CCK-0380,1.38051,103.75881
CCK-0381,1.38057,103.758628
CCK-0382,1.380574,103.758544
CCK-0383,1.380549,103.758259
CCK-0384,1.37528,103.750569
CCK-0385,1.375546,103.749849
CCK-0386,1.375402,103.75022
CCK-0387,1.375207,103.750546
CCK-0388,1.375336,103.750568
CCK-0389,1.378702,103.758246
CCK-038A,1.378561,103.75781
CCK-038B,1.376684,103.753883
CCK-038C,1.384087,103.744598
CCK-038D,1.383999,103.744592
CCK-038E,1.378483,103.749336
CCK-038F,1.380406,103.745027
CCK-0390,1.384186,103.744329
CCK-0391,1.384088,103.744336
CCK-0392,1.383857,103.74435
CGI-0001,1.35556,103.969004
CGI-0002,1.360802,103.971037
CGI-0003,1.362272,103.97332
CGI-0004,1.360569,103.97444
CGI-0005,1.352,103.970013
CGI-0006,1.390526,103.988486
CGI-0007,1.390528,103.986705
CGI-0008,1.388766,103.988656
CGI-0009,1.38976,103.988329
CGI-000A,1.38988,103.986604
CGI-000B,1.390667,103.979286
CGI-000C,1.384188,104.001262
CGI-000E,1.379394,103.978415
CGI-000F,1.378791,103.978713
CGI-0010,1.341767,103.981694
CGI-0012,1.313593,103.995678
CGI-0013,1.372288,104.004741
CGI-0014,1.36841,103.977911
CGI-0015,1.345585,103.970068
CGI-0016,1.388742,103.988543
CGI-0017,1.387761,103.987565
CGI-0018,1.388148,103.987549
CGI-0019,1.388509,103.987676
CGI-001A,1.388904,103.988231
CGI-001B,1.388951,103.988399
CGI-001C,1.38899,103.98806
CGI-001D,1.389226,103.988452
CGI-001E,1.389798,103.988281
CGI-001F,1.388976,103.987988
CGI-0020,1.38917,103.987322
CGI-0021,1.388831,103.987593
CGI-0022,1.389051,103.987957
CGI-0023,1.388504,103.986922
CGI-0024,1.389015,103.986778
CGI-0025,1.35262,103.972628
CGI-0027,1.330851,103.95818
CGI-0028,1.352382,103.96788
CGI-0029,1.3765,104.002216
CGI-002A,1.377009,104.001918
CGI-002B,1.378907,104.001445
CGI-002C,1.387763,103.985702
CGI-002D,1.387654,103.981756
CGI-002E,1.387977,103.982193
CGI-002F,1.386521,103.979384
CGI-0030,1.383589,103.978186
CGI-0031,1.375816,103.976882
CGI-0032,1.323412,103.925209
CGI-0033,1.334361,103.96656
CGI-0034,1.384252,103.978372
CGI-0035,1.346825,103.967799
CGI-0036,1.388503,103.989751
CGI-0037,1.346594,103.967754
CGI-0038,1.350376,103.967803
CGI-0039,1.390963,103.979772
CGI-003A,1.345707,103.970026
CGI-003B,1.38755,103.979333
CGI-003C,1.386781,103.979321
CGI-003D,1.388902,103.978107
CGI-003E,1.387468,103.985984
CGI-003F,1.388282,103.998729
CGI-0040,1.347854,103.972148
CMT-0002,1.31287,103.766826
CMT-0003,1.315219,103.765433
CMT-0004,1.298967,103.766905
CMT-0005,1.308086,103.765851
CMT-0006,1.312499,103.761159
CMT-0007,1.304856,103.764673
CMT-0009,1.307709,103.761465
CMT-000A,1.306741,103.762721
CMT-000B,1.303589,103.764478
CMT-000C,1.315139,103.765848
CMT-000D,1.31443,103.766109
CMT-000E,1.315181,103.767166
CMT-000F,1.319417,103.769398
CMT-0010,1.31826,103.769946
CMT-0011,1.31713,103.770593
CMT-0012,1.316847,103.771153
CMT-0013,1.31535,103.770857
CMT-0014,1.313437,103.77038
CMT-0015,1.313636,103.768963
CMT-0016,1.31238,103.76889
CMT-0017,1.312562,103.771787
CMT-0018,1.32039,103.76838
CMT-0019,1.319184,103.766928
CMT-001B,1.317973,103.76784
CMT-001C,1.318485,103.768206
CMT-001D,1.309176,103.768325
CMT-001E,1.309618,103.770477
CMT-001F,1.311573,103.764061
CMT-0020,1.312489,103.763301
CMT-0021,1.314554,103.761599
CMT-0022,1.314552,103.762329
CMT-0023,1.312307,103.766335
CMT-0024,1.311042,103.766358
CMT-0025,1.324018,103.770329
CMT-0026,1.324438,103.77151
CMT-0027,1.324874,103.772199
CMT-0028,1.322146,103.764726
CMT-0029,1.321717,103.76481
CMT-002A,1.321324,103.764683
CMT-002B,1.320918,103.764981
CMT-002C,1.322029,103.765764
CMT-002D,1.321428,103.765699
CMT-002E,1.321462,103.766974
CMT-002F,1.320863,103.766416
CMT-0030,1.320255,103.766068
CMT-0031,1.318451,103.765389
CMT-0032,1.318443,103.764436
CMT-0033,1.318036,103.764518
CMT-0034,1.318058,103.765378
CMT-0035,1.317291,103.76481
CMT-0036,1.321043,103.76232
CMT-0037,1.320664,103.762956
CMT-0038,1.321512,103.762438
CMT-0039,1.32269,103.762505
CMT-003A,1.321695,103.770802
CMT-003C,1.297034,103.767115
CMT-003D,1.301578,103.766038
CMT-0040,1.31739,103.762467
CMT-0041,1.316722,103.761428
CMT-0042,1.307645,103.761908
CMT-0043,1.307888,103.76206
CMT-0044,1.31474,103.771812
CMT-0045,1.317691,103.771259
CMT-0046,1.309191,103.765723
CMT-0047,1.310866,103.76357
CMT-0048,1.311544,103.763559
CMT-0049,1.315255,103.769097
CMT-004A,1.31105,103.767275
CMT-004B,1.311082,103.767519
CMT-004C,1.301912,103.762296
CMT-004D,1.30514,103.76055
CMT-004E,1.293603,103.766086
CMT-004F,1.299003,103.767071
CMT-0050,1.313167,103.761209
CMT-0051,1.316608,103.757994
CMT-0052,1.320404,103.754849
CMT-0053,1.321126,103.754594
CMT-0054,1.319729,103.762319
CMT-0055,1.320976,103.762011
CMT-0056,1.312248,103.75477
CMT-0057,1.326936,103.75422
CMT-0059,1.328174,103.751267
CMT-005A,1.313791,103.763619
CMT-005C,1.311016,103.758443
CMT-005D,1.326112,103.755648
CMT-005E,1.330501,103.767071
CMT-005F,1.315309,103.764833
CMT-0060,1.315136,103.765739
CMT-0061,1.315503,103.765329
CMT-0062,1.310518,103.753912
CMT-0063,1.312462,103.75275
CMT-0064,1.32592,103.752105
CMT-0065,1.32243,103.76862
CMT-0066,1.32208,103.769022
CMT-0068,1.322659,103.7689
CMT-0069,1.323177,103.770785
CMT-006A,1.32377,103.770048
CMT-006B,1.323836,103.769976
CMT-006C,1.323747,103.770921
CMT-006D,1.323733,103.771266
CMT-006E,1.324208,103.771955
CMT-006F,1.324473,103.772003
CMT-0070,1.324445,103.77112
CMT-0071,1.324464,103.771486
CMT-0072,1.324895,103.772073
CMT-0073,1.32026,103.762635
CMT-0074,1.320338,103.762681
CMT-0075,1.320625,103.762572
CMT-0076,1.320654,103.762783
CMT-0077,1.320669,103.763031
CMT-0078,1.321027,103.763252
CMT-0079,1.321008,103.763511
CMT-007A,1.320952,103.763118
CMT-007B,1.320957,103.762142
CMT-007C,1.320983,103.76228
CMT-007D,1.32147,103.762448
CMT-007E,1.32147,103.762066
CMT-007F,1.322138,103.764833
CMT-0080,1.322174,103.765094
CMT-0081,1.321736,103.765
CMT-0082,1.321762,103.764665
CMT-0083,1.32133,103.764685
CMT-0084,1.322031,103.76571
CMT-0085,1.321496,103.766989
CMT-0086,1.320828,103.766615
CMT-0087,1.320678,103.766676
CMT-0088,1.320244,103.766054
CMT-0089,1.319841,103.76522
CMT-008A,1.318485,103.765555
CMT-008B,1.318466,103.764681
CMT-008C,1.318034,103.764395
CMT-008D,1.318031,103.765291
CMT-008E,1.317376,103.764759
CMT-008F,1.317107,103.76542
CMT-0090,1.316537,103.766232
CMT-0091,1.316549,103.766102
CMT-0092,1.316167,103.766458
CMT-0093,1.316056,103.76709
CMT-0094,1.315707,103.767099
CMT-0095,1.315143,103.766058
CMT-0096,1.31444,103.766739
CMT-0097,1.313964,103.766797
CMT-0098,1.313991,103.766556
CMT-0099,1.313044,103.767301
CMT-009A,1.313727,103.767531
CMT-009B,1.31414,103.768086
CMT-009C,1.314755,103.76763
CMT-009D,1.315168,103.767193
CMT-009E,1.315177,103.768603
CMT-009F,1.317001,103.768389
CMT-00A0,1.316598,103.769152
CMT-00A1,1.316611,103.769306
CMT-00A2,1.315976,103.769041
CMT-00A3,1.315992,103.769195
CMT-00A4,1.319366,103.769432
CMT-00A5,1.318693,103.770104
CMT-00A6,1.318463,103.770343
CMT-00A7,1.318127,103.770079
CMT-00A8,1.318495,103.769703
CMT-00A9,1.317649,103.771036
CMT-00AA,1.318116,103.769302
CMT-00AB,1.318102,103.768855
CMT-00AC,1.316909,103.770255
CMT-00AD,1.317231,103.771005
CMT-00AE,1.316778,103.770998
CMT-00AF,1.315977,103.771293
CMT-00B0,1.31565,103.770224
CMT-00B1,1.315027,103.770365
CMT-00B2,1.315307,103.770766
CMT-00B3,1.313583,103.769074
CMT-00B4,1.313513,103.769985
CMT-00B5,1.312758,103.770055
CMT-00B6,1.312696,103.769694
CMT-00B7,1.312402,103.768735
CMT-00B8,1.312312,103.768997
CMT-00B9,1.312319,103.770094
CMT-00BA,1.312524,103.771829
CMT-00BB,1.312994,103.771707
CMT-00BC,1.319978,103.768454
CMT-00BD,1.320623,103.768187
CMT-00BE,1.31942,103.767479
CMT-00BF,1.319118,103.766628
CMT-00C0,1.318498,103.766806
CMT-00C1,1.318106,103.766812
CMT-00C2,1.318103,103.766528
CMT-00C3,1.317639,103.768174
CMT-00C4,1.317662,103.768261
CMT-00C5,1.317989,103.767639
CMT-00C6,1.318602,103.767937
CMT-00C7,1.311449,103.769785
CMT-00C8,1.31142,103.769625
CMT-00C9,1.310869,103.769386
CMT-00CA,1.3109,103.769717
CMT-00CB,1.310911,103.770798
CMT-00CC,1.310862,103.77034
CMT-00CD,1.311533,103.771692
CMT-00CE,1.310336,103.771323
CMT-00CF,1.310191,103.770751
CMT-00D0,1.310103,103.770114
CMT-00D1,1.310185,103.769534
CMT-00D2,1.310199,103.769504
CMT-00D3,1.310038,103.769251
CMT-00D4,1.310079,103.769467
CMT-00D5,1.309293,103.768682
CMT-00D6,1.309243,103.769387
CMT-00D7,1.309179,103.769025
CMT-00D8,1.309189,103.769063
CMT-00D9,1.309476,103.769799
CMT-00DA,1.30965,103.770589
CMT-00DB,1.309732,103.771214
CMT-00DC,1.311582,103.764352
CMT-00DD,1.311957,103.763574
CMT-00DE,1.312516,103.763128
CMT-00DF,1.312915,103.763091
CMT-00E0,1.31406,103.761357
CMT-00E1,1.314547,103.761313
CMT-00E2,1.314545,103.761792
CMT-00E3,1.314561,103.762622
CMT-00E4,1.316017,103.764234
CMT-00E5,1.313209,103.764765
CMT-00E6,1.312274,103.76632
CMT-00E7,1.312126,103.766566
CMT-00E8,1.311933,103.766874
CMT-00E9,1.311809,103.767135
CMT-00EA,1.311737,103.767166
CMT-00EB,1.31161,103.766728
CMT-00EC,1.311579,103.766768
CMT-00ED,1.31128,103.7671
CMT-00EE,1.311152,103.766829
CMT-00EF,1.311098,103.766536
CMT-00F0,1.311164,103.766499
CMT-00F1,1.311091,103.76574
CMT-00F2,1.311627,103.759516
CMT-00F3,1.312367,103.761178
CMT-00F4,1.31256,103.760537
CMT-00F5,1.31249,103.760956
CMT-00F6,1.31214,103.76053
CMT-00F7,1.312136,103.7607
CMT-00F8,1.311751,103.761532
CMT-00F9,1.31172,103.761611
CMT-00FA,1.311574,103.762012
CMT-00FB,1.311108,103.761129
CMT-00FC,1.311241,103.760794
CMT-00FD,1.310857,103.760688
CMT-00FE,1.310244,103.760613
CMT-00FF,1.309868,103.760441
CMT-0100,1.310044,103.759953
CMT-0101,1.308642,103.760272
CMT-0102,1.308573,103.760567
CMT-0103,1.308951,103.759278
CMT-0104,1.308881,103.759445
CMT-0105,1.309037,103.759061
CMT-0106,1.308313,103.759937
CMT-0107,1.308452,103.759623
CMT-0108,1.308471,103.759552
CMT-0109,1.308234,103.760453
CMT-010A,1.308008,103.760296
CMT-010B,1.30772,103.760154
CMT-010C,1.307616,103.760121
CMT-010D,1.307508,103.760084
CMT-010E,1.3074,103.76002
CMT-010F,1.307276,103.760003
CMT-0110,1.308097,103.759313
CMT-0111,1.308301,103.758776
CMT-0112,1.308178,103.759096
CMT-0113,1.307752,103.759218
CMT-0114,1.307538,103.759689
CMT-0115,1.307766,103.759055
CMT-0116,1.307642,103.759456
CMT-0117,1.307099,103.759759
CMT-0118,1.307213,103.759484
CMT-0119,1.307028,103.759908
CMT-011A,1.304723,103.765112
CMT-011B,1.30485,103.765434
CMT-011C,1.305007,103.766574
CMT-011D,1.305067,103.765893
CMT-011E,1.305174,103.766185
CMT-011F,1.305532,103.767531
CMT-0120,1.305468,103.768056
CMT-0121,1.30494,103.768042
CMT-0122,1.304292,103.768006
CMT-0123,1.304191,103.76772
CMT-0124,1.304204,103.766883
CMT-0125,1.304285,103.76664
CMT-0126,1.304034,103.765368
CMT-0127,1.304164,103.76572
CMT-0128,1.304512,103.768935
CMT-0129,1.304614,103.769033
CMT-012A,1.30371,103.769421
CMT-012B,1.304141,103.769308
CMT-012C,1.303339,103.768152
CMT-012D,1.303258,103.76794
CMT-012E,1.30378,103.767966
CMT-012F,1.307419,103.761792
CMT-0130,1.307775,103.76097
CMT-0131,1.307411,103.760759
CMT-0132,1.306633,103.760945
CMT-0133,1.30681,103.760515
CMT-0134,1.306406,103.760354
CMT-0135,1.306165,103.760999
CMT-0136,1.306352,103.760507
CMT-0137,1.306427,103.760174
CMT-0138,1.305629,103.760798
CMT-0139,1.305679,103.760643
CMT-013A,1.30693,103.761964
CMT-013B,1.306567,103.762817
CMT-013C,1.306157,103.762716
CMT-013D,1.305591,103.76248
CMT-013E,1.305186,103.762344
CMT-013F,1.305406,103.761148
CMT-0140,1.304751,103.761131
CMT-0141,1.305059,103.761656
CMT-0142,1.304993,103.761817
CMT-0143,1.30441,103.762019
CMT-0144,1.30425,103.761693
CMT-0145,1.303414,103.761933
CMT-0146,1.303001,103.762036
CMT-0147,1.302011,103.763211
CMT-0148,1.302304,103.7631
CMT-0149,1.302194,103.763154
CMT-014A,1.302125,103.762387
CMT-014B,1.303331,103.762507
CMT-014C,1.303011,103.763382
CMT-014D,1.303539,103.763355
CMT-014E,1.305351,103.76371
CMT-014F,1.305445,103.763687
CMT-0150,1.305254,103.763847
CMT-0151,1.305134,103.763415
CMT-0152,1.304586,103.763259
CMT-0153,1.304683,103.763192
CMT-0154,1.304288,103.76278
CMT-0155,1.322115,103.762393
CMT-0156,1.322007,103.762357
CMT-0157,1.321911,103.762564
CMT-0158,1.321926,103.762353
CMT-0159,1.3219,103.762402
CMT-015A,1.321901,103.762494
CMT-015B,1.319027,103.764688
CMT-015C,1.320488,103.764781
CMT-015D,1.309865,103.76868
CMT-015E,1.310171,103.768791
CMT-015F,1.316097,103.764241
CMT-0160,1.316064,103.764187
CMT-0161,1.316006,103.764289
CMT-0162,1.311629,103.759988
CMT-0163,1.322514,103.762506
CMT-0164,1.32254,103.762538
CMT-0165,1.32273,103.762399
CMT-0166,1.322613,103.762361
CMT-0167,1.322544,103.762359
CMT-0168,1.322518,103.762394
CMT-0169,1.322004,103.762525
CMT-016A,1.322117,103.76251
CMT-016B,1.319731,103.764482
CMT-016C,1.316742,103.763875
CMT-016D,1.319494,103.763998
CMT-016E,1.319673,103.763863
CMT-016F,1.316741,103.76382
CMT-0170,1.32796,103.768746
CMT-0171,1.326023,103.763976
CMT-0172,1.337555,103.75251
CMT-0173,1.335695,103.757418
CMT-0175,1.322192,103.757462
CMT-0176,1.325932,103.765948
CMT-0178,1.316329,103.751626
CMT-0179,1.313594,103.765632
CMT-017A,1.307472,103.760584
CMT-017B,1.327304,103.751209
CMT-017C,1.337066,103.755129
CMT-017D,1.303759,103.764837
CMT-017E,1.297525,103.769871
CMT-017F,1.329761,103.758423
CMT-0180,1.330119,103.758265
CMT-0181,1.333328,103.759041
CMT-0182,1.304817,103.762607
CMT-0183,1.297665,103.76957
CMT-0184,1.335743,103.75713
CMT-0185,1.336469,103.749377
CMT-0186,1.333558,103.759323
CMT-0187,1.312335,103.765756
CMT-0188,1.31726,103.767705
CMT-0189,1.312013,103.769595
CMT-018A,1.308887,103.760492
CMT-018B,1.326097,103.764367
CMT-018C,1.332546,103.777698
CMT-018D,1.304785,103.769373
CMT-018E,1.317738,103.757719
CMT-018F,1.318457,103.765864
CMT-0190,1.320786,103.767448
CMT-0191,1.304883,103.760279
CMT-0192,1.312437,103.755121
CMT-0193,1.307537,103.758319
CMT-0194,1.312749,103.76462
CMT-0195,1.312995,103.764201
CMT-0196,1.312522,103.764385
CMT-0197,1.312558,103.764682
CMT-0198,1.312607,103.764662
CMT-0199,1.312909,103.764057
CMT-019A,1.312903,103.764088
CMT-019B,1.312948,103.764103
CMT-019C,1.312889,103.764127
CMT-019D,1.318174,103.766157
CMT-019E,1.315136,103.765739
CMT-019F,1.322166,103.763695
CMT-01A0,1.322488,103.76368
CMT-01A1,1.322038,103.763516
CMT-01A2,1.322061,103.76374
CMT-01A3,1.322638,103.7633
CMT-01A4,1.322758,103.762861
CMT-01A5,1.322645,103.763688
CMT-01A6,1.322623,103.76342
CMT-01A7,1.323342,103.762988
CMT-01A8,1.323312,103.762839
CMT-01A9,1.32329,103.763546
CMT-01AA,1.32326,103.763367
CMT-01AB,1.310056,103.767269
CMT-01AC,1.310273,103.767373
CMT-01AD,1.309382,103.767321
CMT-01AE,1.309944,103.767619
CMT-01AF,1.310536,103.768244
CMT-01B0,1.310663,103.768148
CMT-01B1,1.310446,103.768036
CMT-01B2,1.310453,103.76817
CMT-01B3,1.311285,103.768423
CMT-01B4,1.311412,103.768498
CMT-01B5,1.310708,103.768296
CMT-01B6,1.311248,103.768326
CMT-01B7,1.321731,103.763181
CMT-01B8,1.321664,103.763286
CMT-01B9,1.311472,103.768594
CMT-01BA,1.321753,103.762898
CMT-01BB,1.309779,103.767723
CMT-01BC,1.309562,103.7675
CMT-01BD,1.309194,103.767716
CMT-01BE,1.309554,103.76788
CMT-01BF,1.293801,103.767056
CMT-01C0,1.320147,103.753319
CMT-01C1,1.315699,103.764524
CMW-0001,1.301782,103.798728
CMW-0002,1.295074,103.805497
CSC-8503,1.390768,103.98678
CSC-8522,1.39148,103.982312
CSF-1001,1.365117,103.980704
CWC-0002,1.342259,103.836034
CWC-0003,1.340672,103.832901
CWC-0006,1.41326,103.805267
DTC-0001,1.293027,103.853258
DTC-0002,1.291555,103.859327
DTC-0003,1.274102,103.8469
DTC-0004,1.273996,103.844844
DTC-0005,1.296961,103.856481
DTC-0008,1.289727,103.848863
DTC-0009,1.292779,103.860922
DTC-000A,1.289338,103.861872
DTC-000B,1.29073,103.860945
DTC-000C,1.277482,103.855624
DTC-000D,1.301161,103.856039
DTC-000E,1.281094,103.851464
DTC-000F,1.273174,103.84305
DTC-0011,1.29287,103.855924
DTC-0013,1.289767,103.848802
DTC-0014,1.282388,103.85147
DTC-0015,1.28042,103.855094
DTC-0016,1.281932,103.852886
DTC-0017,1.281707,103.857083
DTC-0018,1.286407,103.853585
DTC-0019,1.285302,103.860615
DTC-001A,1.299073,103.85685
DTC-001B,1.300628,103.856313
DTC-001C,1.301132,103.855701
DTC-001D,1.276344,103.844874
DTC-001E,1.27659,103.854805
DTC-001F,1.276348,103.845173
DTC-0020,1.279677,103.844226
DTC-0021,1.296421,103.853561
DTC-0022,1.278307,103.847517
DTC-0023,1.27473,103.847527
DTC-0026,1.279779,103.856316
DTC-0027,1.279616,103.845104
DTC-0029,1.279415,103.845293
DTC-002B,1.279961,103.845507
DTC-002C,1.279673,103.844904
DTC-002D,1.297137,103.854036
DTC-002E,1.297274,103.854595
DTC-002F,1.297969,103.85432
DTC-0030,1.29081,103.854891
DTC-0031,1.285937,103.847365
DTC-0032,1.285783,103.847268
DTC-0033,1.279431,103.853167
DTC-0034,1.279763,103.852667
DTC-0036,1.291672,103.860684
DTC-0038,1.284644,103.848829
DTC-0039,1.279661,103.84492
DTC-003B,1.302751,103.854209
DTC-003C,1.302549,103.854345
DTC-003D,1.296945,103.851392
DTC-003E,1.299992,103.855578
DTC-003F,1.289495,103.851039
DTC-0040,1.289087,103.854876
DTC-0041,1.282038,103.858969
DTC-0047,1.289628,103.857015
DTC-0049,1.296631,103.854338
DTC-004A,1.278306,103.848398
DTC-004B,1.278966,103.847817
DTC-004C,1.282503,103.849957
DTC-004D,1.294207,103.855009
DTC-004E,1.294847,103.857329
DTC-0050,1.284299,103.849609
DTC-0051,1.284354,103.849741
DTC-0052,1.28453,103.849801
DTC-0053,1.284757,103.850476
DTC-0054,1.284054,103.850406
DTC-0057,1.27709,103.850966
DTC-0058,1.280776,103.844695
DTC-0059,1.274953,103.854269
DTC-005A,1.275086,103.855034
DTC-005B,1.275957,103.854846
DTC-005C,1.277895,103.867139
DTC-005D,1.280238,103.868998
DTC-005E,1.279091,103.868017
DTC-005F,1.292844,103.855521
DTC-0060,1.279146,103.852896
DTC-0061,1.279601,103.852908
DTC-0062,1.28274,103.851534
DTC-0063,1.277851,103.847035
DTC-0064,1.276234,103.847068
DTC-0065,1.276246,103.84656
FRP-0001,1.313728,103.854643
GRW-1001,1.292633,103.832171
GRW-1002,1.2926,103.832141
GYL-0001,1.318057,103.893644
GYL-0004,1.328455,103.870969
GYL-0006,1.33071,103.889248
GYL-0007,1.310559,103.88323
GYL-0008,1.329113,103.879783
GYL-0009,1.315664,103.895462
GYL-000A,1.314242,103.892191
GYL-000C,1.315179,103.893176
GYL-000D,1.310079,103.875973
GYL-000F,1.311553,103.887961
GYL-0010,1.308197,103.888287
GYL-0011,1.309002,103.891802
GYL-0012,1.317088,103.902873
GYL-0013,1.313292,103.900561
GYL-0014,1.314041,103.893132
GYL-0015,1.327481,103.885043
GYL-0016,1.318646,103.897306
GYL-0017,1.320775,103.902455
GYL-0018,1.320673,103.902866
GYL-0019,1.321254,103.90399
GYL-001A,1.320796,103.904278
GYL-001B,1.320842,103.904758
GYL-001C,1.321782,103.902988
GYL-001D,1.322279,103.902764
GYL-001E,1.32181,103.904266
GYL-001F,1.322215,103.903969
GYL-0020,1.322711,103.90342
GYL-0021,1.323181,103.903609
GYL-0022,1.323908,103.903494
GYL-0023,1.323,103.904394
GYL-0024,1.323369,103.904355
GYL-0025,1.323673,103.904095
GYL-0026,1.324267,103.903049
GYL-0027,1.324639,103.902974
GYL-0028,1.325084,103.903525
GYL-0029,1.324725,103.901791
GYL-002A,1.324275,103.901926
GYL-002B,1.323746,103.902118
GYL-002C,1.320495,103.901978
GYL-002D,1.320272,103.901398
GYL-002E,1.32017,103.900725
GYL-002F,1.321053,103.900874
GYL-0030,1.321126,103.901236
GYL-0031,1.321207,103.901652
GYL-0032,1.318472,103.89967
GYL-0033,1.318772,103.899404
GYL-0034,1.318394,103.899424
GYL-0035,1.318428,103.89835
GYL-0036,1.318192,103.898554
GYL-0037,1.318369,103.898033
GYL-0038,1.317955,103.897111
GYL-0039,1.318214,103.897301
GYL-003A,1.311493,103.898103
GYL-003B,1.312312,103.89764
GYL-003C,1.311684,103.897323
GYL-003D,1.312022,103.897032
GYL-003E,1.312542,103.896574
GYL-003F,1.313304,103.897245
GYL-0040,1.313757,103.897019
GYL-0041,1.313686,103.896036
GYL-0042,1.314333,103.895757
GYL-0043,1.31499,103.89654
GYL-0044,1.313234,103.895024
GYL-0045,1.31383,103.895281
GYL-0047,1.330901,103.901511
GYL-0048,1.330014,103.901875
GYL-0049,1.329802,103.903177
GYL-004A,1.328913,103.903717
GYL-004B,1.32921,103.903518
GYL-004C,1.329393,103.903238
GYL-004D,1.329088,103.902484
GYL-004E,1.328583,103.903356
GYL-004F,1.328265,103.903638
GYL-0050,1.328787,103.904169
GYL-0051,1.32782,103.904642
GYL-0053,1.328366,103.904262
GYL-0054,1.327308,103.903928
GYL-0055,1.326884,103.903941
GYL-0056,1.327117,103.905019
GYL-0057,1.326564,103.904132
GYL-0058,1.32663,103.90273
GYL-0059,1.326336,103.902797
GYL-005A,1.325795,103.90207
GYL-005B,1.326134,103.901938
GYL-005C,1.326498,103.902212
GYL-005D,1.326754,103.90159
GYL-005E,1.326487,103.900206
GYL-005F,1.326244,103.899106
GYL-0060,1.325972,103.899458
GYL-0061,1.325686,103.899947
GYL-0062,1.326155,103.900352
GYL-0063,1.325841,103.900759
GYL-0064,1.325421,103.900561
GYL-0065,1.325396,103.900074
GYL-0066,1.308993,103.88324
GYL-0067,1.309624,103.88303
GYL-006A,1.310538,103.885625
GYL-006C,1.310262,103.883417
GYL-006D,1.307357,103.889618
GYL-006E,1.307481,103.888778
GYL-006F,1.307772,103.888924
GYL-0070,1.307937,103.885058
GYL-0071,1.308099,103.884685
GYL-0072,1.30859,103.884588
GYL-0073,1.308707,103.884961
GYL-0074,1.308864,103.885466
GYL-0076,1.307812,103.883129
GYL-0077,1.307409,103.88298
GYL-0078,1.307057,103.882858
GYL-0079,1.307775,103.882332
GYL-007A,1.309474,103.882326
GYL-007C,1.307741,103.88283
GYL-007E,1.320515,103.886814
GYL-007F,1.319975,103.886963
GYL-0080,1.319231,103.886544
GYL-0081,1.321273,103.885872
GYL-0082,1.320922,103.885955
GYL-0083,1.321338,103.884568
GYL-0084,1.320918,103.884349
GYL-0085,1.320895,103.883611
GYL-0086,1.320437,103.882533
GYL-0087,1.320497,103.883552
GYL-0088,1.320149,103.883067
GYL-0089,1.319435,103.883063
GYL-008A,1.319132,103.883288
GYL-008B,1.319003,103.884318
GYL-008C,1.319322,103.885351
GYL-008D,1.319379,103.884804
GYL-008E,1.320026,103.884466
GYL-008F,1.320376,103.884486
GYL-0090,1.320357,103.885063
GYL-0091,1.323396,103.881828
GYL-0092,1.323545,103.882184
GYL-0093,1.330239,103.886054
GYL-0094,1.330683,103.886574
GYL-0095,1.330206,103.887014
GYL-0096,1.330124,103.885698
GYL-0097,1.329641,103.8861
GYL-0098,1.329973,103.888022
GYL-0099,1.329897,103.888995
GYL-009A,1.329491,103.888126
GYL-009B,1.329195,103.888457
GYL-009C,1.329224,103.888925
GYL-009D,1.329404,103.889203
GYL-009E,1.328093,103.887065
GYL-009F,1.327227,103.886316
GYL-00A0,1.326801,103.886748
GYL-00A1,1.32742,103.887143
GYL-00A2,1.326868,103.887768
GYL-00A3,1.326144,103.887796
GYL-00A4,1.325875,103.888264
GYL-00A7,1.325954,103.884976
GYL-00A8,1.322745,103.885371
GYL-00A9,1.318259,103.886338
GYL-00AA,1.318009,103.886218
GYL-00AB,1.317932,103.8868
GYL-00AC,1.318494,103.887356
GYL-00AD,1.316962,103.887589
GYL-00AE,1.31652,103.886162
GYL-00AF,1.316295,103.885289
GYL-00B0,1.318145,103.884444
GYL-00B1,1.317676,103.885355
GYL-00B2,1.31818,103.885485
GYL-00B3,1.327667,103.884491
GYL-00B4,1.327763,103.883267
GYL-00B5,1.322306,103.88395
GYL-00B6,1.322589,103.882431
GYL-00B7,1.322709,103.883167
GYL-00B8,1.323175,103.883643
GYL-00B9,1.322732,103.887796
GYL-00BA,1.3244,103.886947
GYL-00BC,1.323772,103.888704
GYL-00BD,1.32406,103.888631
GYL-00BE,1.323283,103.886512
GYL-00BF,1.323131,103.887266
GYL-00C0,1.322994,103.887805
GYL-00C1,1.323204,103.888585
GYL-00C2,1.316973,103.897924
GYL-00C3,1.317272,103.897524
GYL-00C4,1.31737,103.897995
GYL-00C5,1.317445,103.898376
GYL-00C6,1.317404,103.898938
GYL-00C7,1.317928,103.901614
GYL-00C8,1.317639,103.901811
GYL-00C9,1.317369,103.880193
GYL-00CA,1.316528,103.876664
GYL-00CB,1.317273,103.879701
GYL-00CC,1.316406,103.878845
GYL-00CD,1.327295,103.870201
GYL-00CE,1.327186,103.883012
GYL-00CF,1.329856,103.899733
GYL-00D0,1.318406,103.892182
GYL-00D1,1.322674,103.88437
GYL-00D2,1.330522,103.891035
GYL-00D3,1.312735,103.889933
GYL-00D4,1.313492,103.889162
GYL-00D5,1.33382,103.898409
GYL-00D6,1.33575,103.898056
GYL-00D7,1.33005,103.899094
GYL-00D8,1.32989,103.899816
GYL-00D9,1.326603,103.889791
GYL-00DA,1.325239,103.88842
GYL-00DB,1.326194,103.88867
GYL-00DC,1.325187,103.888404
GYL-00DD,1.325816,103.890625
GYL-00DE,1.325517,103.890182
GYL-00DF,1.327243,103.882803
GYL-00E0,1.326387,103.883709
GYL-00E1,1.318281,103.893565
GYL-00E3,1.317926,103.893005
GYL-00E4,1.318028,103.891746
GYL-00E5,1.316596,103.891944
GYL-00E6,1.308064,103.888122
GYL-00E7,1.307833,103.888315
GYL-00E8,1.308855,103.889438
GYL-00E9,1.306614,103.882771
GYL-00EA,1.30604,103.883285
GYL-00EB,1.319914,103.902843
GYL-00EC,1.320132,103.904152
GYL-00ED,1.316606,103.882816
GYL-00EE,1.316136,103.882315
GYL-00EF,1.316199,103.882726
GYL-00F0,1.332424,103.89525
GYL-00F1,1.332292,103.885392
GYL-00F2,1.332082,103.886516
GYL-00F3,1.327672,103.884137
GYL-00F4,1.327718,103.88352
GYL-00F5,1.327772,103.882886
GYL-00F6,1.330676,103.887546
GYL-00F7,1.331279,103.887328
GYL-00F8,1.330515,103.887794
GYL-00F9,1.331054,103.886893
GYL-00FA,1.330537,103.887581
GYL-00FB,1.33043,103.886252
GYL-00FC,1.33049,103.886542
GYL-00FD,1.329984,103.887102
GYL-00FE,1.329327,103.88729
GYL-00FF,1.329688,103.886057
GYL-0100,1.328671,103.887365
GYL-0101,1.329249,103.886333
GYL-0102,1.328259,103.885867
GYL-0103,1.328294,103.88594
GYL-0104,1.328048,103.886815
GYL-0105,1.328007,103.886751
GYL-0106,1.327886,103.886743
GYL-0107,1.327878,103.886474
GYL-0108,1.327582,103.885704
GYL-0109,1.327236,103.885672
GYL-010A,1.327807,103.885732
GYL-010B,1.327067,103.885615
GYL-010C,1.327629,103.886491
GYL-010D,1.327696,103.88605
GYL-010E,1.327777,103.885922
GYL-010F,1.327688,103.885912
GYL-0110,1.327,103.886126
GYL-0111,1.327194,103.886321
GYL-0112,1.327294,103.886515
GYL-0113,1.32624,103.885534
GYL-0114,1.326688,103.885585
GYL-0115,1.326653,103.885912
GYL-0116,1.326601,103.886326
GYL-0117,1.326787,103.886155
GYL-0118,1.326461,103.885864
GYL-0119,1.326388,103.886312
GYL-011A,1.326319,103.886138
GYL-011B,1.326149,103.885831
GYL-011C,1.326093,103.886261
GYL-011D,1.326233,103.886003
GYL-011E,1.325816,103.885294
GYL-011F,1.325426,103.885295
GYL-0120,1.325218,103.885265
GYL-0121,1.324896,103.885219
GYL-0122,1.324449,103.885783
GYL-0123,1.324206,103.885752
GYL-0124,1.323996,103.886754
GYL-0125,1.324329,103.886775
GYL-0126,1.324359,103.886799
GYL-0127,1.323961,103.886734
GYL-0128,1.323939,103.88733
GYL-0129,1.323961,103.887282
GYL-012A,1.324158,103.888403
GYL-012B,1.324212,103.888462
GYL-012C,1.32414,103.888586
GYL-012D,1.324638,103.88703
GYL-012E,1.324938,103.886834
GYL-012F,1.325316,103.886397
GYL-0130,1.32517,103.8871
GYL-0131,1.325481,103.886937
GYL-0132,1.325772,103.886599
GYL-0133,1.326278,103.886891
GYL-0134,1.326214,103.887324
GYL-0135,1.326146,103.886932
GYL-0136,1.326755,103.886654
GYL-0137,1.326321,103.886594
GYL-0138,1.327011,103.886763
GYL-0139,1.327486,103.886878
GYL-013A,1.32751,103.887096
GYL-013B,1.327438,103.88696
GYL-013C,1.326742,103.887678
GYL-013D,1.326313,103.887609
GYL-013E,1.325924,103.887564
GYL-013F,1.325866,103.887517
GYL-0140,1.325885,103.887519
GYL-0141,1.3254,103.887515
GYL-0142,1.325248,103.888113
GYL-0143,1.325008,103.888007
GYL-0144,1.327789,103.887255
GYL-0145,1.322787,103.886055
GYL-0146,1.323089,103.885452
GYL-0147,1.323244,103.885898
GYL-0148,1.323674,103.885136
GYL-0149,1.323604,103.885735
GYL-014A,1.322835,103.887226
GYL-014B,1.32336,103.8873
GYL-014C,1.322758,103.888148
GYL-014D,1.322776,103.888379
GYL-014E,1.323166,103.888756
GYL-014F,1.323161,103.888714
GYL-0150,1.32315,103.888595
GYL-0151,1.323126,103.888212
GYL-0152,1.32313,103.888275
GYL-0153,1.323139,103.888327
GYL-0154,1.329984,103.888063
GYL-0155,1.329306,103.888035
GYL-0156,1.329356,103.888031
GYL-0157,1.326504,103.887824
GYL-0158,1.32644,103.887857
GYL-0159,1.326386,103.887805
GYL-015A,1.323019,103.887635
GYL-015B,1.32998,103.888995
GYL-015C,1.329181,103.888311
GYL-015D,1.329184,103.888251
GYL-015E,1.329284,103.889002
GYL-015F,1.329427,103.889336
GYL-0160,1.317437,103.876112
GYL-0161,1.317443,103.876202
GYL-0162,1.317479,103.876681
GYL-0163,1.317455,103.876382
GYL-0164,1.317476,103.876612
GYL-0165,1.31678,103.875627
GYL-0166,1.316858,103.87561
GYL-0167,1.316912,103.875598
GYL-0168,1.317069,103.875553
GYL-0169,1.317123,103.875538
GYL-016A,1.316473,103.875663
GYL-016B,1.317244,103.875454
GYL-016C,1.316952,103.875849
GYL-016D,1.316912,103.875894
GYL-016E,1.316879,103.875861
GYL-016F,1.316891,103.87616
GYL-0170,1.317117,103.876412
GYL-0171,1.31706,103.876439
GYL-0172,1.317018,103.876442
GYL-0173,1.31706,103.876474
GYL-0174,1.316521,103.877672
GYL-0175,1.316509,103.877624
GYL-0176,1.316216,103.876837
GYL-0177,1.316473,103.877726
GYL-0178,1.31653,103.87666
GYL-0179,1.317081,103.878471
GYL-017A,1.317274,103.878878
GYL-017B,1.316801,103.879357
GYL-017C,1.317283,103.879713
GYL-017D,1.316943,103.878854
GYL-017E,1.317,103.878839
GYL-017F,1.316905,103.88032
GYL-0180,1.316395,103.880459
GYL-0181,1.318054,103.879998
GYL-0182,1.318804,103.878318
GYL-0183,1.318846,103.87848
GYL-0184,1.318949,103.878878
GYL-0185,1.316578,103.879426
GYL-0186,1.316539,103.879321
GYL-0187,1.32165,103.88518
GYL-0188,1.321295,103.885412
GYL-0189,1.321332,103.885893
GYL-018A,1.320886,103.885972
GYL-018B,1.32084,103.885474
GYL-018C,1.321404,103.884517
GYL-018D,1.321378,103.88409
GYL-018E,1.320928,103.884351
GYL-018F,1.320907,103.884053
GYL-0190,1.320899,103.883945
GYL-0191,1.320986,103.884314
GYL-0192,1.320957,103.883908
GYL-0193,1.320932,103.884285
GYL-0194,1.320944,103.883568
GYL-0195,1.320481,103.88249
GYL-0196,1.320536,103.883564
GYL-0197,1.320502,103.883
GYL-0198,1.320536,103.883493
GYL-0199,1.31948,103.883095
GYL-019A,1.319443,103.88261
GYL-019B,1.319405,103.882424
GYL-019C,1.319034,103.882528
GYL-019D,1.319181,103.88331
GYL-019E,1.319019,103.884034
GYL-019F,1.319019,103.88408
GYL-01A0,1.318994,103.884238
GYL-01A1,1.319311,103.885411
GYL-01A2,1.318999,103.885139
GYL-01A3,1.319412,103.884726
GYL-01A4,1.319412,103.884657
GYL-01A5,1.319409,103.884689
GYL-01A6,1.3194,103.884598
GYL-01A7,1.319988,103.884612
GYL-01A8,1.319967,103.884203
GYL-01A9,1.320402,103.884504
GYL-01AA,1.320368,103.884051
GYL-01AB,1.320404,103.885191
GYL-01AC,1.320419,103.885362
GYL-01AD,1.320398,103.885115
GYL-01AE,1.320782,103.886469
GYL-01AF,1.320928,103.886772
GYL-01B0,1.318227,103.884876
GYL-01B1,1.318214,103.884632
GYL-01B2,1.318047,103.885378
GYL-01B3,1.317692,103.885174
GYL-01B4,1.317698,103.885261
GYL-01B5,1.317691,103.885016
GYL-01B6,1.318458,103.886353
GYL-01B7,1.318116,103.887108
GYL-01B8,1.318408,103.88693
GYL-01B9,1.323201,103.881835
GYL-01BA,1.317903,103.886457
GYL-01BB,1.317874,103.886121
GYL-01BC,1.31774,103.887182
GYL-01BD,1.323571,103.882201
GYL-01BE,1.317949,103.886892
GYL-01BF,1.318604,103.887265
GYL-01C0,1.318562,103.887448
GYL-01C1,1.318479,103.887875
GYL-01C3,1.316455,103.885939
GYL-01C4,1.316472,103.886034
GYL-01C5,1.316526,103.885464
GYL-01C6,1.31638,103.885476
GYL-01C7,1.322524,103.884244
GYL-01C8,1.322029,103.881857
GYL-01C9,1.32181,103.882555
GYL-01CA,1.322038,103.883165
GYL-01CB,1.321893,103.882035
GYL-01CC,1.321816,103.882166
GYL-01CD,1.321919,103.882849
GYL-01CE,1.322097,103.883304
GYL-01CF,1.322165,103.883567
GYL-01D0,1.322309,103.883933
GYL-01D1,1.322506,103.882222
GYL-01D2,1.322452,103.882068
GYL-01D3,1.322552,103.882368
GYL-01D4,1.322833,103.883289
GYL-01D5,1.323157,103.883665
GYL-01D6,1.308211,103.883552
GYL-01D7,1.308006,103.883088
GYL-01D8,1.30788,103.883276
GYL-01D9,1.307849,103.883177
GYL-01DA,1.309454,103.882343
GYL-01DB,1.30947,103.882483
GYL-01DC,1.306778,103.88461
GYL-01DD,1.307041,103.885179
GYL-01DE,1.30931,103.884764
GYL-01DF,1.309874,103.88516
GYL-01E0,1.309756,103.884952
GYL-01E1,1.307933,103.884934
GYL-01E2,1.307765,103.884944
GYL-01E3,1.310666,103.886533
GYL-01E4,1.310506,103.886518
GYL-01E5,1.31045,103.886485
GYL-01E6,1.310577,103.886532
GYL-01E7,1.308174,103.88485
GYL-01E8,1.308195,103.884616
GYL-01E9,1.308777,103.884621
GYL-01EA,1.308604,103.884584
GYL-01EB,1.308741,103.88448
GYL-01EC,1.308893,103.885007
GYL-01ED,1.308772,103.885064
GYL-01EE,1.30873,103.884975
GYL-01EF,1.308867,103.884855
GYL-01F0,1.308961,103.885257
GYL-01F1,1.308872,103.885471
GYL-01F2,1.308882,103.885356
GYL-01F3,1.308246,103.886131
GYL-01F4,1.310808,103.885272
GYL-01F5,1.310063,103.884618
GYL-01F6,1.310226,103.885249
GYL-01F7,1.310275,103.885353
GYL-01F8,1.310832,103.885426
GYL-01F9,1.310315,103.88485
GYL-01FA,1.307639,103.889594
GYL-01FB,1.30734,103.889433
GYL-01FC,1.307308,103.888651
GYL-01FD,1.307334,103.888823
GYL-01FE,1.30757,103.88913
GYL-01FF,1.308016,103.888797
GYL-0200,1.308838,103.887257
GYL-0201,1.308295,103.887405
GYL-0203,1.30909,103.888716
GYL-0204,1.309059,103.888451
GYL-0205,1.308492,103.88818
GYL-0206,1.308518,103.88832
GYL-0207,1.309024,103.882431
GYL-0208,1.30915,103.882181
GYL-0209,1.3082,103.882645
GYL-020A,1.308132,103.882494
GYL-020B,1.308059,103.882556
GYL-020C,1.308499,103.88239
GYL-020D,1.309074,103.883372
GYL-020E,1.308935,103.883526
GYL-020F,1.309444,103.883213
GYL-0210,1.310047,103.883101
GYL-0211,1.310234,103.883438
GYL-0212,1.310236,103.882976
GYL-0213,1.306999,103.883062
GYL-0214,1.306967,103.883271
GYL-0215,1.306983,103.883177
GYL-0216,1.32069,103.902469
GYL-0217,1.320902,103.902441
GYL-0218,1.321075,103.902391
GYL-0219,1.321096,103.902441
GYL-021A,1.3208,103.902451
GYL-021B,1.32073,103.902896
GYL-021C,1.320394,103.902938
GYL-021D,1.320588,103.90292
GYL-021E,1.320808,103.904302
GYL-021F,1.320716,103.904361
GYL-0220,1.32086,103.904708
GYL-0221,1.321819,103.903047
GYL-0222,1.321835,103.903141
GYL-0223,1.321785,103.902672
GYL-0224,1.322309,103.902831
GYL-0225,1.322285,103.902592
GYL-0226,1.321788,103.904434
GYL-0227,1.321822,103.904713
GYL-0228,1.321809,103.90459
GYL-0229,1.322168,103.903763
GYL-022A,1.322183,103.903825
GYL-022B,1.322188,103.903924
GYL-022C,1.322204,103.904052
GYL-022D,1.32267,103.903339
GYL-022E,1.322681,103.903432
GYL-022F,1.323184,103.903742
GYL-0230,1.323116,103.903232
GYL-0231,1.323173,103.903667
GYL-0232,1.323896,103.903576
GYL-0233,1.323833,103.903081
GYL-0234,1.323841,103.903177
GYL-0235,1.323011,103.904653
GYL-0236,1.322961,103.904226
GYL-0237,1.322956,103.904151
GYL-0238,1.322974,103.904315
GYL-0239,1.323029,103.904835
GYL-023A,1.323359,103.904255
GYL-023B,1.323412,103.9047
GYL-023C,1.323338,103.904109
GYL-023D,1.323372,103.904346
GYL-023E,1.323702,103.904091
GYL-023F,1.323697,103.904005
GYL-0240,1.32377,103.904692
GYL-0241,1.324258,103.902938
GYL-0242,1.324326,103.903607
GYL-0243,1.324294,103.903344
GYL-0244,1.324585,103.902943
GYL-0245,1.324611,103.902902
GYL-0246,1.324643,103.902933
GYL-0247,1.325091,103.903615
GYL-0248,1.325062,103.903651
GYL-0249,1.324782,103.902332
GYL-024A,1.324734,103.90191
GYL-024B,1.324347,103.902376
GYL-024C,1.324287,103.901954
GYL-024D,1.323815,103.902662
GYL-024E,1.323747,103.901998
GYL-024F,1.32337,103.902027
GYL-0250,1.323383,103.902134
GYL-0251,1.323435,103.902709
GYL-0252,1.320345,103.901816
GYL-0253,1.32025,103.901324
GYL-0254,1.320148,103.900773
GYL-0255,1.320177,103.900903
GYL-0256,1.32259,103.877137
GYL-0257,1.321235,103.901821
GYL-0258,1.330612,103.901794
GYL-0259,1.330703,103.901645
GYL-025A,1.331104,103.90179
GYL-025B,1.329852,103.900716
GYL-025C,1.330424,103.900816
GYL-025D,1.330566,103.901218
GYL-025E,1.32941,103.901421
GYL-025F,1.329535,103.901616
GYL-0260,1.329498,103.90235
GYL-0261,1.329306,103.902159
GYL-0262,1.329765,103.901703
GYL-0263,1.330082,103.903417
GYL-0264,1.330077,103.903471
GYL-0265,1.329873,103.903633
GYL-0266,1.329306,103.904126
GYL-0267,1.329239,103.903579
GYL-0268,1.328888,103.903214
GYL-0269,1.329222,103.90309
GYL-026A,1.329464,103.903326
GYL-026B,1.329093,103.902422
GYL-026C,1.329206,103.902538
GYL-026D,1.328334,103.903065
GYL-026E,1.328334,103.903114
GYL-026F,1.328504,103.90333
GYL-0270,1.328016,103.903322
GYL-0271,1.328058,103.903363
GYL-0272,1.32893,103.904503
GYL-0273,1.328822,103.904312
GYL-0274,1.328104,103.905067
GYL-0275,1.328146,103.905075
GYL-0276,1.328187,103.904603
GYL-0277,1.327962,103.904296
GYL-0278,1.328142,103.903993
GYL-0279,1.328267,103.904176
GYL-027A,1.327407,103.904114
GYL-027B,1.327357,103.904047
GYL-027C,1.327278,103.903944
GYL-027D,1.327048,103.904089
GYL-027E,1.326786,103.903832
GYL-027F,1.327315,103.905104
GYL-0280,1.327207,103.905084
GYL-0281,1.327265,103.905129
GYL-0282,1.327228,103.905121
GYL-0283,1.327053,103.904851
GYL-0284,1.326715,103.904346
GYL-0285,1.326806,103.903202
GYL-0286,1.326869,103.903284
GYL-0287,1.326627,103.902692
GYL-0288,1.326314,103.902812
GYL-0289,1.325905,103.902634
GYL-028A,1.325888,103.902568
GYL-028B,1.325742,103.901979
GYL-028C,1.326209,103.902294
GYL-028D,1.326414,103.901784
GYL-028E,1.326848,103.902049
GYL-028F,1.32674,103.901606
GYL-0290,1.326539,103.900632
GYL-0291,1.32638,103.899798
GYL-0292,1.32623,103.899056
GYL-0293,1.325963,103.899541
GYL-0294,1.325613,103.899475
GYL-0295,1.3256,103.899392
GYL-0296,1.326193,103.900744
GYL-0297,1.325767,103.900275
GYL-0298,1.325534,103.900967
GYL-0299,1.325392,103.900283
GYL-029A,1.318641,103.899574
GYL-029B,1.318762,103.899486
GYL-029C,1.318081,103.897898
GYL-029D,1.318196,103.89781
GYL-029E,1.318369,103.897674
GYL-029F,1.318421,103.89806
GYL-02A0,1.317934,103.897128
GYL-02A1,1.318249,103.896842
GYL-02A2,1.318254,103.897315
GYL-02A3,1.318301,103.896925
GYL-02A4,1.317963,103.901717
GYL-02A5,1.317942,103.901471
GYL-02A6,1.317944,103.901651
GYL-02A7,1.317594,103.901823
GYL-02A8,1.317525,103.901608
GYL-02A9,1.317585,103.901751
GYL-02AA,1.317525,103.901552
GYL-02AB,1.316741,103.898921
GYL-02AC,1.316474,103.897595
GYL-02AD,1.317416,103.898948
GYL-02AE,1.31745,103.898899
GYL-02AF,1.320151,103.904174
GYL-02B0,1.320117,103.903909
GYL-02B1,1.317062,103.89779
GYL-02B2,1.316999,103.897769
GYL-02B3,1.317283,103.897516
GYL-02B4,1.317329,103.897553
GYL-02B5,1.317346,103.897827
GYL-02B6,1.317375,103.89803
GYL-02B7,1.317483,103.897997
GYL-02B8,1.317521,103.898196
GYL-02B9,1.317521,103.898492
GYL-02BA,1.317579,103.89848
GYL-02BB,1.317558,103.89865
GYL-02BC,1.31998,103.902832
GYL-02BD,1.320054,103.903581
GYL-02BE,1.320014,103.903177
GYL-02BF,1.316132,103.898718
GYL-02C0,1.316002,103.898863
GYL-02C1,1.31604,103.899021
GYL-02C2,1.315627,103.898648
GYL-02C3,1.31144,103.898113
GYL-02C4,1.311177,103.897458
GYL-02C5,1.311465,103.898055
GYL-02C6,1.311427,103.897939
GYL-02C7,1.311415,103.897993
GYL-02C8,1.312374,103.897657
GYL-02C9,1.311548,103.897085
GYL-02CA,1.311578,103.897143
GYL-02CB,1.311845,103.897686
GYL-02CC,1.312241,103.897483
GYL-02CD,1.312362,103.896708
GYL-02CE,1.313134,103.897309
GYL-02CF,1.313105,103.897226
GYL-02D0,1.313184,103.897276
GYL-02D1,1.313722,103.89684
GYL-02D2,1.311953,103.896886
GYL-02D3,1.313718,103.896898
GYL-02D4,1.313998,103.89592
GYL-02D5,1.313409,103.896202
GYL-02D6,1.313914,103.895945
GYL-02D7,1.31459,103.896368
GYL-02D8,1.314285,103.895767
GYL-02D9,1.314707,103.895659
GYL-02DA,1.314924,103.896094
GYL-02DB,1.315174,103.896484
GYL-02DC,1.314515,103.896799
GYL-02DD,1.315241,103.895182
GYL-02DE,1.315195,103.89517
GYL-02DF,1.313676,103.895087
GYL-02E0,1.313326,103.895045
GYL-02E1,1.313735,103.895099
GYL-02E2,1.313434,103.895468
GYL-02E3,1.312547,103.879892
GYL-02E4,1.325563,103.895134
GYL-02E5,1.306824,103.887711
GYL-02E6,1.322263,103.876629
GYL-02E7,1.328195,103.89465
GYL-02E8,1.326793,103.875304
GYL-02EA,1.30868,103.88951
GYL-02EB,1.313444,103.875326
GYL-02EC,1.312743,103.877855
GYL-02ED,1.313814,103.878682
GYL-02EE,1.313478,103.882481
GYL-02EF,1.311805,103.876337
GYL-02F0,1.312059,103.876897
GYL-02F1,1.310844,103.880714
GYL-02F2,1.312174,103.883927
GYL-02F3,1.311257,103.883948
GYL-02F4,1.316276,103.892171
GYL-02F5,1.311332,103.878282
GYL-02F6,1.306221,103.883102
GYL-02F7,1.316661,103.890583
GYL-02F8,1.31389,103.880017
GYL-02F9,1.312671,103.880485
GYL-02FA,1.312235,103.88123
GYL-02FB,1.319664,103.903566
GYL-02FD,1.312168,103.886947
GYL-02FE,1.31304,103.888516
GYL-02FF,1.315055,103.887744
GYL-0300,1.315638,103.889677
GYL-0301,1.3135,103.886244
GYL-0302,1.314849,103.884784
GYL-0303,1.314697,103.883768
GYL-0304,1.315659,103.886158
GYL-0305,1.315519,103.888456
GYL-0306,1.310998,103.882294
GYL-0307,1.311395,103.879038
GYL-0309,1.318164,103.892162
GYL-030A,1.319937,103.902621
GYL-030B,1.31829,103.892184
GYL-030C,1.318456,103.891229
GYL-030D,1.31904,103.891097
GYL-030E,1.321357,103.896181
GYL-030F,1.323326,103.895607
GYL-0310,1.327511,103.893673
GYL-0311,1.330241,103.893887
GYL-0312,1.331171,103.894236
GYL-0313,1.329916,103.893065
GYL-0314,1.330518,103.892863
GYL-0315,1.331126,103.893122
GYL-0316,1.328763,103.896968
GYL-0317,1.328673,103.896753
GYL-0318,1.32876,103.895221
GYL-0319,1.328142,103.894175
GYL-031A,1.313326,103.879302
GYL-031B,1.313228,103.875663
GYL-031C,1.327378,103.889899
GYL-031D,1.326764,103.890039
GYL-031E,1.307181,103.883656
GYL-031F,1.317308,103.8856
GYL-0320,1.323472,103.884835
GYL-0321,1.323072,103.893535
GYL-0322,1.329201,103.897069
GYL-0323,1.331185,103.901389
GYL-0324,1.316211,103.88205
GYL-0325,1.312911,103.894286
GYL-0326,1.318412,103.88039
GYL-0327,1.330968,103.901538
GYL-0328,1.318325,103.893776
GYL-0329,1.326203,103.897542
GYL-032A,1.326131,103.897947
GYL-032B,1.325317,103.890305
GYL-032C,1.308498,103.887691
GYL-032D,1.308532,103.887894
GYL-032E,1.313474,103.89543
GYL-032F,1.309206,103.882331
GYL-0330,1.308526,103.882229
GYL-0331,1.323227,103.889468
GYL-0332,1.323215,103.889465
GYL-0333,1.323551,103.88984
GYL-0334,1.323453,103.889926
GYL-0335,1.323465,103.889806
GYL-0336,1.323485,103.889832
GYL-0337,1.323811,103.889526
GYL-0338,1.323902,103.889507
GYL-0339,1.323924,103.889448
GYL-033A,1.323781,103.889499
GYL-033B,1.323767,103.88945
GYL-033C,1.323807,103.889611
GYL-033D,1.323229,103.889474
GYL-0340,1.327776,103.894304
GYL-0341,1.326442,103.893149
GYL-0342,1.330679,103.890883
GYL-0343,1.326761,103.90013
GYL-0344,1.326696,103.900411
GYL-0345,1.32814,103.902968
GYL-0346,1.327425,103.892346
GYL-0347,1.331861,103.894377
GYL-0348,1.328781,103.896864
GYL-0349,1.326964,103.891854
GYL-034A,1.336294,103.894923
GYL-034B,1.328156,103.89019
GYL-034C,1.319397,103.889837
GYL-034D,1.319832,103.890441
GYL-034E,1.312158,103.889832
GYL-034F,1.311965,103.890215
GYL-0350,1.31074,103.882965
GYL-0351,1.318753,103.886612
GYL-0352,1.362411,103.902088
GYL-0353,1.332664,103.90129
GYL-0354,1.326842,103.880486
GYL-0355,1.320157,103.881596
GYL-0356,1.309659,103.896627
GYL-0357,1.322662,103.874089
GYL-0358,1.325362,103.881621
GYL-0359,1.319018,103.886457
GYL-035A,1.331445,103.88951
GYL-035B,1.343442,103.898918
GYL-035C,1.316902,103.899156
GYL-035D,1.313189,103.900858
GYL-035E,1.305028,103.883603
GYL-035F,1.313787,103.876542
GYL-0360,1.299245,103.885274
GYL-0362,1.312963,103.890002
GYL-0363,1.32567,103.887794
GYL-0364,1.307602,103.885088
GYL-0365,1.307806,103.88816
GYL-0366,1.31,103.87552
GYL-0367,1.318033,103.893798
GYL-0368,1.314937,103.882272
GYL-0369,1.328591,103.900169
GYL-036A,1.328382,103.900454
GYL-036B,1.326892,103.899469
GYL-036C,1.327076,103.900344
GYL-036D,1.327354,103.900006
GYL-036E,1.327367,103.900149
GYL-036F,1.329418,103.899712
GYL-0370,1.329439,103.899768
GYL-0371,1.329293,103.899335
GYL-0372,1.309744,103.888977
GYL-0373,1.309765,103.888928
GYL-0374,1.310138,103.888194
GYL-0375,1.310093,103.888263
GYL-0376,1.309685,103.885768
GYL-0377,1.309668,103.885706
GYL-0378,1.309711,103.888883
GYL-0379,1.309568,103.885239
GYL-037A,1.309666,103.885822
GYL-037B,1.309696,103.885809
GYL-037C,1.320456,103.90074
GYL-037D,1.320198,103.900781
GYL-037E,1.326851,103.90023
GYL-037F,1.321547,103.900159
GYL-0380,1.310422,103.887592
GYL-0381,1.310467,103.887723
GYL-0382,1.310549,103.887604
GYL-0383,1.310446,103.887527
GYL-0384,1.310598,103.888191
GYL-0385,1.310553,103.888061
GYL-0386,1.310615,103.888081
GYL-0387,1.310606,103.888134
GYL-0388,1.31002,103.887731
GYL-0389,1.310195,103.88821
GYL-038A,1.310032,103.887674
GYL-038B,1.310032,103.887674
GYL-038C,1.329062,103.900031
GYL-038D,1.329033,103.900096
GYL-038E,1.328968,103.899368
GYL-038F,1.328894,103.899368
GYL-0390,1.3283,103.89951
GYL-0391,1.328206,103.899526
GYL-0392,1.328566,103.899502
GYL-0393,1.328398,103.89951
GYL-0394,1.327842,103.899559
GYL-0395,1.32742,103.899217
GYL-0396,1.305967,103.883106
GYL-0397,1.326835,103.890016
GYL-0398,1.325915,103.891026
GYL-0399,1.313443,103.886244
GYL-039A,1.312115,103.88695
GYL-039B,1.316947,103.888147
GYL-039C,1.325185,103.890282
GYL-039D,1.316189,103.881553
GYL-039E,1.316192,103.881565
GYL-039F,1.309841,103.885946
GYL-03A0,1.308124,103.888234
GYL-03A1,1.308155,103.88832
GYL-03A2,1.327196,103.889943
GYL-03A3,1.316427,103.877462
HOG-0001,1.370177,103.892481
HOG-0002,1.371604,103.880932
HOG-0004,1.374796,103.884531
HOG-0005,1.377746,103.879534
HOG-0006,1.380899,103.879435
HOG-0007,1.381131,103.879915
HOG-0008,1.378535,103.89649
HOG-000A,1.377401,103.889581
HOG-000C,1.375133,103.887555
HOG-000D,1.385778,103.875371
HOG-000E,1.374882,103.878296
HOG-000F,1.3783,103.903572
HOG-0010,1.370324,103.895973
HOG-0011,1.368389,103.893999
HOG-0012,1.380215,103.890643
HOG-0013,1.344227,103.882721
HOG-0014,1.346617,103.880939
HOG-0017,1.366184,103.891237
HOG-0018,1.359939,103.873939
HOG-0019,1.36599,103.875189
HOG-001A,1.368715,103.876294
HOG-001B,1.369219,103.878272
HOG-001C,1.371403,103.886982
HOG-001D,1.371127,103.889207
HOG-001E,1.342361,103.883834
HOG-001F,1.350904,103.882618
HOG-0020,1.351073,103.881998
HOG-0021,1.354369,103.878311
HOG-0022,1.360482,103.885156
HOG-0024,1.364316,103.889311
HOG-0025,1.366517,103.892079
HOG-0028,1.359067,103.889118
HOG-0029,1.356213,103.889822
HOG-002A,1.354045,103.889653
HOG-002B,1.352653,103.88839
HOG-002C,1.351447,103.885218
HOG-002E,1.380343,103.881524
HOG-002F,1.379369,103.882318
HOG-0030,1.37953,103.885486
HOG-0031,1.381434,103.887932
HOG-0032,1.374475,103.892657
HOG-0033,1.378063,103.892703
HOG-0034,1.379447,103.886451
HOG-0035,1.378139,103.889279
HOG-0036,1.377924,103.889478
HOG-0037,1.370641,103.882506
HOG-0038,1.379852,103.888109
HOG-0039,1.374974,103.895071
HOG-003A,1.374761,103.895183
HOG-003B,1.373426,103.885028
HOG-003C,1.372774,103.886254
HOG-003D,1.377816,103.896881
HOG-003E,1.367996,103.895944
HOG-003F,1.370071,103.895222
HOG-0041,1.371418,103.884819
HOG-0043,1.378572,103.899625
HOG-0044,1.378626,103.899808
HOG-0045,1.334428,103.889122
HOG-0046,1.383482,103.877605
HOG-0047,1.355572,103.890205
HOG-0048,1.362196,103.895576
HOG-004A,1.377111,103.890291
HOG-004B,1.376441,103.889869
HOG-004C,1.377699,103.889736
HOG-004D,1.37783,103.89066
HOG-004E,1.377502,103.890285
HOG-004F,1.377798,103.890867
HOG-0050,1.377461,103.890844
HOG-0051,1.376976,103.891848
HOG-0052,1.378476,103.891824
HOG-0053,1.379014,103.891805
HOG-0054,1.379225,103.891889
HOG-0055,1.379533,103.891494
HOG-0056,1.378359,103.89143
HOG-0057,1.37845,103.89093
HOG-0058,1.379876,103.890471
HOG-0059,1.380665,103.889495
HOG-005A,1.379877,103.889519
HOG-005B,1.380174,103.889395
HOG-005C,1.380928,103.889235
HOG-005D,1.379824,103.888739
HOG-005E,1.380298,103.88853
HOG-005F,1.380804,103.888091
HOG-0060,1.38144,103.888679
HOG-0061,1.37861,103.889174
HOG-0062,1.377666,103.888795
HOG-0063,1.378462,103.887481
HOG-0064,1.377336,103.886852
HOG-0065,1.377794,103.886819
HOG-0066,1.378287,103.886269
HOG-0067,1.378502,103.884986
HOG-0068,1.379009,103.885406
HOG-0069,1.379099,103.886204
HOG-006A,1.378868,103.886959
HOG-006B,1.375778,103.884939
HOG-006C,1.37623,103.884911
HOG-006D,1.376151,103.88535
HOG-006E,1.376508,103.885821
HOG-006F,1.376948,103.885738
HOG-0070,1.376852,103.886547
HOG-0071,1.376481,103.886745
HOG-0072,1.3767,103.887723
HOG-0073,1.376331,103.887681
HOG-0074,1.375962,103.887107
HOG-0075,1.375468,103.88785
HOG-0076,1.375038,103.887977
HOG-0077,1.375375,103.888494
HOG-0078,1.375555,103.888713
HOG-0079,1.375833,103.888994
HOG-007A,1.376625,103.889085
HOG-007B,1.376566,103.888396
HOG-007C,1.376174,103.88829
HOG-007D,1.374075,103.884479
HOG-007E,1.373729,103.88392
HOG-007F,1.373401,103.884189
HOG-0080,1.37301,103.884162
HOG-0081,1.372317,103.884288
HOG-0082,1.371887,103.884502
HOG-0083,1.371582,103.884284
HOG-0084,1.371126,103.884289
HOG-0085,1.370778,103.884407
HOG-0086,1.370906,103.88441
HOG-0088,1.371607,103.884934
HOG-0089,1.371841,103.885274
HOG-008B,1.375648,103.883659
HOG-008C,1.376432,103.88389
HOG-008D,1.376245,103.882577
HOG-008E,1.376295,103.882052
HOG-008F,1.376727,103.882402
HOG-0092,1.375514,103.880495
HOG-0093,1.373751,103.879275
HOG-0094,1.37648,103.877365
HOG-0095,1.376936,103.87909
HOG-0096,1.374887,103.895811
HOG-0097,1.375235,103.896771
HOG-0098,1.375259,103.895878
HOG-0099,1.374643,103.893742
HOG-009A,1.375844,103.891522
HOG-009C,1.369529,103.893952
HOG-009D,1.370319,103.893636
HOG-009E,1.370264,103.891183
HOG-009F,1.369465,103.89132
HOG-00A0,1.370672,103.889888
HOG-00A1,1.366331,103.887691
HOG-00A2,1.366655,103.889292
HOG-00A3,1.365621,103.88806
HOG-00A4,1.364246,103.893498
HOG-00A5,1.370353,103.897055
HOG-00A6,1.369161,103.895921
HOG-00A7,1.372819,103.899754
HOG-00A8,1.372043,103.899121
HOG-00A9,1.370437,103.898757
HOG-00AA,1.368361,103.897458
HOG-00AB,1.368135,103.898866
HOG-00AC,1.365303,103.896189
HOG-00AD,1.364793,103.894474
HOG-00AE,1.36717,103.895302
HOG-00AF,1.36821,103.894145
HOG-00B0,1.368268,103.895104
HOG-00B1,1.365377,103.89186
HOG-00B2,1.363805,103.891568
HOG-00B3,1.362682,103.89098
HOG-00B4,1.363237,103.889726
HOG-00B6,1.36066,103.892429
HOG-00B7,1.358049,103.891865
HOG-00B8,1.356367,103.891907
HOG-00B9,1.356052,103.890886
HOG-00BA,1.351182,103.889778
HOG-00BB,1.34922,103.889335
HOG-00BC,1.351338,103.888129
HOG-00BD,1.350635,103.887509
HOG-00BE,1.349022,103.886624
HOG-00BF,1.351571,103.884342
HOG-00C0,1.351973,103.887425
HOG-00C1,1.352987,103.88265
HOG-00C2,1.352455,103.880046
HOG-00C3,1.351511,103.879375
HOG-00C4,1.353006,103.885924
HOG-00C5,1.35403,103.887899
HOG-00C6,1.355381,103.889637
HOG-00C7,1.352693,103.88791
HOG-00C8,1.356562,103.88889
HOG-00C9,1.35892,103.888328
HOG-00CA,1.35968,103.886703
HOG-00CB,1.356996,103.884628
HOG-00CC,1.381143,103.880308
HOG-00CD,1.38117,103.880245
HOG-00CE,1.381174,103.879999
HOG-00CF,1.38054,103.879352
HOG-00D0,1.380495,103.879833
HOG-00D1,1.380525,103.879807
HOG-00D2,1.38043,103.879857
HOG-00D3,1.380551,103.880267
HOG-00D4,1.380487,103.880314
HOG-00D5,1.38045,103.880321
HOG-00D6,1.380511,103.880774
HOG-00D7,1.380471,103.880776
HOG-00D8,1.380444,103.880961
HOG-00D9,1.380154,103.881143
HOG-00DA,1.38015,103.881076
HOG-00DC,1.3796,103.880707
HOG-00DD,1.379586,103.880099
HOG-00DE,1.379602,103.87942
HOG-00DF,1.379683,103.878729
HOG-00E0,1.380016,103.878344
HOG-00E1,1.379965,103.87835
HOG-00E2,1.380047,103.878285
HOG-00E3,1.379517,103.87733
HOG-00E4,1.379477,103.877282
HOG-00E5,1.375019,103.897787
HOG-00E6,1.359242,103.895629
HOG-00E7,1.341443,103.898272
HOG-00E8,1.350977,103.892534
HOG-00E9,1.336648,103.894808
HOG-00EA,1.340823,103.891845
HOG-00EC,1.371786,103.891917
HOG-00ED,1.372226,103.891976
HOG-00EE,1.360043,103.884496
HOG-00EF,1.360363,103.884892
HOG-00F0,1.36004,103.885304
HOG-00F1,1.37153,103.893153
HOG-00F2,1.371707,103.893055
HOG-00F3,1.372192,103.891976
HOG-00F4,1.37033,103.892555
HOG-00F6,1.387114,103.878286
HOG-00F7,1.362573,103.878222
HOG-00F8,1.364131,103.881342
HOG-00F9,1.36421,103.893185
HOG-00FA,1.363814,103.89283
HOG-00FB,1.36365,103.89319
HOG-00FC,1.363538,103.893199
HOG-00FD,1.362822,103.893224
HOG-00FE,1.362685,103.893227
HOG-00FF,1.362682,103.891457
HOG-0100,1.362619,103.892388
HOG-0101,1.36291,103.891084
HOG-0102,1.362839,103.891155
HOG-0103,1.362861,103.891083
HOG-0104,1.363365,103.891144
HOG-0105,1.363406,103.890678
HOG-0106,1.363178,103.891664
HOG-0107,1.363257,103.892144
HOG-0108,1.363841,103.89211
HOG-0109,1.363846,103.892094
HOG-010A,1.363903,103.890428
HOG-010B,1.363898,103.890928
HOG-010C,1.364178,103.891658
HOG-010D,1.364227,103.891246
HOG-010E,1.364221,103.890652
HOG-010F,1.364253,103.89028
HOG-0110,1.364816,103.890722
HOG-0111,1.364832,103.890642
HOG-0112,1.364818,103.890545
HOG-0113,1.365808,103.892365
HOG-0114,1.365537,103.891449
HOG-0115,1.365934,103.891876
HOG-0116,1.354224,103.890024
HOG-0117,1.354167,103.890012
HOG-0118,1.353384,103.890798
HOG-0119,1.355334,103.889204
HOG-011A,1.354754,103.88964
HOG-011B,1.354386,103.888236
HOG-011C,1.35354,103.888769
HOG-011D,1.352972,103.888998
HOG-011E,1.352884,103.88818
HOG-011F,1.353033,103.887458
HOG-0120,1.353479,103.888182
HOG-0121,1.354007,103.886746
HOG-0122,1.353353,103.885891
HOG-0123,1.352919,103.88693
HOG-0124,1.352373,103.886141
HOG-0125,1.352426,103.886349
HOG-0126,1.352473,103.886575
HOG-0127,1.352241,103.885625
HOG-0128,1.351806,103.886502
HOG-0129,1.351642,103.887849
HOG-012A,1.35121,103.8865
HOG-012B,1.350932,103.886372
HOG-012C,1.351218,103.887464
HOG-012D,1.351187,103.887187
HOG-012E,1.350674,103.887426
HOG-012F,1.350172,103.886705
HOG-0130,1.350281,103.887094
HOG-0131,1.349332,103.886477
HOG-0132,1.348996,103.88664
HOG-0133,1.349383,103.886819
HOG-0134,1.351636,103.884425
HOG-0135,1.352224,103.884338
HOG-0136,1.352542,103.883813
HOG-0137,1.353109,103.883856
HOG-0138,1.352999,103.882694
HOG-0139,1.35226,103.882939
HOG-013A,1.351986,103.883296
HOG-013B,1.351417,103.882966
HOG-013C,1.35225,103.880462
HOG-013D,1.352601,103.880174
HOG-013E,1.35276,103.87935
HOG-013F,1.351698,103.880261
HOG-0140,1.351599,103.879217
HOG-0141,1.352116,103.8791
HOG-0142,1.352374,103.878479
HOG-0143,1.350592,103.888073
HOG-0144,1.350339,103.887677
HOG-0145,1.351271,103.888076
HOG-0146,1.35159,103.888354
HOG-0147,1.352092,103.888496
HOG-0148,1.352076,103.889585
HOG-0149,1.351416,103.889778
HOG-014A,1.3514,103.889328
HOG-014B,1.350474,103.889412
HOG-014C,1.35017,103.889002
HOG-014D,1.358952,103.885827
HOG-014E,1.359325,103.886327
HOG-014F,1.357092,103.884383
HOG-0150,1.356848,103.884154
HOG-0151,1.35685,103.883439
HOG-0152,1.356278,103.883709
HOG-0153,1.356492,103.884146
HOG-0154,1.358589,103.88847
HOG-0155,1.358505,103.888309
HOG-0156,1.358615,103.888533
HOG-0157,1.357601,103.888167
HOG-0158,1.357959,103.889039
HOG-0159,1.356571,103.888882
HOG-015A,1.35736,103.888812
HOG-015B,1.355949,103.890754
HOG-015C,1.356323,103.890676
HOG-015D,1.356752,103.89188
HOG-015E,1.357297,103.891889
HOG-015F,1.357446,103.892141
HOG-0160,1.357297,103.891742
HOG-0161,1.358359,103.892199
HOG-0162,1.358323,103.891539
HOG-0163,1.359572,103.892614
HOG-0164,1.35933,103.89239
HOG-0165,1.359689,103.892067
HOG-0166,1.359593,103.892269
HOG-0167,1.35954,103.891765
HOG-0168,1.360031,103.891768
HOG-0169,1.360474,103.892672
HOG-016A,1.360115,103.892539
HOG-016B,1.36033,103.891993
HOG-016C,1.367742,103.893787
HOG-016D,1.36815,103.894109
HOG-016E,1.368388,103.894955
HOG-016F,1.368386,103.894355
HOG-0170,1.367766,103.895493
HOG-0171,1.367232,103.89544
HOG-0172,1.36722,103.895099
HOG-0173,1.367311,103.895891
HOG-0174,1.366615,103.894837
HOG-0175,1.366787,103.896297
HOG-0176,1.366768,103.895676
HOG-0177,1.366353,103.895834
HOG-0178,1.366363,103.896237
HOG-0179,1.366405,103.896617
HOG-017A,1.365276,103.894865
HOG-017B,1.365267,103.894661
HOG-017C,1.364735,103.894721
HOG-017D,1.36473,103.894622
HOG-017E,1.364746,103.894216
HOG-017F,1.364956,103.894925
HOG-0180,1.364945,103.896381
HOG-0181,1.365019,103.896821
HOG-0182,1.36528,103.896524
HOG-0183,1.365542,103.897029
HOG-0184,1.365285,103.896232
HOG-0185,1.366524,103.898358
HOG-0186,1.36641,103.898214
HOG-0187,1.366342,103.898048
HOG-0188,1.366414,103.897686
HOG-0189,1.366564,103.897547
HOG-018A,1.367093,103.898448
HOG-018B,1.366767,103.897895
HOG-018C,1.367455,103.897267
HOG-018D,1.367776,103.899058
HOG-018E,1.367641,103.898886
HOG-018F,1.367534,103.898502
HOG-0190,1.367592,103.898256
HOG-0191,1.368056,103.898495
HOG-0192,1.36858,103.89575
HOG-0193,1.368206,103.895952
HOG-0194,1.368649,103.896853
HOG-0195,1.368444,103.898057
HOG-0196,1.368831,103.897846
HOG-0197,1.368835,103.898018
HOG-0198,1.36932,103.898238
HOG-0199,1.370076,103.898673
HOG-019A,1.369668,103.898451
HOG-019B,1.370494,103.898335
HOG-019C,1.3704,103.898729
HOG-019D,1.371741,103.899165
HOG-019E,1.372068,103.899297
HOG-019F,1.372422,103.899677
HOG-01A0,1.372802,103.899751
HOG-01A1,1.37304,103.899234
HOG-01A2,1.369421,103.895579
HOG-01A3,1.369981,103.896471
HOG-01A4,1.363843,103.890021
HOG-01A5,1.363595,103.890027
HOG-01A6,1.363546,103.889977
HOG-01A7,1.363021,103.890342
HOG-01A8,1.362467,103.89054
HOG-01A9,1.363009,103.889862
HOG-01AA,1.363289,103.889594
HOG-01AB,1.375047,103.897177
HOG-01AC,1.374833,103.89686
HOG-01AD,1.374455,103.896959
HOG-01AE,1.374432,103.896546
HOG-01AF,1.374074,103.896696
HOG-01B0,1.374068,103.896592
HOG-01B1,1.373649,103.89637
HOG-01B2,1.372972,103.895768
HOG-01B3,1.373258,103.895998
HOG-01B4,1.37333,103.895519
HOG-01B5,1.373708,103.895449
HOG-01B6,1.374112,103.895563
HOG-01B7,1.374087,103.895345
HOG-01B8,1.374506,103.89568
HOG-01B9,1.375503,103.895997
HOG-01BA,1.375688,103.89642
HOG-01BB,1.376416,103.895116
HOG-01BC,1.376429,103.894946
HOG-01BD,1.376147,103.895524
HOG-01BE,1.376268,103.895456
HOG-01BF,1.376108,103.894558
HOG-01C0,1.375764,103.894922
HOG-01C1,1.375771,103.894557
HOG-01C2,1.375373,103.894835
HOG-01C3,1.375395,103.894507
HOG-01C4,1.374737,103.893822
HOG-01C5,1.374003,103.893742
HOG-01C6,1.374305,103.893756
HOG-01C7,1.373739,103.893482
HOG-01C8,1.373383,103.89357
HOG-01C9,1.373922,103.893072
HOG-01CA,1.374805,103.893441
HOG-01CB,1.375294,103.893187
HOG-01CC,1.376411,103.893072
HOG-01CD,1.375964,103.893082
HOG-01CE,1.376128,103.893545
HOG-01CF,1.376455,103.893556
HOG-01D0,1.37646,103.893699
HOG-01D1,1.3775,103.893744
HOG-01D2,1.378304,103.893438
HOG-01D3,1.3775,103.893466
HOG-01D4,1.3775,103.893547
HOG-01D5,1.377293,103.894043
HOG-01D6,1.377178,103.894053
HOG-01D7,1.377598,103.893166
HOG-01D8,1.377239,103.893404
HOG-01D9,1.377407,103.89318
HOG-01DA,1.378639,103.893724
HOG-01DB,1.37856,103.893613
HOG-01DC,1.378562,103.893402
HOG-01DD,1.37856,103.893448
HOG-01DE,1.379118,103.893388
HOG-01DF,1.379081,103.893339
HOG-01E0,1.379173,103.893484
HOG-01E1,1.379217,103.893365
HOG-01E2,1.379481,103.893648
HOG-01E3,1.379479,103.893486
HOG-01E4,1.379491,103.893845
HOG-01E5,1.379479,103.893396
HOG-01E6,1.379477,103.894015
HOG-01E7,1.379104,103.894426
HOG-01E8,1.379106,103.894027
HOG-01E9,1.379104,103.894624
HOG-01EA,1.377492,103.895436
HOG-01EB,1.378824,103.894015
HOG-01EC,1.378818,103.894541
HOG-01ED,1.379315,103.894843
HOG-01EE,1.379506,103.894791
HOG-01EF,1.37911,103.895053
HOG-01F0,1.379102,103.895358
HOG-01F1,1.3791,103.895295
HOG-01F2,1.379114,103.894847
HOG-01F3,1.378789,103.895257
HOG-01F4,1.379116,103.89564
HOG-01F5,1.379236,103.895596
HOG-01F6,1.37928,103.895442
HOG-01F7,1.378844,103.896156
HOG-01F8,1.378846,103.896088
HOG-01F9,1.378887,103.895658
HOG-01FA,1.378813,103.896342
HOG-01FB,1.379053,103.89616
HOG-01FC,1.378582,103.895684
HOG-01FD,1.378521,103.895733
HOG-01FE,1.37721,103.895466
HOG-01FF,1.377164,103.896154
HOG-0200,1.377036,103.896081
HOG-0201,1.37723,103.89619
HOG-0202,1.377933,103.896283
HOG-0203,1.373349,103.8946
HOG-0204,1.37315,103.894622
HOG-0205,1.372829,103.894629
HOG-0206,1.37207,103.89471
HOG-0207,1.372288,103.894591
HOG-0208,1.372699,103.895068
HOG-0209,1.372487,103.895128
HOG-020A,1.372388,103.896187
HOG-020B,1.372546,103.896083
HOG-020C,1.371797,103.896919
HOG-020D,1.372511,103.89703
HOG-020E,1.373371,103.896836
HOG-020F,1.373157,103.896699
HOG-0210,1.373939,103.897389
HOG-0211,1.372197,103.886385
HOG-0212,1.372609,103.886745
HOG-0213,1.373807,103.887892
HOG-0214,1.373633,103.88764
HOG-0215,1.373371,103.88816
HOG-0216,1.372724,103.887463
HOG-0217,1.372446,103.887892
HOG-0218,1.371953,103.88764
HOG-0219,1.372077,103.888844
HOG-021A,1.371845,103.888444
HOG-021B,1.371384,103.888485
HOG-021C,1.371451,103.888469
HOG-021D,1.371231,103.888881
HOG-021E,1.371924,103.889548
HOG-021F,1.371832,103.889454
HOG-0220,1.372235,103.889771
HOG-0221,1.372417,103.889202
HOG-0222,1.372708,103.889112
HOG-0223,1.373205,103.890702
HOG-0224,1.37333,103.890818
HOG-0225,1.373836,103.891469
HOG-0226,1.3734,103.891996
HOG-0227,1.373695,103.890785
HOG-0228,1.373682,103.890665
HOG-0229,1.37406,103.89055
HOG-022A,1.374392,103.890447
HOG-022B,1.3744,103.891012
HOG-022C,1.374777,103.890435
HOG-022D,1.374777,103.890995
HOG-022E,1.374769,103.891098
HOG-022F,1.375088,103.890529
HOG-0230,1.37547,103.890554
HOG-0231,1.375466,103.890863
HOG-0232,1.375466,103.889961
HOG-0233,1.376146,103.891411
HOG-0234,1.376109,103.891251
HOG-0235,1.375794,103.891984
HOG-0236,1.377137,103.890651
HOG-0237,1.377135,103.890603
HOG-0238,1.376582,103.889841
HOG-0239,1.377076,103.889564
HOG-023A,1.377552,103.889605
HOG-023B,1.377743,103.890614
HOG-023C,1.377835,103.890176
HOG-023D,1.377474,103.89061
HOG-023E,1.377465,103.890245
HOG-023F,1.377828,103.890891
HOG-0240,1.377454,103.891625
HOG-0241,1.377015,103.891967
HOG-0242,1.378328,103.892014
HOG-0243,1.378328,103.891707
HOG-0244,1.378954,103.891785
HOG-0245,1.379559,103.891254
HOG-0246,1.378141,103.891306
HOG-0247,1.378494,103.891366
HOG-0248,1.378167,103.890912
HOG-0249,1.378454,103.890906
HOG-024A,1.378463,103.89059
HOG-024B,1.378622,103.890984
HOG-024C,1.378789,103.890543
HOG-024D,1.379133,103.890098
HOG-024E,1.378915,103.889778
HOG-024F,1.379465,103.889934
HOG-0250,1.379811,103.890156
HOG-0251,1.379868,103.890493
HOG-0252,1.37992,103.890424
HOG-0253,1.380687,103.889517
HOG-0254,1.380781,103.888966
HOG-0255,1.380742,103.889016
HOG-0256,1.380242,103.888627
HOG-0257,1.380657,103.887929
HOG-0258,1.381411,103.888676
HOG-0259,1.381142,103.888361
HOG-025A,1.378824,103.889053
HOG-025B,1.378646,103.889015
HOG-025C,1.377973,103.888889
HOG-025D,1.377862,103.888925
HOG-025E,1.377429,103.888268
HOG-025F,1.377486,103.888086
HOG-0260,1.37795,103.888266
HOG-0261,1.378108,103.8883
HOG-0262,1.378587,103.887985
HOG-0263,1.378607,103.887966
HOG-0264,1.378326,103.887401
HOG-0265,1.378244,103.887562
HOG-0266,1.377575,103.887521
HOG-0267,1.377479,103.887691
HOG-0268,1.377335,103.886843
HOG-0269,1.377893,103.886974
HOG-026A,1.378078,103.886912
HOG-026B,1.378376,103.886462
HOG-026C,1.378204,103.886434
HOG-026D,1.378637,103.884833
HOG-026E,1.378561,103.884917
HOG-026F,1.378927,103.88548
HOG-0270,1.379044,103.885392
HOG-0271,1.379016,103.886308
HOG-0272,1.379129,103.886194
HOG-0273,1.378733,103.886981
HOG-0274,1.378916,103.887009
HOG-0275,1.379604,103.887016
HOG-0276,1.379309,103.887445
HOG-0277,1.370554,103.886965
HOG-0278,1.371283,103.886695
HOG-0279,1.371245,103.885719
HOG-027A,1.371406,103.886365
HOG-027B,1.371552,103.88594
HOG-027C,1.371058,103.886129
HOG-027D,1.37065,103.886084
HOG-027E,1.37024,103.886305
HOG-027F,1.3703,103.886
HOG-0280,1.3703,103.885032
HOG-0281,1.370322,103.885224
HOG-0282,1.369964,103.8848
HOG-0283,1.369948,103.884901
HOG-0284,1.369383,103.884854
HOG-0285,1.368927,103.884941
HOG-0286,1.369367,103.884549
HOG-0287,1.368649,103.884772
HOG-0288,1.368613,103.884921
HOG-0289,1.369214,103.883242
HOG-028A,1.36954,103.883557
HOG-028B,1.369903,103.883512
HOG-028C,1.369818,103.883891
HOG-028D,1.369865,103.883637
HOG-028E,1.370482,103.882527
HOG-028F,1.37056,103.882128
HOG-0290,1.370244,103.881972
HOG-0291,1.37015,103.882351
HOG-0292,1.370569,103.879402
HOG-0293,1.369836,103.882157
HOG-0294,1.369822,103.882264
HOG-0295,1.369286,103.881655
HOG-0296,1.369248,103.88174
HOG-0297,1.369385,103.882228
HOG-0298,1.369497,103.880699
HOG-0299,1.3698,103.880378
HOG-029A,1.369842,103.880993
HOG-029B,1.369878,103.880721
HOG-029C,1.370206,103.880766
HOG-029D,1.370394,103.881299
HOG-029E,1.370619,103.880646
HOG-029F,1.369744,103.879611
HOG-02A0,1.369798,103.879444
HOG-02A1,1.369892,103.878989
HOG-02A2,1.370009,103.879683
HOG-02A3,1.369997,103.878552
HOG-02A4,1.369966,103.878675
HOG-02A5,1.370154,103.879438
HOG-02A6,1.370199,103.879221
HOG-02A7,1.370226,103.879056
HOG-02A8,1.370282,103.878816
HOG-02A9,1.370267,103.878891
HOG-02AA,1.370626,103.879166
HOG-02AB,1.370686,103.878887
HOG-02AC,1.370673,103.878949
HOG-02AD,1.37054,103.879544
HOG-02AE,1.37056,103.879469
HOG-02AF,1.371011,103.879139
HOG-02B0,1.371341,103.880146
HOG-02B1,1.371191,103.880113
HOG-02B2,1.371366,103.880015
HOG-02B3,1.371729,103.87981
HOG-02B4,1.371747,103.879712
HOG-02B5,1.371642,103.880565
HOG-02B6,1.371604,103.88071
HOG-02B7,1.371727,103.881693
HOG-02B8,1.37183,103.881225
HOG-02B9,1.371803,103.881337
HOG-02BA,1.372057,103.880149
HOG-02BB,1.372155,103.879636
HOG-02BC,1.372196,103.879486
HOG-02BD,1.372279,103.880579
HOG-02BE,1.372034,103.88168
HOG-02BF,1.372117,103.88137
HOG-02C0,1.372454,103.881372
HOG-02C1,1.372434,103.881462
HOG-02C2,1.37275,103.88129
HOG-02C3,1.372775,103.881167
HOG-02C4,1.373004,103.881863
HOG-02C5,1.372983,103.881985
HOG-02C6,1.3738,103.881816
HOG-02C7,1.373356,103.882485
HOG-02C8,1.373273,103.882895
HOG-02C9,1.373593,103.883133
HOG-02CA,1.373645,103.882944
HOG-02CB,1.374118,103.882342
HOG-02CC,1.374087,103.882502
HOG-02CD,1.374455,103.882683
HOG-02CE,1.374148,103.883911
HOG-02CF,1.374096,103.884232
HOG-02D0,1.373742,103.884029
HOG-02D1,1.373676,103.884321
HOG-02D2,1.373791,103.883811
HOG-02D3,1.373333,103.88427
HOG-02D4,1.373427,103.883891
HOG-02D5,1.373116,103.883608
HOG-02D6,1.373024,103.883967
HOG-02D7,1.372505,103.884856
HOG-02D8,1.372633,103.884549
HOG-02D9,1.372636,103.884486
HOG-02DA,1.372205,103.884522
HOG-02DB,1.372133,103.884749
HOG-02DC,1.372268,103.884254
HOG-02DD,1.372245,103.884339
HOG-02DE,1.371947,103.884136
HOG-02DF,1.371924,103.884214
HOG-02E0,1.37181,103.884616
HOG-02E1,1.371518,103.884332
HOG-02E2,1.371599,103.883967
HOG-02E3,1.371581,103.884043
HOG-02E4,1.371144,103.884303
HOG-02E5,1.371272,103.8839
HOG-02E6,1.370955,103.884609
HOG-02E7,1.372167,103.885336
HOG-02E8,1.371839,103.885246
HOG-02E9,1.371696,103.885137
HOG-02EA,1.372265,103.885206
HOG-02EB,1.372326,103.885092
HOG-02EC,1.373499,103.885407
HOG-02ED,1.37546,103.886011
HOG-02EE,1.375928,103.884764
HOG-02EF,1.375778,103.885099
HOG-02F0,1.376241,103.884937
HOG-02F1,1.3762,103.8854
HOG-02F2,1.376478,103.885942
HOG-02F3,1.3769,103.885933
HOG-02F4,1.376537,103.886512
HOG-02F5,1.376873,103.886553
HOG-02F6,1.376741,103.887257
HOG-02F7,1.376297,103.887616
HOG-02F8,1.375947,103.887516
HOG-02F9,1.375511,103.88764
HOG-02FA,1.37557,103.887099
HOG-02FB,1.376428,103.889203
HOG-02FC,1.375844,103.88912
HOG-02FD,1.365934,103.890138
HOG-02FE,1.365882,103.890147
HOG-02FF,1.365882,103.889586
HOG-0300,1.365938,103.889596
HOG-0301,1.365376,103.889056
HOG-0302,1.365323,103.889134
HOG-0303,1.365234,103.889218
HOG-0304,1.36574,103.887972
HOG-0305,1.365579,103.888417
HOG-0306,1.365917,103.888566
HOG-0307,1.366347,103.888674
HOG-0308,1.366344,103.888619
HOG-0309,1.366647,103.889252
HOG-030A,1.366993,103.888322
HOG-030B,1.366724,103.887727
HOG-030C,1.366722,103.887782
HOG-030D,1.366321,103.88787
HOG-030E,1.366284,103.8879
HOG-030F,1.365812,103.887544
HOG-0310,1.371509,103.893224
HOG-0311,1.3717,103.893567
HOG-0312,1.372031,103.893763
HOG-0313,1.371947,103.893145
HOG-0314,1.372356,103.893338
HOG-0315,1.37224,103.892966
HOG-0316,1.370987,103.890271
HOG-0317,1.371417,103.890077
HOG-0318,1.370607,103.889826
HOG-0319,1.370733,103.889397
HOG-031A,1.369858,103.889888
HOG-031B,1.370322,103.889938
HOG-031C,1.370317,103.890134
HOG-031D,1.369235,103.89162
HOG-031E,1.369259,103.891646
HOG-031F,1.369968,103.890933
HOG-0320,1.370283,103.891207
HOG-0321,1.378474,103.882861
HOG-0322,1.378493,103.883124
HOG-0323,1.378868,103.883074
HOG-0324,1.378844,103.882434
HOG-0325,1.378842,103.882568
HOG-0326,1.378861,103.882827
HOG-0327,1.378895,103.883689
HOG-0328,1.378927,103.884149
HOG-0329,1.378513,103.883835
HOG-032A,1.378522,103.884036
HOG-032B,1.378001,103.884241
HOG-032C,1.378046,103.884054
HOG-032D,1.377552,103.884093
HOG-032E,1.377486,103.883562
HOG-032F,1.377648,103.883551
HOG-0330,1.374927,103.884326
HOG-0331,1.375015,103.883463
HOG-0332,1.375614,103.883532
HOG-0333,1.376002,103.884165
HOG-0334,1.376843,103.88413
HOG-0335,1.376396,103.884148
HOG-0336,1.376367,103.88347
HOG-0337,1.376127,103.882948
HOG-0338,1.376332,103.882034
HOG-0339,1.376686,103.882389
HOG-033A,1.375931,103.881038
HOG-033B,1.376583,103.881011
HOG-033C,1.376661,103.8816
HOG-033D,1.376237,103.881522
HOG-033E,1.375515,103.881225
HOG-033F,1.37556,103.880641
HOG-0340,1.374747,103.879989
HOG-0341,1.374742,103.879412
HOG-0342,1.374307,103.879604
HOG-0343,1.373955,103.879746
HOG-0344,1.373517,103.879367
HOG-0345,1.373537,103.879276
HOG-0346,1.373584,103.879111
HOG-0347,1.373386,103.880539
HOG-0348,1.373296,103.880492
HOG-0349,1.373295,103.880311
HOG-034A,1.37387,103.880733
HOG-034B,1.37387,103.880583
HOG-034C,1.374281,103.880606
HOG-034D,1.374281,103.880539
HOG-034E,1.374312,103.880944
HOG-034F,1.374301,103.880759
HOG-0350,1.37473,103.881185
HOG-0351,1.375424,103.877414
HOG-0352,1.376477,103.877432
HOG-0353,1.376244,103.877381
HOG-0354,1.376607,103.877804
HOG-0355,1.375802,103.878283
HOG-0356,1.375739,103.87829
HOG-0357,1.376098,103.878262
HOG-0358,1.376352,103.878435
HOG-0359,1.376748,103.879302
HOG-035A,1.376568,103.878745
HOG-035B,1.376533,103.879676
HOG-035C,1.377084,103.879235
HOG-035D,1.377044,103.879143
HOG-035E,1.377278,103.878591
HOG-035F,1.377107,103.878416
HOG-0360,1.377695,103.878685
HOG-0361,1.377519,103.878853
HOG-0362,1.377664,103.87823
HOG-0363,1.377148,103.878039
HOG-0364,1.37719,103.877558
HOG-0365,1.377095,103.877565
HOG-0366,1.378421,103.877363
HOG-0367,1.378104,103.877428
HOG-0368,1.378359,103.878283
HOG-0369,1.378428,103.878855
HOG-036A,1.378127,103.878743
HOG-036B,1.378708,103.87843
HOG-036C,1.378655,103.878347
HOG-036D,1.378725,103.879419
HOG-036E,1.378773,103.87944
HOG-036F,1.378706,103.87921
HOG-0370,1.378623,103.880184
HOG-0371,1.378701,103.880141
HOG-0372,1.378815,103.880141
HOG-0373,1.378752,103.88021
HOG-0374,1.378238,103.87964
HOG-0375,1.37843,103.879766
HOG-0376,1.378424,103.879138
HOG-0377,1.377597,103.879789
HOG-0378,1.377607,103.879945
HOG-0379,1.377845,103.879331
HOG-037A,1.377408,103.879449
HOG-037B,1.377044,103.879589
HOG-037D,1.377248,103.880129
HOG-037E,1.34947,103.888318
HOG-037F,1.370668,103.896838
HOG-0380,1.370802,103.896782
HOG-0381,1.379049,103.901622
HOG-0382,1.378127,103.901853
HOG-0383,1.376848,103.900213
HOG-0384,1.376348,103.900299
HOG-0385,1.376289,103.900345
HOG-0386,1.376366,103.900284
HOG-0387,1.376183,103.900466
HOG-0388,1.377013,103.904203
HOG-0389,1.378396,103.90388
HOG-038A,1.374888,103.88729
HOG-038B,1.375157,103.887324
HOG-038C,1.376986,103.888846
HOG-038D,1.375221,103.881709
HOG-038E,1.37571,103.882161
HOG-038F,1.379581,103.879038
HOG-0390,1.379536,103.879044
HOG-0391,1.379511,103.880381
HOG-0392,1.379582,103.880657
HOG-0393,1.380548,103.880788
HOG-0394,1.380587,103.880774
HOG-0395,1.38059,103.880741
HOG-0396,1.380592,103.880735
HOG-0397,1.382079,103.881286
HOG-0398,1.382047,103.8813
HOG-0399,1.381922,103.881223
HOG-039A,1.381236,103.88
HOG-039B,1.381227,103.880003
HOG-039C,1.381249,103.879994
HOG-039D,1.381986,103.880175
HOG-039E,1.379861,103.878101
HOG-039F,1.379856,103.878493
HOG-03A0,1.379886,103.87849
HOG-03A1,1.379847,103.878075
HOG-03A2,1.379494,103.877245
HOG-03A3,1.379624,103.877348
HOG-03A4,1.379584,103.8774
HOG-03A5,1.385062,103.880835
HOG-03A6,1.385063,103.880846
HOG-03A7,1.38508,103.880945
HOG-03A8,1.349518,103.889179
HOG-03A9,1.370288,103.896977
HOG-03AA,1.369358,103.897596
HOG-03AB,1.369365,103.897716
HOG-03AC,1.369262,103.897675
HOG-03AD,1.378969,103.900859
HOG-03AE,1.377833,103.900912
HOG-03AF,1.375933,103.901254
HOG-03B0,1.37578,103.900056
HOG-03B1,1.37607,103.900067
HOG-03B2,1.375983,103.900044
HOG-03B3,1.375798,103.900048
HOG-03B4,1.376017,103.900057
HOG-03B5,1.377354,103.904062
HOG-03B6,1.37889,103.903945
HOG-03B7,1.37875,103.903996
HOG-03B8,1.374755,103.887464
HOG-03B9,1.374816,103.887746
HOG-03BA,1.376699,103.888273
HOG-03BB,1.375127,103.882128
HOG-03BC,1.386087,103.881217
HOG-03BD,1.38605,103.88143
HOG-03BE,1.386111,103.881247
HOG-03BF,1.379556,103.879144
HOG-03C0,1.379543,103.879155
HOG-03C3,1.380541,103.879947
HOG-03C4,1.38051,103.879958
HOG-03C5,1.382061,103.880561
HOG-03C6,1.382072,103.880555
HOG-03C7,1.38131,103.87973
HOG-03C8,1.382357,103.879913
HOG-03C9,1.379896,103.877214
HOG-03CA,1.379906,103.877248
HOG-03CB,1.349237,103.889349
HOG-03CC,1.369169,103.897209
HOG-03CD,1.369168,103.897177
HOG-03CE,1.369138,103.897063
HOG-03CF,1.369138,103.896982
HOG-03D0,1.378721,103.901067
HOG-03D1,1.378687,103.900891
HOG-03D2,1.376408,103.901599
HOG-03D3,1.375427,103.900061
HOG-03D4,1.37559,103.90006
HOG-03D5,1.375532,103.90006
HOG-03D6,1.375422,103.900054
HOG-03D7,1.378023,103.904129
HOG-03D8,1.379165,103.904034
HOG-03D9,1.379241,103.903952
HOG-03DA,1.37527,103.888342
HOG-03DB,1.376403,103.888458
HOG-03DC,1.379584,103.879718
HOG-03DD,1.379542,103.879852
HOG-03DE,1.380128,103.881193
HOG-03DF,1.38017,103.881195
HOG-03E0,1.380464,103.879522
HOG-03E1,1.382458,103.881456
HOG-03E2,1.382496,103.881448
HOG-03E3,1.38277,103.880258
HOG-03E4,1.380068,103.878661
HOG-03E5,1.380084,103.878723
HOG-03E6,1.379492,103.877664
HOG-03E7,1.3795,103.877632
HOG-03E8,1.38041,103.877402
HOG-03E9,1.380389,103.877414
HOG-03EA,1.376808,103.901707
HOG-03EB,1.376766,103.90162
HOG-03EC,1.375356,103.90069
HOG-03ED,1.375368,103.900711
HOG-03EE,1.375261,103.900596
HOG-03EF,1.375376,103.900709
HOG-03F0,1.375346,103.900687
HOG-03F1,1.375237,103.900584
HOG-03F2,1.375622,103.88879
HOG-03F3,1.385706,103.882007
HOG-03F4,1.385681,103.881948
HOG-03F5,1.38566,103.881954
HOG-03F6,1.380533,103.88089
HOG-03F7,1.382976,103.880363
HOG-03F8,1.380152,103.879436
HOG-03F9,1.380377,103.879129
HOG-03FA,1.380553,103.879397
HOG-03FB,1.380509,103.879411
HOG-03FC,1.380501,103.879094
HOG-03FD,1.382426,103.881022
HOG-03FE,1.382466,103.881022
HOG-03FF,1.372042,103.893904
HOG-0400,1.349069,103.888205
HOG-0401,1.352002,103.887709
HOG-0402,1.376844,103.886802
HOG-0403,1.359436,103.88064
HOG-0404,1.357103,103.897403
HOG-0405,1.360974,103.879814
HOG-0408,1.362118,103.896123
HOG-0409,1.363146,103.902624
HOG-040A,1.363241,103.903694
HOG-040B,1.363714,103.901678
HOG-040C,1.364029,103.903641
HOG-040D,1.35242,103.892314
HOG-040E,1.358989,103.893586
HOG-040F,1.360523,103.885767
HOG-0410,1.375379,103.882789
HOG-0411,1.357656,103.886161
HOG-0412,1.372585,103.884569
HOG-0413,1.372621,103.884442
HOG-0414,1.37234,103.885113
HOG-0415,1.37479,103.883979
HOG-0416,1.375082,103.883845
HOG-0417,1.37494,103.883564
HOG-0418,1.375005,103.883359
HOG-0419,1.375084,103.883256
HOG-041A,1.375948,103.884302
HOG-041B,1.37678,103.883812
HOG-041C,1.376414,103.883642
HOG-041E,1.376466,103.880617
HOG-0420,1.367642,103.892803
HOG-0421,1.338714,103.89481
HOG-0422,1.364318,103.889851
HOG-0423,1.375221,103.878926
HOG-0424,1.375387,103.878635
HOG-0425,1.37596,103.878736
HOG-0426,1.376637,103.878347
HOG-0427,1.377135,103.877878
HOG-0428,1.373623,103.885321
HOG-0429,1.370946,103.885332
HOG-042A,1.371482,103.885364
HOG-042B,1.369076,103.881702
HOG-042C,1.368606,103.882017
HOG-042D,1.368325,103.885286
HOG-042E,1.366765,103.889437
HOG-042F,1.37097,103.882288
HOG-0430,1.37699,103.893353
HOG-0431,1.372765,103.886607
HOG-0432,1.375027,103.888379
HOG-0433,1.375278,103.889138
HOG-0434,1.376418,103.890737
HOG-0435,1.376284,103.891164
HOG-0436,1.377167,103.886915
HOG-0437,1.377827,103.892934
HOG-0438,1.375448,103.884573
HOG-0439,1.375822,103.88471
HOG-043A,1.378466,103.884462
HOG-043B,1.368164,103.88423
HOG-043C,1.371251,103.888407
HOG-043D,1.372885,103.891931
HOG-043E,1.369357,103.888104
HOG-044E,1.37999,103.881368
HOG-044F,1.381796,103.881427
HOG-0450,1.359002,103.887679
HOG-0451,1.361463,103.894539
HOG-0452,1.36171,103.893875
HOG-0453,1.379095,103.882925
HOG-0454,1.370138,103.889411
HOG-0455,1.371533,103.889825
HOG-0456,1.353596,103.891353
HOG-0457,1.367073,103.896441
HOG-0458,1.36391,103.892298
HOG-0459,1.366887,103.899173
HOG-045A,1.369526,103.900267
HOG-045B,1.372344,103.900726
HOG-045C,1.372528,103.900248
HOG-045D,1.370483,103.900384
HOG-045E,1.364579,103.89699
HOG-045F,1.365002,103.897079
HOG-0460,1.378905,103.879201
HOG-0461,1.372436,103.897833
HOG-0462,1.375028,103.897326
HOG-0463,1.372634,103.898532
HOG-0464,1.362991,103.903348
HOG-0465,1.361858,103.897526
HOG-0466,1.337927,103.887338
HOG-0467,1.339412,103.88653
HOG-0468,1.347599,103.890377
HOG-0469,1.379846,103.888491
HOG-046A,1.374477,103.883333
HOG-046B,1.369363,103.887754
HOG-046C,1.379189,103.8782
HOG-046D,1.376697,103.89358
HOG-046E,1.35191,103.880177
HOG-046F,1.37984,103.876869
HOG-0470,1.374503,103.902885
HOG-0472,1.363176,103.873824
HOG-0473,1.356387,103.889945
HOG-0474,1.356609,103.892166
HOG-0475,1.360097,103.892988
HOG-0476,1.374988,103.897802
HOG-0477,1.384205,103.880617
HOG-0478,1.384202,103.88043
HOG-0479,1.384203,103.880481
HOG-047A,1.38421,103.880446
HOG-047B,1.384348,103.880765
HOG-047C,1.385039,103.880271
HOG-047D,1.384795,103.88015
HOG-047E,1.383664,103.880086
HOG-047F,1.383848,103.879857
HOG-0480,1.383914,103.879822
HOG-0481,1.38398,103.879817
HOG-0482,1.383829,103.881388
HOG-0483,1.383848,103.881389
HOG-0484,1.383885,103.881549
HOG-0485,1.383522,103.882058
HOG-0486,1.383522,103.882072
HOG-0487,1.384029,103.882585
HOG-0488,1.384094,103.882641
HOG-0489,1.38444,103.882369
HOG-048A,1.384403,103.882379
HOG-048B,1.368361,103.897867
HOG-048F,1.385759,103.883557
HOG-0490,1.385534,103.88311
HOG-0491,1.385553,103.883936
HOG-0496,1.385411,103.883213
HOG-0498,1.385049,103.882743
HOG-0499,1.384949,103.88291
HOG-049A,1.384777,103.883297
HOG-049C,1.386545,103.881683
HOG-049D,1.386095,103.881967
HOG-049E,1.386101,103.882041
HOG-049F,1.385051,103.882661
HOG-04A0,1.386365,103.882698
HOG-04A1,1.38659,103.882545
HOG-04A2,1.386682,103.882514
HOG-04A3,1.386557,103.881606
HOG-04A4,1.386021,103.88312
HOG-04A5,1.386228,103.883161
HOG-04A6,1.386471,103.882698
HOG-04A7,1.386362,103.882646
HOG-04A8,1.385879,103.882553
HOG-04A9,1.362511,103.894382
HOG-04AA,1.362515,103.894483
HOG-04AB,1.362904,103.894741
HOG-04AC,1.362912,103.894807
HOG-04AD,1.36312,103.894421
HOG-04AE,1.36301,103.894436
HOG-04AF,1.363104,103.894308
HOG-04B0,1.363097,103.894362
HOG-04B1,1.357518,103.884992
HOG-04B2,1.335035,103.892499
HOG-04B3,1.353702,103.891026
HOG-04B5,1.378079,103.88466
HOG-04B6,1.369247,103.895942
HOG-04B7,1.369506,103.895641
HOG-04B8,1.369555,103.896052
HOG-04B9,1.384192,103.881096
HOG-04BA,1.383546,103.882577
HOG-04BB,1.378602,103.903323
HOG-04BC,1.382407,103.87971
HOG-04BD,1.36751,103.887274
HOG-04BE,1.353377,103.877867
HOG-04BF,1.385207,103.882529
HOG-04C0,1.38573,103.883205
HOG-04C1,1.346208,103.887986
HOG-04C2,1.346292,103.887698
HOG-04C3,1.347984,103.888559
HOG-04C4,1.3482,103.888142
HOG-04C5,1.348821,103.888209
HOG-04C6,1.348153,103.889237
HOG-04C7,1.346799,103.889369
HOG-04C8,1.346628,103.888069
HOG-04C9,1.347435,103.889788
HOG-04CA,1.347196,103.888874
HOG-04CB,1.346773,103.889554
HOG-04CC,1.347063,103.888087
HOG-04CD,1.347046,103.888241
HTJ-0001,1.300559,103.838852
IBH-9543,1.326332,103.845585
JRE-0001,1.342864,103.732111
JRE-0002,1.344531,103.734684
JRE-0003,1.347024,103.734223
JRE-0004,1.348164,103.733502
JRE-0005,1.347659,103.73252
JRE-0006,1.346922,103.732057
JRE-0007,1.346537,103.732277
JRE-0008,1.350184,103.729739
JRE-0009,1.350904,103.730277
JRE-000A,1.351622,103.73032
JRE-000B,1.350659,103.731206
JRE-000C,1.349504,103.731609
JRE-000D,1.350483,103.730736
JRE-000E,1.349288,103.731176
JRE-0010,1.339838,103.731663
JRE-0012,1.334977,103.728431
JRE-0013,1.317915,103.749292
JRE-0015,1.321064,103.74317
JRE-0016,1.338413,103.746733
JRE-0017,1.341462,103.745554
JRE-0018,1.341021,103.746504
JRE-0019,1.342151,103.745525
JRE-001A,1.341302,103.746661
JRE-001B,1.33914,103.746961
JRE-001C,1.33972,103.744006
JRE-001D,1.33852,103.743938
JRE-001E,1.337871,103.743919
JRE-001F,1.337889,103.742571
JRE-0020,1.337736,103.742143
JRE-0021,1.336462,103.743012
JRE-0023,1.338728,103.735653
JRE-0024,1.339213,103.735748
JRE-0025,1.33886,103.735166
JRE-0026,1.339836,103.735568
JRE-0027,1.340074,103.737425
JRE-0028,1.338456,103.739053
JRE-0029,1.340539,103.737482
JRE-002A,1.34115,103.737415
JRE-002B,1.340736,103.736804
JRE-002C,1.340738,103.736401
JRE-002D,1.341133,103.736366
JRE-002E,1.341775,103.736404
JRE-002F,1.339855,103.740884
JRE-0030,1.340394,103.740717
JRE-0031,1.339818,103.742011
JRE-0033,1.344213,103.738056
JRE-0034,1.344122,103.739495
JRE-0035,1.343719,103.739716
JRE-0036,1.344489,103.740497
JRE-0037,1.344369,103.741665
JRE-0038,1.343943,103.741739
JRE-0039,1.346457,103.730785
JRE-003A,1.347967,103.730429
JRE-003B,1.348706,103.730769
JRE-003C,1.348801,103.72997
JRE-003D,1.347684,103.729594
JRE-003E,1.348406,103.730084
JRE-003F,1.348796,103.728779
JRE-0040,1.349085,103.729306
JRE-0041,1.344502,103.731092
JRE-0042,1.330156,103.748171
JRE-0043,1.330744,103.748114
JRE-0044,1.333398,103.725108
JRE-0045,1.336579,103.748576
JRE-0047,1.338037,103.748462
JRE-0049,1.324582,103.750956
JRE-004A,1.336343,103.725194
JRE-004C,1.332835,103.742491
JRE-004E,1.342444,103.732184
JRE-004F,1.342688,103.73222
JRE-0050,1.342763,103.732141
JRE-0051,1.321653,103.745444
JRE-0053,1.344047,103.730893
JRE-0054,1.302503,103.752506
JRE-0055,1.313516,103.722472
JRE-0056,1.31421,103.714638
JRE-0058,1.329581,103.74285
JRE-0059,1.31288,103.734567
JRE-005A,1.307753,103.728873
JRE-005C,1.308511,103.721572
JRE-005D,1.320325,103.727236
JRE-005E,1.316686,103.73543
JRE-005F,1.30813,103.733747
JRE-0060,1.312986,103.730676
JRE-0061,1.303448,103.730071
JRE-0062,1.306116,103.731346
JRE-0063,1.310157,103.71114
JRE-0064,1.334464,103.738793
JRE-0065,1.341695,103.733586
JRE-0066,1.31594,103.731474
JRE-0067,1.303395,103.737823
JRE-0068,1.301782,103.748532
JRE-0069,1.299433,103.746859
JRE-006A,1.298982,103.750887
JRE-006B,1.32522,103.74595
JRE-006C,1.323885,103.738857
JRE-006D,1.323877,103.738793
JRE-006E,1.323731,103.738678
JRE-006F,1.323704,103.738824
JRE-0070,1.323623,103.739246
JRE-0071,1.323599,103.739243
JRE-0072,1.323644,103.739043
JRE-0073,1.323577,103.739331
JRE-0074,1.323628,103.739191
JRE-0075,1.323558,103.739491
JRE-0076,1.32361,103.739374
JRE-0077,1.322888,103.739942
JRE-0078,1.32277,103.739618
JRE-0079,1.32294,103.739662
JRE-007A,1.322922,103.739773
JRE-007B,1.322741,103.739764
JRE-007C,1.322857,103.739977
JRE-007D,1.322931,103.739124
JRE-007E,1.322945,103.739052
JRE-007F,1.323052,103.739075
JRE-0080,1.323045,103.739126
JRE-0081,1.32285,103.73932
JRE-0082,1.323013,103.739374
JRE-0083,1.323006,103.738166
JRE-0084,1.323029,103.738078
JRE-0085,1.323082,103.737896
JRE-0086,1.323116,103.737697
JRE-0087,1.32314,103.737568
JRE-0088,1.323167,103.737438
JRE-0089,1.323023,103.737974
JRE-008A,1.323592,103.737487
JRE-008B,1.323584,103.737528
JRE-008C,1.323555,103.737626
JRE-008D,1.323545,103.737672
JRE-008E,1.323516,103.737806
JRE-008F,1.3235,103.737857
JRE-0090,1.323442,103.738174
JRE-0091,1.323456,103.738136
JRE-0092,1.323476,103.738009
JRE-0093,1.32077,103.739331
JRE-0094,1.320859,103.738939
JRE-0095,1.32088,103.738834
JRE-0096,1.320798,103.739168
JRE-0097,1.320303,103.738895
JRE-0098,1.320207,103.739295
JRE-0099,1.320383,103.738626
JRE-009A,1.320322,103.739031
JRE-009B,1.320359,103.738735
JRE-009C,1.320267,103.739164
JRE-009D,1.320334,103.738841
JRE-009E,1.320155,103.742018
JRE-009F,1.320229,103.741734
JRE-00A0,1.320261,103.741609
JRE-00A1,1.320011,103.741635
JRE-00A2,1.319947,103.741859
JRE-00A3,1.319924,103.741986
JRE-00A4,1.319699,103.742392
JRE-00A5,1.319662,103.74256
JRE-00A6,1.319624,103.742749
JRE-00A7,1.319783,103.742409
JRE-00A8,1.319898,103.742435
JRE-00A9,1.319862,103.742807
JRE-00AA,1.319895,103.742664
JRE-00AB,1.319914,103.742577
JRE-00AC,1.320456,103.743042
JRE-00AD,1.320495,103.742312
JRE-00AE,1.321308,103.742481
JRE-00AF,1.321155,103.74313
JRE-00B0,1.321378,103.742502
JRE-00B1,1.321428,103.742308
JRE-00B2,1.321637,103.740797
JRE-00B3,1.321563,103.741121
JRE-00B4,1.321095,103.741741
JRE-00B5,1.321073,103.741826
JRE-00B6,1.321031,103.741956
JRE-00B7,1.321155,103.741417
JRE-00B8,1.320719,103.741748
JRE-00B9,1.320724,103.741697
JRE-00BA,1.320825,103.741276
JRE-00BB,1.320717,103.741648
JRE-00BC,1.320751,103.741553
JRE-00BD,1.320704,103.741812
JRE-00BE,1.320797,103.741383
JRE-00BF,1.320774,103.74148
JRE-00C0,1.320082,103.740057
JRE-00C1,1.320132,103.739768
JRE-00C2,1.320607,103.73812
JRE-00C3,1.320474,103.738012
JRE-00C4,1.320554,103.737972
JRE-00C5,1.320456,103.738102
JRE-00C6,1.32077,103.736744
JRE-00C7,1.320898,103.73677
JRE-00C8,1.320726,103.737281
JRE-00C9,1.321102,103.737228
JRE-00CA,1.320937,103.737822
JRE-00CB,1.32105,103.737309
JRE-00CC,1.320958,103.737752
JRE-00CD,1.321336,103.73775
JRE-00CE,1.321408,103.737422
JRE-00CF,1.321309,103.737856
JRE-00D0,1.321004,103.737523
JRE-00D1,1.321029,103.737436
JRE-00D2,1.32213,103.737662
JRE-00D3,1.322306,103.737699
JRE-00D4,1.3226,103.737725
JRE-00D5,1.322735,103.737678
JRE-00D6,1.322072,103.739153
JRE-00D7,1.32151,103.73893
JRE-00D8,1.321958,103.738976
JRE-00D9,1.322059,103.739217
JRE-00DA,1.321802,103.740073
JRE-00DB,1.321469,103.739086
JRE-00DC,1.321201,103.739564
JRE-00DD,1.321212,103.739405
JRE-00DE,1.321139,103.739546
JRE-00DF,1.337149,103.738957
JRE-00E0,1.336743,103.738408
JRE-00E1,1.336761,103.738604
JRE-00E2,1.336102,103.737833
JRE-00E3,1.336094,103.738076
JRE-00E4,1.336158,103.738696
JRE-00E5,1.33661,103.73799
JRE-00E6,1.337239,103.737992
JRE-00E7,1.337268,103.738347
JRE-00E8,1.337362,103.738506
JRE-00E9,1.337279,103.738078
JRE-00EA,1.337277,103.738191
JRE-00EB,1.337726,103.737985
JRE-00EC,1.339011,103.736305
JRE-00ED,1.338974,103.736278
JRE-00EE,1.338809,103.7357
JRE-00EF,1.338866,103.735646
JRE-00F0,1.339202,103.735933
JRE-00F1,1.339211,103.735827
JRE-00F2,1.339411,103.736153
JRE-00F3,1.339472,103.736203
JRE-00F4,1.338796,103.734607
JRE-00F5,1.338857,103.734473
JRE-00F6,1.338807,103.734919
JRE-00F7,1.33883,103.735172
JRE-00F8,1.338827,103.73527
JRE-00F9,1.339733,103.735446
JRE-00FA,1.339897,103.735555
JRE-00FB,1.33976,103.735175
JRE-00FC,1.339641,103.734627
JRE-00FD,1.333771,103.740295
JRE-00FE,1.336445,103.742944
JRE-00FF,1.336369,103.743214
JRE-0100,1.336344,103.74321
JRE-0101,1.337126,103.742598
JRE-0102,1.33761,103.741561
JRE-0103,1.337146,103.741649
JRE-0104,1.337576,103.742707
JRE-0105,1.337676,103.742153
JRE-0106,1.337903,103.742457
JRE-0107,1.338096,103.742188
JRE-0108,1.338309,103.742807
JRE-0109,1.337831,103.740274
JRE-010A,1.33781,103.740174
JRE-010B,1.33802,103.740562
JRE-010C,1.337823,103.740217
JRE-010D,1.337942,103.740472
JRE-010E,1.338098,103.740647
JRE-010F,1.339123,103.738355
JRE-0110,1.339171,103.738367
JRE-0111,1.339123,103.738396
JRE-0112,1.338703,103.738807
JRE-0113,1.338474,103.739091
JRE-0114,1.33855,103.740445
JRE-0115,1.338585,103.74044
JRE-0116,1.338684,103.740198
JRE-0117,1.339024,103.740321
JRE-0118,1.339021,103.740457
JRE-0119,1.338964,103.739705
JRE-011A,1.338964,103.739841
JRE-011B,1.339289,103.739186
JRE-011C,1.339289,103.739227
JRE-011D,1.3394,103.738838
JRE-011E,1.33981,103.737593
JRE-011F,1.339301,103.738111
JRE-0120,1.339709,103.737501
JRE-0121,1.340011,103.737782
JRE-0122,1.339963,103.738193
JRE-0123,1.340329,103.738045
JRE-0124,1.340358,103.737766
JRE-0125,1.340714,103.738168
JRE-0126,1.341004,103.737507
JRE-0127,1.34172,103.736568
JRE-0128,1.341723,103.736695
JRE-0129,1.341363,103.735907
JRE-012A,1.341363,103.735939
JRE-012B,1.341774,103.736157
JRE-012C,1.341908,103.736002
JRE-012D,1.342528,103.736758
JRE-012E,1.342471,103.736186
JRE-012F,1.341939,103.737792
JRE-0130,1.341825,103.738013
JRE-0131,1.341844,103.737981
JRE-0132,1.341475,103.737514
JRE-0133,1.341456,103.737542
JRE-0134,1.341083,103.738187
JRE-0135,1.341306,103.737713
JRE-0136,1.341278,103.737766
JRE-0137,1.341239,103.737826
JRE-0138,1.341029,103.73831
JRE-0139,1.341242,103.737902
JRE-013A,1.340975,103.738345
JRE-013B,1.339941,103.740626
JRE-013C,1.340386,103.740867
JRE-013D,1.339935,103.741584
JRE-013E,1.340393,103.742163
JRE-013F,1.340447,103.742071
JRE-0140,1.340641,103.7405
JRE-0141,1.340644,103.740611
JRE-0142,1.34088,103.740832
JRE-0143,1.340889,103.740876
JRE-0144,1.341083,103.741448
JRE-0145,1.341074,103.741746
JRE-0146,1.341516,103.742672
JRE-0147,1.342029,103.743212
JRE-0148,1.342425,103.742441
JRE-0149,1.342607,103.742319
JRE-014A,1.341717,103.742095
JRE-014B,1.341687,103.741923
JRE-014C,1.341791,103.73973
JRE-014D,1.341785,103.739873
JRE-014E,1.341793,103.739983
JRE-014F,1.341783,103.740255
JRE-0150,1.3418,103.739402
JRE-0151,1.341804,103.739345
JRE-0152,1.34245,103.740181
JRE-0153,1.342406,103.740183
JRE-0154,1.342056,103.740398
JRE-0155,1.342718,103.740202
JRE-0156,1.342573,103.739749
JRE-0157,1.342673,103.740204
JRE-0158,1.342605,103.739703
JRE-0159,1.343197,103.739966
JRE-015A,1.342647,103.738008
JRE-015B,1.344076,103.739496
JRE-015C,1.344179,103.739398
JRE-015D,1.344289,103.739337
JRE-015E,1.344396,103.739289
JRE-015F,1.344571,103.73907
JRE-0160,1.344472,103.739276
JRE-0161,1.343732,103.739535
JRE-0162,1.343729,103.738981
JRE-0163,1.343726,103.73933
JRE-0164,1.343725,103.739174
JRE-0165,1.343819,103.740604
JRE-0166,1.343787,103.740583
JRE-0167,1.34375,103.740339
JRE-0168,1.343713,103.73971
JRE-0169,1.343714,103.740116
JRE-016A,1.343781,103.739998
JRE-016B,1.343769,103.739795
JRE-016C,1.344424,103.739986
JRE-016D,1.344432,103.740053
JRE-016E,1.344432,103.740131
JRE-016F,1.344429,103.740191
JRE-0170,1.344444,103.740308
JRE-0171,1.34445,103.740363
JRE-0172,1.344448,103.740445
JRE-0173,1.344369,103.740534
JRE-0174,1.344255,103.74058
JRE-0175,1.344152,103.740646
JRE-0176,1.344467,103.741417
JRE-0177,1.34433,103.741606
JRE-0178,1.344329,103.741988
JRE-0179,1.344436,103.741176
JRE-017A,1.344396,103.741895
JRE-017B,1.344407,103.741366
JRE-017C,1.344325,103.741754
JRE-017D,1.343964,103.741695
JRE-017E,1.343927,103.741676
JRE-017F,1.343892,103.741632
JRE-0180,1.343855,103.741594
JRE-0181,1.343818,103.741535
JRE-0182,1.343699,103.74134
JRE-0183,1.344044,103.741793
JRE-0184,1.340735,103.744724
JRE-0185,1.340775,103.744406
JRE-0186,1.340769,103.744782
JRE-0187,1.341248,103.744286
JRE-0188,1.341091,103.744158
JRE-0189,1.340788,103.744185
JRE-018A,1.341214,103.744817
JRE-018B,1.340947,103.744718
JRE-018C,1.341205,103.744882
JRE-018D,1.342085,103.744903
JRE-018E,1.342129,103.744927
JRE-018F,1.34181,103.745134
JRE-0190,1.341754,103.745603
JRE-0191,1.341791,103.74556
JRE-0192,1.3415,103.745713
JRE-0193,1.341189,103.746081
JRE-0194,1.341296,103.746031
JRE-0195,1.341126,103.746072
JRE-0196,1.341349,103.746141
JRE-0197,1.341476,103.746238
JRE-0198,1.341734,103.746184
JRE-0199,1.341881,103.74617
JRE-019A,1.341877,103.746234
JRE-019B,1.342082,103.745304
JRE-019C,1.342134,103.745748
JRE-019D,1.342036,103.745324
JRE-019E,1.342124,103.745384
JRE-019F,1.342228,103.745583
JRE-01A0,1.342191,103.744973
JRE-01A1,1.342235,103.744995
JRE-01A2,1.342644,103.745312
JRE-01A3,1.342702,103.745329
JRE-01A4,1.341985,103.746903
JRE-01A5,1.34218,103.746529
JRE-01A6,1.342132,103.746444
JRE-01A7,1.341876,103.747013
JRE-01A8,1.34089,103.74787
JRE-01A9,1.340629,103.747722
JRE-01AA,1.34076,103.747448
JRE-01AB,1.341162,103.747376
JRE-01AC,1.340794,103.747499
JRE-01AD,1.341426,103.746732
JRE-01AE,1.341361,103.746757
JRE-01AF,1.341297,103.746632
JRE-01B0,1.341217,103.746723
JRE-01B1,1.340989,103.746309
JRE-01B2,1.341115,103.746413
JRE-01B3,1.340975,103.746405
JRE-01B4,1.340962,103.746485
JRE-01B5,1.340996,103.7464
JRE-01B6,1.340764,103.746555
JRE-01B7,1.340659,103.747018
JRE-01B8,1.340805,103.746756
JRE-01B9,1.340698,103.746689
JRE-01BA,1.340832,103.746787
JRE-01BB,1.340774,103.746813
JRE-01BC,1.340804,103.746948
JRE-01BD,1.340862,103.746973
JRE-01BE,1.340645,103.747262
JRE-01BF,1.340511,103.747253
JRE-01C0,1.340462,103.747646
JRE-01C1,1.340475,103.747301
JRE-01C2,1.339842,103.746485
JRE-01C3,1.339996,103.746412
JRE-01C4,1.339867,103.746326
JRE-01C5,1.339955,103.746457
JRE-01C6,1.340015,103.746574
JRE-01C7,1.339973,103.746586
JRE-01C8,1.339576,103.747204
JRE-01C9,1.339377,103.747263
JRE-01CA,1.339248,103.747222
JRE-01CB,1.339121,103.746904
JRE-01CC,1.339159,103.74677
JRE-01CD,1.339395,103.746192
JRE-01CE,1.339572,103.746275
JRE-01CF,1.339411,103.746132
JRE-01D0,1.344062,103.735658
JRE-01D1,1.344056,103.735479
JRE-01D2,1.345045,103.734096
JRE-01D3,1.344829,103.734163
JRE-01D4,1.344702,103.73586
JRE-01D5,1.344091,103.735734
JRE-01D6,1.345181,103.734676
JRE-01D7,1.345267,103.735554
JRE-01D8,1.345904,103.734868
JRE-01D9,1.345698,103.73478
JRE-01DA,1.346576,103.735076
JRE-01DB,1.346509,103.73501
JRE-01DC,1.347175,103.734843
JRE-01DD,1.347279,103.734604
JRE-01DE,1.347669,103.733747
JRE-01DF,1.348065,103.733404
JRE-01E0,1.348179,103.733593
JRE-01E1,1.348217,103.733961
JRE-01E2,1.347621,103.732934
JRE-01E3,1.347669,103.732317
JRE-01E4,1.347216,103.731889
JRE-01E5,1.346905,103.732295
JRE-01E6,1.346911,103.732084
JRE-01E7,1.347536,103.732015
JRE-01E8,1.347358,103.73318
JRE-01E9,1.346968,103.733501
JRE-01EA,1.346664,103.733432
JRE-01EB,1.34643,103.732982
JRE-01EC,1.346214,103.733004
JRE-01ED,1.346522,103.73216
JRE-01EE,1.34579,103.732289
JRE-01EF,1.346436,103.731993
JRE-01F0,1.347217,103.731132
JRE-01F1,1.346476,103.730798
JRE-01F2,1.34799,103.730706
JRE-01F3,1.348564,103.730946
JRE-01F4,1.348216,103.731053
JRE-01F5,1.348682,103.730836
JRE-01F6,1.348231,103.72996
JRE-01F7,1.348063,103.728912
JRE-01F8,1.348057,103.72927
JRE-01F9,1.348412,103.729239
JRE-01FA,1.348384,103.728742
JRE-01FB,1.348631,103.729822
JRE-01FC,1.348751,103.728685
JRE-01FD,1.348821,103.729233
JRE-01FE,1.349071,103.729286
JRE-01FF,1.349195,103.729264
JRE-0200,1.349528,103.729614
JRE-0201,1.350169,103.729741
JRE-0202,1.350638,103.729776
JRE-0203,1.350509,103.730302
JRE-0204,1.350914,103.730648
JRE-0205,1.350987,103.730765
JRE-0206,1.35163,103.73028
JRE-0207,1.351589,103.730135
JRE-0208,1.350474,103.73141
JRE-0209,1.350692,103.731174
JRE-020A,1.350043,103.731714
JRE-020B,1.349829,103.731804
JRE-020C,1.349712,103.731371
JRE-020D,1.350562,103.730784
JRE-020E,1.34933,103.731065
JRE-020F,1.349274,103.731132
JRE-0210,1.345824,103.731208
JRE-0211,1.345582,103.730505
JRE-0212,1.345767,103.731656
JRE-0213,1.344874,103.731086
JRE-0214,1.348255,103.731996
JRE-0215,1.348569,103.731539
JRE-0216,1.348575,103.731593
JRE-0217,1.34859,103.731697
JRE-0218,1.349431,103.732375
JRE-0219,1.349166,103.732438
JRE-021A,1.34948,103.732648
JRE-021B,1.349591,103.732596
JRE-021C,1.320453,103.75037
JRE-021D,1.320268,103.750211
JRE-021E,1.320731,103.749609
JRE-021F,1.32069,103.749803
JRE-0220,1.320745,103.749551
JRE-0221,1.320709,103.749737
JRE-0222,1.320265,103.749639
JRE-0223,1.320359,103.74914
JRE-0224,1.32026,103.749589
JRE-0225,1.319758,103.749554
JRE-0226,1.319778,103.749461
JRE-0227,1.319879,103.748976
JRE-0228,1.319772,103.749507
JRE-0229,1.319877,103.749017
JRE-022A,1.319174,103.74959
JRE-022B,1.319312,103.7496
JRE-022C,1.319362,103.749603
JRE-022D,1.318777,103.749469
JRE-022E,1.318761,103.749546
JRE-022F,1.318788,103.749414
JRE-0230,1.318877,103.748982
JRE-0231,1.318805,103.748598
JRE-0232,1.319097,103.74867
JRE-0233,1.318149,103.749064
JRE-0234,1.318138,103.749217
JRE-0235,1.318303,103.748462
JRE-0236,1.318122,103.74914
JRE-0237,1.318166,103.748998
JRE-0238,1.318557,103.747137
JRE-0239,1.318543,103.747262
JRE-023A,1.318449,103.747605
JRE-023B,1.318943,103.747646
JRE-023C,1.319039,103.747183
JRE-023D,1.319323,103.746775
JRE-023E,1.319375,103.746786
JRE-023F,1.319328,103.746718
JRE-0240,1.319378,103.746734
JRE-0241,1.319276,103.746704
JRE-0242,1.319634,103.747183
JRE-0243,1.319593,103.747328
JRE-0244,1.319687,103.746904
JRE-0245,1.319441,103.747963
JRE-0246,1.319389,103.748002
JRE-0247,1.320147,103.74697
JRE-0248,1.32016,103.74689
JRE-0249,1.320081,103.747079
JRE-024A,1.340708,103.736258
JRE-024B,1.340708,103.735999
JRE-024C,1.340714,103.736467
JRE-024D,1.342025,103.737112
JRE-024E,1.342082,103.736546
JRE-024F,1.338545,103.746266
JRE-0250,1.338379,103.746099
JRE-0251,1.338954,103.745695
JRE-0252,1.338704,103.74571
JRE-0253,1.338298,103.743683
JRE-0254,1.338479,103.743847
JRE-0255,1.338838,103.743129
JRE-0256,1.347696,103.728707
JRE-0257,1.347693,103.729318
JRE-0258,1.347699,103.729557
JRE-0259,1.347743,103.729692
JRE-025A,1.338416,103.74689
JRE-025B,1.338604,103.745276
JRE-025C,1.338564,103.745024
JRE-025D,1.338282,103.744481
JRE-025E,1.339054,103.742765
JRE-025F,1.338969,103.742832
JRE-0260,1.337882,103.746518
JRE-0261,1.338928,103.744525
JRE-0262,1.339272,103.74455
JRE-0263,1.339195,103.744528
JRE-0264,1.338055,103.745005
JRE-0265,1.33786,103.744835
JRE-0266,1.339498,103.743445
JRE-0267,1.339199,103.743263
JRE-0268,1.339811,103.743686
JRE-0269,1.33809,103.745808
JRE-026A,1.339668,103.744486
JRE-026B,1.339708,103.744692
JRE-026C,1.337868,103.744062
JRE-026D,1.339785,103.74416
JRE-026E,1.340314,103.743615
JRE-026F,1.305949,103.736953
JRE-0273,1.31976,103.736752
JRE-0274,1.33318,103.739472
JRE-0275,1.332186,103.742674
JRE-0277,1.342027,103.732663
JRE-0278,1.338805,103.736067
JRE-0279,1.327928,103.68193
JRE-027A,1.340919,103.72318
JRE-027B,1.339777,103.723986
JRE-027C,1.338555,103.726828
JRE-027D,1.336128,103.72647
JRE-027E,1.334202,103.727239
JRE-027F,1.332221,103.725758
JRE-0280,1.330799,103.725883
JRE-0281,1.329035,103.726301
JRE-0282,1.334891,103.740274
JRE-0283,1.334858,103.740359
JRE-0284,1.318452,103.746629
JRE-0285,1.334242,103.747694
JRE-0286,1.331766,103.739587
JRE-0287,1.332722,103.738887
JRE-0288,1.326699,103.738576
JRE-0289,1.324005,103.744883
JRE-028A,1.323422,103.747126
JRE-028B,1.329849,103.743092
JRE-028C,1.30297,103.7458
JRE-028D,1.304524,103.742291
JRE-028E,1.313512,103.73494
JRE-028F,1.314415,103.718063
JRE-0290,1.325206,103.728337
JRE-0291,1.323945,103.742814
JRE-0292,1.330899,103.741824
JRE-0293,1.334088,103.737059
JRE-0294,1.33583,103.738845
JRE-0295,1.340565,103.744142
JRE-0296,1.340433,103.744016
JRE-0297,1.321432,103.745761
JRE-0298,1.3393,103.733933
JRE-0299,1.342492,103.732735
JRE-029A,1.343668,103.730918
JRE-029B,1.339536,103.736609
JRE-029C,1.335872,103.742579
JRE-029D,1.332573,103.745852
JRE-029E,1.341482,103.740265
JRE-029F,1.342116,103.737938
JRE-02A0,1.341296,103.740988
JRE-02A1,1.339107,103.746202
JRE-02A2,1.341865,103.744169
JRE-02A3,1.338349,103.74117
JRE-02A4,1.339054,103.745936
JRE-02A5,1.343854,103.736124
JRE-02A6,1.319213,103.742734
JRE-02A7,1.319984,103.739131
JRE-02A8,1.349083,103.730788
JRE-02A9,1.325294,103.737529
JRE-02AA,1.306442,103.739489
JRE-02AB,1.298742,103.749832
JRE-02AC,1.298592,103.75001
JRE-02AD,1.304134,103.751814
JRE-02AE,1.311126,103.72275
JRE-02AF,1.324174,103.72347
JRE-02B0,1.321743,103.742048
JRE-02B1,1.322297,103.739537
JRE-02B2,1.32252,103.73941
JRE-02B3,1.3205,103.744006
JRE-02B4,1.319614,103.744803
JRE-02B5,1.336731,103.738111
JRE-02B6,1.338282,103.735945
JRE-02B7,1.336608,103.7381
JRE-02B8,1.31778,103.748537
JRE-02B9,1.318632,103.720455
JRE-02BA,1.338829,103.743018
JRE-02BB,1.338758,103.745782
JRE-02BC,1.338553,103.744952
JRE-02BD,1.337954,103.746096
JRE-02BE,1.338142,103.745902
JRE-02BF,1.3389,103.743158
JRE-02C0,1.339204,103.743211
JRE-02C1,1.339162,103.743253
JRE-02C2,1.342074,103.743651
JRE-02C3,1.345629,103.732518
JRE-02C4,1.346778,103.733021
JRE-02C5,1.347696,103.732633
JRE-02C6,1.347645,103.734334
JRE-02C7,1.34816,103.734104
JRE-02C8,1.346062,103.73525
JRE-02C9,1.347083,103.733396
JRE-02CA,1.348078,103.734236
JRE-02CB,1.344981,103.73505
JRE-02CC,1.345092,103.734372
JRE-02CD,1.341026,103.746537
JRE-02CE,1.341393,103.74785
JRE-02CF,1.341294,103.745849
JRE-02D0,1.341251,103.747008
JRE-02D1,1.340898,103.74755
JRE-02D2,1.340676,103.746977
JRE-02D3,1.340898,103.744833
JRE-02D4,1.33982,103.746654
JRE-02D5,1.337801,103.744906
JRE-02D6,1.338384,103.74452
JRE-02D7,1.337734,103.741586
JRE-02D8,1.33722,103.741846
JRE-02D9,1.338535,103.743775
JRE-02DA,1.337876,103.741824
JRE-02DB,1.337254,103.741589
JRE-02DC,1.320322,103.737613
JRE-02DD,1.332117,103.74213
JRE-02DE,1.333678,103.740973
JRE-02DF,1.350129,103.730213
JRE-02E0,1.350212,103.729686
JRE-02E1,1.351131,103.730855
JRE-02E2,1.351537,103.730615
JRE-02E3,1.350719,103.73114
JRE-02E4,1.350217,103.731849
JRE-02E5,1.349565,103.731572
JRE-02E6,1.348404,103.73197
JRE-02E7,1.349668,103.73276
JRE-02E8,1.348775,103.732182
JRE-02E9,1.343588,103.721996
JRE-02EA,1.330418,103.738074
JRE-02EB,1.331573,103.743205
JRE-02EC,1.344256,103.725801
JRE-02ED,1.340988,103.725137
JRE-02EE,1.335282,103.72133
JRE-02EF,1.341328,103.735781
JRE-02F0,1.328175,103.731003
JRW-0001,1.337944,103.697415
JRW-0002,1.337924,103.696846
JRW-0003,1.337848,103.697204
JRW-0004,1.338141,103.696967
JRW-0005,1.344163,103.720135
JRW-0006,1.353645,103.722115
JRW-0007,1.354339,103.72111
JRW-0008,1.354925,103.721322
JRW-0009,1.354719,103.722058
JRW-000A,1.35425,103.724987
JRW-000B,1.353156,103.726448
JRW-000C,1.353389,103.724833
JRW-000E,1.350214,103.726426
JRW-000F,1.35135,103.72494
JRW-0010,1.352298,103.724673
JRW-0011,1.348359,103.727321
JRW-0012,1.34871,103.725975
JRW-0013,1.349085,103.726232
JRW-0014,1.349191,103.727304
JRW-0015,1.34967,103.726513
JRW-0016,1.348615,103.724573
JRW-0017,1.3351,103.693007
JRW-0018,1.333997,103.690561
JRW-0019,1.34935,103.697312
JRW-001A,1.350452,103.700043
JRW-001B,1.344253,103.706466
JRW-001C,1.344462,103.704667
JRW-001D,1.343528,103.704386
JRW-001E,1.347802,103.709087
JRW-001F,1.34862,103.709146
JRW-0020,1.352723,103.700286
JRW-0021,1.333278,103.706833
JRW-0022,1.334295,103.707222
JRW-0023,1.350131,103.71276
JRW-0024,1.350007,103.71234
JRW-0025,1.350145,103.712497
JRW-0026,1.349554,103.711672
JRW-0027,1.3493,103.711133
JRW-0028,1.349702,103.710676
JRW-0029,1.350203,103.710785
JRW-002A,1.35043,103.711385
JRW-002B,1.350714,103.711795
JRW-002C,1.339769,103.70341
JRW-002D,1.337034,103.694899
JRW-002E,1.335144,103.70382
JRW-002F,1.33512,103.700961
JRW-0030,1.337086,103.697466
JRW-0031,1.335243,103.698275
JRW-0032,1.33728,103.70175
JRW-0033,1.339963,103.69581
JRW-0034,1.338964,103.696686
JRW-0035,1.337348,103.72437
JRW-0036,1.337115,103.724519
JRW-0037,1.336604,103.723948
JRW-0038,1.340341,103.720895
JRW-0039,1.338174,103.721012
JRW-003A,1.338886,103.723694
JRW-003B,1.327574,103.721762
JRW-003C,1.327815,103.72183
JRW-003D,1.329422,103.722545
JRW-003E,1.335876,103.720517
JRW-003F,1.33369,103.720837
JRW-0040,1.333697,103.722077
JRW-0041,1.345703,103.72098
JRW-0042,1.345376,103.720456
JRW-0043,1.344673,103.719107
JRW-0044,1.344559,103.718876
JRW-0045,1.345159,103.718159
JRW-0046,1.344947,103.717717
JRW-0048,1.346721,103.71609
JRW-0049,1.349858,103.720492
JRW-004A,1.350667,103.722207
JRW-004B,1.349803,103.722766
JRW-004C,1.348649,103.720934
JRW-004D,1.348678,103.722483
JRW-004E,1.351806,103.720516
JRW-004F,1.351952,103.719524
JRW-0050,1.352321,103.718329
JRW-0051,1.351268,103.71788
JRW-0052,1.348434,103.719561
JRW-0053,1.347226,103.720482
JRW-0054,1.350541,103.716502
JRW-0055,1.350177,103.715086
JRW-0056,1.351838,103.715404
JRW-0057,1.353177,103.715627
JRW-005D,1.353019,103.718259
JRW-005E,1.354316,103.718168
JRW-005F,1.348346,103.726092
JRW-0060,1.348668,103.727111
JRW-0061,1.349532,103.727109
JRW-0062,1.341125,103.685006
JRW-0063,1.342046,103.686175
JRW-0064,1.34146,103.68751
JRW-0065,1.339874,103.688902
JRW-0066,1.340504,103.689538
JRW-0067,1.342645,103.688993
JRW-0068,1.34293,103.69136
JRW-0069,1.339368,103.693937
JRW-006A,1.346098,103.694269
JRW-006B,1.343968,103.694855
JRW-006C,1.343493,103.694109
JRW-006D,1.345269,103.692261
JRW-006E,1.347303,103.692755
JRW-006F,1.347412,103.696504
JRW-0070,1.349785,103.694874
JRW-0071,1.349538,103.695626
JRW-0072,1.350488,103.695534
JRW-0073,1.341741,103.694436
JRW-0075,1.342896,103.696329
JRW-0076,1.344587,103.697798
JRW-0077,1.3458,103.697417
JRW-0078,1.346379,103.70142
JRW-0079,1.345278,103.700326
JRW-007A,1.34731,103.698791
JRW-007B,1.34809,103.697577
JRW-007C,1.349722,103.700426
JRW-007D,1.350138,103.699898
JRW-007E,1.350224,103.698554
JRW-007F,1.349947,103.697928
JRW-0080,1.349985,103.704509
JRW-0081,1.350975,103.704844
JRW-0082,1.351373,103.704511
JRW-0083,1.352212,103.703076
JRW-0084,1.353565,103.703162
JRW-0085,1.353748,103.704254
JRW-0086,1.34055,103.695285
JRW-0087,1.349031,103.70386
JRW-0088,1.340566,103.694273
JRW-0089,1.343975,103.691517
JRW-008A,1.344114,103.691873
JRW-008B,1.343594,103.711862
JRW-008C,1.341988,103.72134
JRW-008E,1.328414,103.724698
JRW-008F,1.340889,103.718456
JRW-0090,1.342693,103.721304
JRW-0091,1.338786,103.707896
JRW-0092,1.338596,103.707904
JRW-0093,1.339812,103.709128
JRW-0094,1.339496,103.708461
JRW-0098,1.344396,103.72081
JRW-0099,1.34456,103.721452
JRW-009A,1.338357,103.705287
JRW-009B,1.338362,103.7053
JRW-009C,1.338368,103.705313
JRW-009D,1.33853,103.70654
JRW-009E,1.338429,103.706176
JRW-009F,1.33729,103.696931
JRW-00A0,1.337294,103.696785
JRW-00A1,1.33781,103.697022
JRW-00A2,1.338738,103.709946
JRW-00A3,1.330736,103.688121
JRW-00A5,1.330233,103.681857
JRW-00A6,1.341775,103.712554
JRW-00A7,1.327912,103.694973
JRW-00A8,1.330745,103.690239
JRW-00A9,1.332242,103.696937
JRW-00AA,1.342034,103.689134
JRW-00AB,1.33324,103.711682
JRW-00AC,1.332293,103.722777
JRW-00AD,1.332283,103.722577
JRW-00AE,1.332134,103.722785
JRW-00B1,1.32808,103.723158
JRW-00B2,1.326759,103.721446
JRW-00B3,1.326812,103.721082
JRW-00B4,1.327271,103.720373
JRW-00B5,1.327082,103.720736
JRW-00B6,1.327322,103.720319
JRW-00B7,1.327637,103.720809
JRW-00B8,1.327671,103.720748
JRW-00B9,1.327493,103.721819
JRW-00BA,1.327534,103.721756
JRW-00BB,1.327662,103.722387
JRW-00BC,1.328122,103.721662
JRW-00BD,1.328147,103.7216
JRW-00BE,1.327931,103.721742
JRW-00BF,1.328306,103.721798
JRW-00C0,1.328729,103.722513
JRW-00C1,1.328529,103.722454
JRW-00C2,1.328679,103.722486
JRW-00C3,1.329263,103.722454
JRW-00C4,1.329394,103.722495
JRW-00C5,1.329131,103.721551
JRW-00C6,1.329041,103.721388
JRW-00C7,1.329697,103.721456
JRW-00C8,1.329683,103.721345
JRW-00C9,1.329805,103.721544
JRW-00CA,1.32964,103.722106
JRW-00CB,1.329769,103.722033
JRW-00CC,1.330306,103.72267
JRW-00CD,1.330355,103.722794
JRW-00CE,1.330209,103.722638
JRW-00CF,1.33325,103.721268
JRW-00D0,1.333261,103.72095
JRW-00D1,1.333702,103.720861
JRW-00D2,1.333724,103.721115
JRW-00D3,1.33369,103.721187
JRW-00D4,1.333691,103.722066
JRW-00D5,1.333856,103.722066
JRW-00D6,1.333716,103.721772
JRW-00D7,1.333823,103.722491
JRW-00D8,1.333366,103.722585
JRW-00D9,1.333258,103.722315
JRW-00DA,1.337339,103.724464
JRW-00DB,1.337514,103.724313
JRW-00DC,1.336947,103.724667
JRW-00DD,1.336974,103.724552
JRW-00DE,1.336673,103.724113
JRW-00DF,1.336673,103.724051
JRW-00E0,1.336428,103.723671
JRW-00E1,1.336434,103.723579
JRW-00E2,1.336185,103.722944
JRW-00E3,1.335984,103.723129
JRW-00E4,1.33611,103.722962
JRW-00E5,1.336126,103.72308
JRW-00E6,1.335606,103.722514
JRW-00E7,1.33565,103.722616
JRW-00E8,1.336097,103.722429
JRW-00E9,1.336086,103.722542
JRW-00EA,1.336769,103.722504
JRW-00EB,1.336814,103.722719
JRW-00EC,1.337622,103.723777
JRW-00ED,1.337521,103.72377
JRW-00EE,1.337762,103.724255
JRW-00EF,1.338006,103.723311
JRW-00F0,1.33834,103.72393
JRW-00F1,1.339589,103.723082
JRW-00F2,1.339606,103.723213
JRW-00F3,1.339141,103.722557
JRW-00F4,1.339085,103.723
JRW-00F5,1.339132,103.723086
JRW-00F6,1.3385,103.723455
JRW-00F7,1.340066,103.721338
JRW-00F8,1.339752,103.721218
JRW-00F9,1.340311,103.720873
JRW-00FA,1.340076,103.720981
JRW-00FB,1.340408,103.720903
JRW-00FC,1.340672,103.72048
JRW-00FD,1.340584,103.720339
JRW-00FE,1.340674,103.720409
JRW-00FF,1.340316,103.719914
JRW-0100,1.340674,103.719879
JRW-0101,1.340526,103.719639
JRW-0102,1.340193,103.71965
JRW-0103,1.340637,103.719756
JRW-0104,1.340028,103.719449
JRW-0105,1.340432,103.719528
JRW-0106,1.340558,103.719684
JRW-0107,1.339674,103.719377
JRW-0108,1.339722,103.71941
JRW-0109,1.339592,103.719232
JRW-010A,1.339747,103.719501
JRW-010B,1.339361,103.718897
JRW-010C,1.338737,103.719235
JRW-010D,1.338776,103.719296
JRW-010E,1.338882,103.719429
JRW-010F,1.338985,103.719857
JRW-0110,1.338922,103.719807
JRW-0111,1.339063,103.719935
JRW-0112,1.338912,103.719748
JRW-0113,1.339498,103.720031
JRW-0114,1.339611,103.720102
JRW-0115,1.339586,103.720052
JRW-0116,1.339936,103.7206
JRW-0117,1.339979,103.720646
JRW-0118,1.339939,103.720735
JRW-0119,1.339152,103.720978
JRW-011A,1.339187,103.721036
JRW-011B,1.339029,103.721058
JRW-011C,1.338906,103.720578
JRW-011D,1.338796,103.720655
JRW-011E,1.336452,103.721352
JRW-011F,1.335882,103.720819
JRW-0120,1.335879,103.720556
JRW-0121,1.336633,103.720278
JRW-0122,1.337854,103.72034
JRW-0123,1.338167,103.719682
JRW-0124,1.338084,103.719633
JRW-0125,1.338003,103.719147
JRW-0126,1.33741,103.719388
JRW-0127,1.337349,103.719565
JRW-0128,1.336954,103.719759
JRW-0129,1.328059,103.724044
JRW-012A,1.328051,103.724127
JRW-012B,1.328044,103.723934
JRW-012C,1.328044,103.724015
JRW-012D,1.327905,103.723896
JRW-012E,1.328127,103.724133
JRW-012F,1.330712,103.721818
JRW-0130,1.331431,103.721723
JRW-0131,1.332047,103.721426
JRW-0132,1.33194,103.72145
JRW-0133,1.331918,103.721709
JRW-0134,1.331972,103.721731
JRW-0135,1.33786,103.723012
JRW-0136,1.337735,103.72199
JRW-0137,1.337877,103.722239
JRW-0138,1.337858,103.721603
JRW-0139,1.32847,103.724386
JRW-013A,1.328315,103.724392
JRW-013B,1.328482,103.724197
JRW-013C,1.328419,103.724314
JRW-013D,1.330342,103.721789
JRW-013E,1.330701,103.722459
JRW-013F,1.331373,103.722386
JRW-0140,1.332857,103.721296
JRW-0141,1.332854,103.721202
JRW-0142,1.332914,103.721006
JRW-0143,1.337342,103.72231
JRW-0144,1.338138,103.721747
JRW-0145,1.338255,103.721971
JRW-0146,1.338178,103.721056
JRW-0147,1.338054,103.72114
JRW-0148,1.328355,103.723925
JRW-0149,1.328338,103.723886
JRW-014A,1.328522,103.723673
JRW-014B,1.328423,103.723827
JRW-014C,1.332869,103.721504
JRW-014D,1.332724,103.721546
JRW-014E,1.332715,103.721669
JRW-014F,1.337207,103.721956
JRW-0150,1.338505,103.721515
JRW-0151,1.3385,103.721578
JRW-0152,1.328433,103.723404
JRW-0153,1.3284,103.723218
JRW-0154,1.328387,103.723385
JRW-0155,1.328451,103.72322
JRW-0156,1.328493,103.723187
JRW-0157,1.337453,103.721437
JRW-0158,1.339082,103.722247
JRW-0159,1.346535,103.709138
JRW-015A,1.347351,103.71013
JRW-015B,1.346333,103.711053
JRW-015C,1.346306,103.711004
JRW-015D,1.347033,103.710812
JRW-015E,1.345804,103.710906
JRW-015F,1.345281,103.71078
JRW-0160,1.343854,103.710791
JRW-0161,1.344289,103.711234
JRW-0162,1.344642,103.711776
JRW-0163,1.344807,103.711683
JRW-0164,1.34436,103.712652
JRW-0165,1.343782,103.712198
JRW-0166,1.343898,103.711694
JRW-0167,1.343187,103.714746
JRW-0168,1.346592,103.713446
JRW-0169,1.34721,103.714251
JRW-016A,1.346614,103.715318
JRW-016B,1.345926,103.714552
JRW-016C,1.34781,103.71298
JRW-016D,1.348328,103.7139
JRW-016E,1.35005,103.712537
JRW-016F,1.346069,103.712022
JRW-0170,1.346019,103.712066
JRW-0171,1.3457,103.712225
JRW-0172,1.346038,103.708195
JRW-0173,1.345807,103.70818
JRW-0174,1.345962,103.708536
JRW-0175,1.346179,103.708588
JRW-0176,1.34559,103.708768
JRW-0177,1.345742,103.708708
JRW-0178,1.345089,103.707789
JRW-0179,1.345165,103.707745
JRW-017A,1.345155,103.70736
JRW-017B,1.345608,103.706941
JRW-017C,1.345537,103.706943
JRW-017D,1.345671,103.706962
JRW-017E,1.345964,103.706974
JRW-017F,1.345888,103.706972
JRW-0180,1.346113,103.706925
JRW-0181,1.346216,103.706188
JRW-0182,1.346084,103.706228
JRW-0183,1.346535,103.706922
JRW-0184,1.34636,103.707029
JRW-0185,1.353543,103.721088
JRW-0186,1.353442,103.721346
JRW-0187,1.353478,103.721135
JRW-0188,1.353439,103.721278
JRW-0189,1.35337,103.722736
JRW-018A,1.353421,103.722803
JRW-018B,1.353704,103.722084
JRW-018C,1.35393,103.722246
JRW-018D,1.353882,103.722186
JRW-018E,1.35424,103.721132
JRW-018F,1.354326,103.721132
JRW-0190,1.354196,103.721636
JRW-0191,1.354892,103.721137
JRW-0192,1.354892,103.721222
JRW-0193,1.354777,103.722614
JRW-0194,1.354767,103.722348
JRW-0195,1.354752,103.722196
JRW-0196,1.354201,103.725081
JRW-0197,1.353572,103.726687
JRW-0198,1.353824,103.724914
JRW-0199,1.353797,103.725
JRW-019A,1.353644,103.725388
JRW-019B,1.353173,103.726327
JRW-019C,1.353286,103.726
JRW-019D,1.353206,103.726254
JRW-019E,1.353502,103.725819
JRW-019F,1.353314,103.725082
JRW-01A0,1.353195,103.72543
JRW-01A1,1.353359,103.724938
JRW-01A2,1.352855,103.724903
JRW-01A3,1.352777,103.725114
JRW-01A4,1.352957,103.724689
JRW-01A5,1.352557,103.725625
JRW-01A6,1.35247,103.725832
JRW-01A7,1.352408,103.725957
JRW-01A8,1.352363,103.72617
JRW-01A9,1.351297,103.726877
JRW-01AA,1.350954,103.727037
JRW-01AB,1.35093,103.727362
JRW-01AC,1.350551,103.727439
JRW-01AD,1.350565,103.72729
JRW-01AE,1.350197,103.72699
JRW-01AF,1.350597,103.726278
JRW-01B0,1.35052,103.726265
JRW-01B1,1.350388,103.726315
JRW-01B2,1.350219,103.726482
JRW-01B3,1.350932,103.725373
JRW-01B4,1.350863,103.724143
JRW-01B5,1.351589,103.724717
JRW-01B6,1.351159,103.725962
JRW-01B7,1.351945,103.725525
JRW-01B8,1.352229,103.724816
JRW-01B9,1.35218,103.724981
JRW-01BA,1.352271,103.724684
JRW-01BB,1.352533,103.72372
JRW-01BC,1.352667,103.723224
JRW-01BD,1.352831,103.722814
JRW-01BE,1.352119,103.722981
JRW-01BF,1.352084,103.722811
JRW-01C0,1.351798,103.72404
JRW-01C1,1.35146,103.723616
JRW-01C2,1.351362,103.722521
JRW-01C3,1.351336,103.720348
JRW-01C4,1.351341,103.720425
JRW-01C5,1.351849,103.720231
JRW-01C6,1.351801,103.720542
JRW-01C7,1.351951,103.719676
JRW-01C8,1.351955,103.719336
JRW-01C9,1.3525,103.720537
JRW-01CA,1.35247,103.720341
JRW-01CB,1.352633,103.719535
JRW-01CC,1.352621,103.719325
JRW-01CD,1.352296,103.718236
JRW-01CE,1.352355,103.718571
JRW-01CF,1.352064,103.717521
JRW-01D0,1.351594,103.718454
JRW-01D1,1.351534,103.718892
JRW-01D2,1.351308,103.717344
JRW-01D3,1.350975,103.717753
JRW-01D4,1.351071,103.718651
JRW-01D5,1.350704,103.72109
JRW-01D6,1.350701,103.720928
JRW-01D7,1.350243,103.720164
JRW-01D8,1.350287,103.720318
JRW-01D9,1.350209,103.720066
JRW-01DA,1.35034,103.721052
JRW-01DB,1.349901,103.72056
JRW-01DC,1.349988,103.720965
JRW-01DD,1.34995,103.720824
JRW-01DE,1.350021,103.720669
JRW-01DF,1.350635,103.722339
JRW-01E0,1.350654,103.722535
JRW-01E1,1.350289,103.723735
JRW-01E2,1.350316,103.72232
JRW-01E3,1.350314,103.722111
JRW-01E4,1.350123,103.723238
JRW-01E5,1.350079,103.723377
JRW-01E6,1.349936,103.722373
JRW-01E7,1.3498,103.722794
JRW-01E8,1.349453,103.722707
JRW-01E9,1.349601,103.722139
JRW-01EA,1.349008,103.72078
JRW-01EB,1.348908,103.720603
JRW-01EC,1.348521,103.720494
JRW-01ED,1.34834,103.720611
JRW-01EE,1.350593,103.723763
JRW-01EF,1.348534,103.721
JRW-01F0,1.348098,103.721232
JRW-01F1,1.348124,103.720862
JRW-01F2,1.348551,103.722378
JRW-01F3,1.348117,103.721999
JRW-01F4,1.348108,103.724379
JRW-01F5,1.34807,103.724042
JRW-01F6,1.348106,103.725288
JRW-01F7,1.347706,103.723982
JRW-01F8,1.347726,103.724324
JRW-01F9,1.347752,103.725252
JRW-01FA,1.347708,103.724886
JRW-01FB,1.347353,103.723822
JRW-01FC,1.347343,103.723736
JRW-01FD,1.347354,103.723674
JRW-01FE,1.34707,103.723604
JRW-01FF,1.347001,103.723615
JRW-0200,1.346846,103.723891
JRW-0201,1.346845,103.724267
JRW-0202,1.346848,103.725478
JRW-0203,1.347068,103.725658
JRW-0204,1.346849,103.724959
JRW-0205,1.347352,103.725618
JRW-0206,1.347354,103.725448
JRW-0207,1.347347,103.72513
JRW-0208,1.347342,103.725029
JRW-0209,1.348225,103.726303
JRW-020A,1.348239,103.726127
JRW-020B,1.348356,103.72728
JRW-020C,1.348352,103.727386
JRW-020D,1.348353,103.727033
JRW-020E,1.348735,103.726119
JRW-020F,1.348724,103.72647
JRW-0210,1.348729,103.726623
JRW-0211,1.348706,103.727104
JRW-0212,1.348695,103.727197
JRW-0213,1.349055,103.726445
JRW-0214,1.349061,103.725931
JRW-0215,1.349164,103.727284
JRW-0216,1.34919,103.727379
JRW-0217,1.349167,103.727042
JRW-0218,1.34973,103.726486
JRW-0219,1.350033,103.725158
JRW-021A,1.349771,103.725069
JRW-021B,1.349885,103.725019
JRW-021C,1.349891,103.724702
JRW-021D,1.34995,103.724806
JRW-021E,1.348622,103.7246
JRW-021F,1.348652,103.724799
JRW-0220,1.349067,103.719119
JRW-0221,1.348382,103.719523
JRW-0222,1.348452,103.71971
JRW-0223,1.347899,103.719811
JRW-0224,1.34759,103.720249
JRW-0225,1.346692,103.719861
JRW-0226,1.346408,103.720894
JRW-0227,1.346227,103.720563
JRW-0228,1.345494,103.720549
JRW-0229,1.345671,103.72087
JRW-022A,1.345699,103.720914
JRW-022B,1.345127,103.717967
JRW-022C,1.345015,103.717795
JRW-022D,1.345978,103.718059
JRW-022E,1.346053,103.717598
JRW-022F,1.346604,103.717234
JRW-0230,1.346578,103.717068
JRW-0231,1.346648,103.717417
JRW-0232,1.3464,103.716591
JRW-0233,1.346521,103.716591
JRW-0234,1.346711,103.716098
JRW-0235,1.346715,103.716206
JRW-0236,1.346707,103.716072
JRW-0237,1.3472,103.717415
JRW-0238,1.347203,103.717037
JRW-0239,1.347328,103.715985
JRW-023A,1.347324,103.716083
JRW-023B,1.347326,103.716613
JRW-023C,1.347756,103.716022
JRW-023D,1.348408,103.717263
JRW-023E,1.34847,103.717361
JRW-023F,1.348481,103.716116
JRW-0240,1.348356,103.716262
JRW-0241,1.348533,103.715169
JRW-0242,1.348531,103.71574
JRW-0243,1.34886,103.715092
JRW-0244,1.349093,103.716085
JRW-0245,1.349095,103.715934
JRW-0246,1.348968,103.716519
JRW-0247,1.348863,103.716513
JRW-0248,1.348977,103.717274
JRW-0249,1.348968,103.716877
JRW-024A,1.349618,103.717184
JRW-024B,1.349328,103.716875
JRW-024C,1.349868,103.716652
JRW-024D,1.349651,103.716436
JRW-024E,1.350553,103.716605
JRW-024F,1.350026,103.715469
JRW-0250,1.350936,103.716468
JRW-0251,1.35058,103.715355
JRW-0252,1.35119,103.716108
JRW-0253,1.351841,103.71587
JRW-0254,1.351875,103.715485
JRW-0255,1.351954,103.715053
JRW-0256,1.352218,103.715172
JRW-0257,1.352711,103.715221
JRW-0258,1.353078,103.715073
JRW-0259,1.353026,103.715013
JRW-025A,1.352711,103.714583
JRW-025B,1.353331,103.715706
JRW-025C,1.353673,103.716102
JRW-025D,1.353359,103.716223
JRW-025E,1.352769,103.716469
JRW-025F,1.352574,103.717022
JRW-0260,1.352293,103.716434
JRW-0261,1.352232,103.716732
JRW-0262,1.352731,103.717693
JRW-0263,1.352802,103.717929
JRW-0264,1.353111,103.718879
JRW-0265,1.35324,103.717909
JRW-0266,1.353695,103.719013
JRW-0267,1.353651,103.717934
JRW-0268,1.354129,103.717979
JRW-0269,1.354434,103.718438
JRW-026A,1.354522,103.719073
JRW-026B,1.339795,103.700276
JRW-026C,1.339351,103.700296
JRW-026D,1.338834,103.700378
JRW-026E,1.338617,103.700015
JRW-026F,1.338506,103.699373
JRW-0270,1.338536,103.699522
JRW-0271,1.338019,103.699343
JRW-0272,1.338044,103.69965
JRW-0273,1.338042,103.700229
JRW-0274,1.33806,103.700544
JRW-0275,1.338376,103.700939
JRW-0276,1.338947,103.700893
JRW-0277,1.339412,103.700786
JRW-0278,1.33992,103.700623
JRW-0279,1.341111,103.70045
JRW-027A,1.341064,103.70058
JRW-027B,1.341461,103.700566
JRW-027C,1.341366,103.699678
JRW-027D,1.34135,103.699532
JRW-027E,1.340901,103.699359
JRW-027F,1.340972,103.699754
JRW-0280,1.340926,103.69903
JRW-0281,1.340298,103.698106
JRW-0282,1.340374,103.698592
JRW-0283,1.340937,103.697628
JRW-0284,1.341233,103.698023
JRW-0285,1.341317,103.698622
JRW-0286,1.34123,103.698676
JRW-0287,1.341146,103.698911
JRW-0288,1.34176,103.698218
JRW-0289,1.342014,103.699058
JRW-028A,1.342776,103.700383
JRW-028B,1.343538,103.700056
JRW-028C,1.343505,103.699988
JRW-028D,1.343477,103.69993
JRW-028E,1.343711,103.699932
JRW-028F,1.343217,103.699276
JRW-0290,1.34315,103.698999
JRW-0291,1.342184,103.697873
JRW-0292,1.341725,103.697667
JRW-0293,1.34158,103.698027
JRW-0294,1.341619,103.697616
JRW-0295,1.340807,103.696792
JRW-0296,1.340059,103.696544
JRW-0297,1.340788,103.696159
JRW-0298,1.340498,103.695906
JRW-0299,1.339184,103.696108
JRW-029A,1.339102,103.696622
JRW-029B,1.340159,103.697342
JRW-029C,1.337289,103.696853
JRW-029D,1.33731,103.697057
JRW-029E,1.341566,103.705838
JRW-029F,1.34155,103.70559
JRW-02A0,1.340853,103.705332
JRW-02A1,1.341266,103.705316
JRW-02A2,1.341184,103.705256
JRW-02A3,1.34107,103.70627
JRW-02A4,1.341992,103.706177
JRW-02A5,1.343081,103.706193
JRW-02A6,1.342186,103.707791
JRW-02A7,1.341878,103.695071
JRW-02A8,1.341538,103.695813
JRW-02A9,1.341417,103.695706
JRW-02AA,1.341081,103.695433
JRW-02AB,1.341258,103.695595
JRW-02AC,1.340997,103.694575
JRW-02AD,1.340647,103.694904
JRW-02AE,1.340736,103.694798
JRW-02AF,1.34089,103.694672
JRW-02B0,1.341706,103.694612
JRW-02B1,1.341337,103.69458
JRW-02B2,1.341496,103.694218
JRW-02B3,1.341291,103.694385
JRW-02B4,1.341608,103.694116
JRW-02B5,1.3422,103.694278
JRW-02B6,1.341962,103.694399
JRW-02B7,1.342023,103.694357
JRW-02B8,1.342504,103.694608
JRW-02B9,1.342639,103.694955
JRW-02BA,1.342648,103.694742
JRW-02BB,1.343282,103.695511
JRW-02BC,1.343087,103.695664
JRW-02BD,1.342438,103.696165
JRW-02BE,1.342205,103.696466
JRW-02BF,1.343782,103.696021
JRW-02C0,1.343353,103.696327
JRW-02C1,1.343003,103.696563
JRW-02C2,1.344141,103.696382
JRW-02C3,1.344057,103.696276
JRW-02C4,1.343898,103.696744
JRW-02C5,1.343796,103.696952
JRW-02C6,1.34423,103.696457
JRW-02C7,1.343749,103.69724
JRW-02C8,1.34367,103.697583
JRW-02C9,1.343964,103.697801
JRW-02CA,1.343623,103.698046
JRW-02CB,1.343763,103.698403
JRW-02CC,1.344649,103.698032
JRW-02CD,1.34415,103.69844
JRW-02CE,1.344318,103.698338
JRW-02CF,1.344509,103.698194
JRW-02D0,1.345298,103.698431
JRW-02D1,1.345713,103.69806
JRW-02D2,1.346035,103.698079
JRW-02D3,1.346133,103.698477
JRW-02D4,1.345811,103.698709
JRW-02D5,1.345601,103.698862
JRW-02D6,1.345853,103.699814
JRW-02D7,1.345955,103.699626
JRW-02D8,1.345812,103.699745
JRW-02D9,1.345317,103.700081
JRW-02DA,1.345658,103.69995
JRW-02DB,1.345708,103.700512
JRW-02DC,1.345978,103.700882
JRW-02DD,1.345865,103.701665
JRW-02DE,1.346374,103.701474
JRW-02DF,1.346525,103.701368
JRW-02E0,1.346336,103.700575
JRW-02E1,1.346633,103.699913
JRW-02E2,1.346546,103.699942
JRW-02E3,1.346359,103.700072
JRW-02E4,1.34661,103.699887
JRW-02E5,1.347326,103.69897
JRW-02E6,1.346648,103.699092
JRW-02E7,1.346778,103.698912
JRW-02E8,1.347061,103.697567
JRW-02E9,1.347468,103.697648
JRW-02EA,1.347666,103.697322
JRW-02EB,1.347724,103.698256
JRW-02EC,1.348112,103.697729
JRW-02ED,1.347922,103.69932
JRW-02EE,1.347963,103.699005
JRW-02EF,1.347588,103.699464
JRW-02F0,1.348467,103.699528
JRW-02F1,1.348438,103.700056
JRW-02F2,1.348397,103.700088
JRW-02F3,1.34859,103.700448
JRW-02F4,1.348729,103.700471
JRW-02F5,1.348596,103.70086
JRW-02F6,1.348873,103.70089
JRW-02F7,1.349039,103.700908
JRW-02F8,1.34935,103.700936
JRW-02F9,1.349669,103.7008
JRW-02FA,1.349704,103.700607
JRW-02FB,1.350152,103.700309
JRW-02FC,1.350158,103.700248
JRW-02FD,1.350123,103.699571
JRW-02FE,1.349485,103.699739
JRW-02FF,1.349494,103.699866
JRW-0300,1.349191,103.699436
JRW-0301,1.349512,103.698496
JRW-0302,1.349529,103.698438
JRW-0303,1.350196,103.698513
JRW-0304,1.349963,103.698388
JRW-0305,1.350158,103.698762
JRW-0306,1.346576,103.6957
JRW-0307,1.346598,103.69629
JRW-0308,1.346585,103.696367
JRW-0309,1.346364,103.69544
JRW-030A,1.346037,103.69534
JRW-030B,1.34595,103.696202
JRW-030C,1.345633,103.696242
JRW-030D,1.345382,103.695485
JRW-030E,1.345704,103.69645
JRW-030F,1.345514,103.696445
JRW-0310,1.345749,103.696452
JRW-0311,1.345005,103.695479
JRW-0312,1.344885,103.695575
JRW-0313,1.345339,103.695044
JRW-0314,1.345111,103.695221
JRW-0315,1.345664,103.695071
JRW-0316,1.346453,103.6952
JRW-0317,1.346945,103.694991
JRW-0318,1.347058,103.693892
JRW-0319,1.346817,103.693588
JRW-031A,1.346734,103.693954
JRW-031B,1.346649,103.694625
JRW-031C,1.346448,103.693786
JRW-031D,1.346348,103.694586
JRW-031E,1.346081,103.693975
JRW-031F,1.345986,103.694866
JRW-0320,1.345601,103.693001
JRW-0321,1.345073,103.693069
JRW-0322,1.344988,103.693804
JRW-0323,1.345305,103.693531
JRW-0324,1.344952,103.694756
JRW-0325,1.344473,103.694975
JRW-0326,1.344316,103.695114
JRW-0327,1.343824,103.69498
JRW-0328,1.343506,103.694501
JRW-0329,1.34367,103.694394
JRW-032A,1.343142,103.694176
JRW-032B,1.343031,103.693977
JRW-032C,1.343483,103.693806
JRW-032D,1.342979,103.693523
JRW-032E,1.342853,103.693648
JRW-032F,1.343366,103.693055
JRW-0330,1.34353,103.692703
JRW-0331,1.344029,103.692216
JRW-0332,1.344533,103.692781
JRW-0333,1.344509,103.69363
JRW-0334,1.344486,103.693342
JRW-0335,1.34436,103.693551
JRW-0336,1.344481,103.69382
JRW-0337,1.344854,103.692274
JRW-0338,1.344993,103.69248
JRW-0339,1.345012,103.691605
JRW-033A,1.34495,103.691637
JRW-033B,1.344591,103.691966
JRW-033C,1.345314,103.691468
JRW-033D,1.345706,103.692127
JRW-033E,1.345979,103.692151
JRW-033F,1.345734,103.691869
JRW-0340,1.345394,103.691758
JRW-0341,1.345068,103.692054
JRW-0342,1.345381,103.691846
JRW-0343,1.345231,103.692049
JRW-0344,1.345851,103.691532
JRW-0345,1.345733,103.69179
JRW-0346,1.346306,103.692154
JRW-0347,1.346295,103.692213
JRW-0348,1.347043,103.692489
JRW-0349,1.34652,103.692416
JRW-034A,1.346517,103.692451
JRW-034B,1.347099,103.692529
JRW-034C,1.347597,103.692947
JRW-034D,1.346932,103.692896
JRW-034E,1.347948,103.695964
JRW-034F,1.347407,103.695909
JRW-0350,1.347467,103.695803
JRW-0351,1.347306,103.696024
JRW-0352,1.346955,103.696607
JRW-0353,1.346908,103.696254
JRW-0354,1.347259,103.696652
JRW-0355,1.346921,103.696201
JRW-0356,1.347339,103.696657
JRW-0357,1.348032,103.696612
JRW-0358,1.348157,103.695989
JRW-0359,1.348155,103.695888
JRW-035A,1.349503,103.696118
JRW-035B,1.349422,103.696124
JRW-035C,1.34903,103.69669
JRW-035D,1.3497,103.696706
JRW-035E,1.349529,103.6967
JRW-035F,1.350099,103.697007
JRW-0360,1.349252,103.695518
JRW-0361,1.34993,103.694718
JRW-0362,1.349855,103.694663
JRW-0363,1.349608,103.694519
JRW-0364,1.349488,103.694556
JRW-0365,1.349838,103.695633
JRW-0366,1.350152,103.695383
JRW-0367,1.350445,103.695649
JRW-0368,1.350616,103.695397
JRW-0369,1.340495,103.686555
JRW-036A,1.339637,103.686087
JRW-036B,1.340224,103.686069
JRW-036C,1.340262,103.685749
JRW-036D,1.341111,103.685118
JRW-036E,1.341321,103.685397
JRW-036F,1.341162,103.686449
JRW-0370,1.341666,103.68598
JRW-0371,1.341717,103.686032
JRW-0372,1.341754,103.687352
JRW-0373,1.341395,103.688075
JRW-0374,1.341465,103.68783
JRW-0375,1.341036,103.688001
JRW-0376,1.340672,103.687922
JRW-0377,1.340336,103.687969
JRW-0378,1.339921,103.687561
JRW-0379,1.339782,103.688669
JRW-037A,1.339632,103.689266
JRW-037B,1.339814,103.68954
JRW-037C,1.340089,103.689429
JRW-037D,1.340523,103.689058
JRW-037E,1.34092,103.68929
JRW-037F,1.340887,103.689503
JRW-0380,1.341181,103.689507
JRW-0381,1.341764,103.688321
JRW-0382,1.342391,103.688244
JRW-0383,1.342489,103.689574
JRW-0384,1.342876,103.689505
JRW-0385,1.342858,103.689723
JRW-0386,1.342951,103.688722
JRW-0387,1.343301,103.688698
JRW-0388,1.343893,103.688875
JRW-0389,1.343665,103.68856
JRW-038A,1.343921,103.689102
JRW-038B,1.343674,103.689459
JRW-038C,1.34394,103.689639
JRW-038D,1.344476,103.68956
JRW-038E,1.344672,103.689843
JRW-038F,1.343977,103.69014
JRW-0390,1.344243,103.690409
JRW-0391,1.343973,103.690372
JRW-0392,1.344621,103.690821
JRW-0393,1.344332,103.691081
JRW-0394,1.344043,103.691044
JRW-0395,1.343777,103.691493
JRW-0396,1.343175,103.690654
JRW-0397,1.342373,103.690668
JRW-0398,1.342611,103.690562
JRW-0399,1.341188,103.691971
JRW-039A,1.341333,103.692601
JRW-039B,1.340209,103.693375
JRW-039C,1.339784,103.694014
JRW-039D,1.339616,103.693797
JRW-039E,1.340386,103.6942
JRW-039F,1.340157,103.694339
JRW-03A0,1.339266,103.693829
JRW-03A1,1.339346,103.693968
JRW-03A2,1.339043,103.693463
JRW-03A3,1.347751,103.708469
JRW-03A4,1.348439,103.708052
JRW-03A5,1.348854,103.709535
JRW-03A6,1.348963,103.709624
JRW-03A7,1.343085,103.713882
JRW-03A8,1.343016,103.713756
JRW-03A9,1.344088,103.713728
JRW-03AA,1.350107,103.71155
JRW-03AB,1.350154,103.711638
JRW-03AC,1.349898,103.711491
JRW-03AD,1.349855,103.711409
JRW-03AE,1.349871,103.710454
JRW-03AF,1.350006,103.710585
JRW-03B0,1.349974,103.710629
JRW-03B1,1.350952,103.704029
JRW-03B2,1.350955,103.703986
JRW-03B3,1.350978,103.704013
JRW-03B4,1.350307,103.705028
JRW-03B5,1.351431,103.70357
JRW-03B6,1.351407,103.703551
JRW-03B7,1.352297,103.703487
JRW-03B8,1.352288,103.703465
JRW-03B9,1.353193,103.703954
JRW-03BA,1.353173,103.703958
JRW-03BB,1.345478,103.721313
JRW-03BC,1.353332,103.719606
JRW-03BD,1.353233,103.719625
JRW-03BE,1.353405,103.720019
JRW-03BF,1.354242,103.719914
JRW-03C0,1.354261,103.720072
JRW-03C1,1.338296,103.697725
JRW-03C2,1.338502,103.697463
JRW-03C3,1.338024,103.697732
JRW-03C4,1.338018,103.696518
JRW-03C5,1.33714,103.697673
JRW-03C6,1.33667,103.69839
JRW-03C7,1.33692,103.69667
JRW-03C8,1.336072,103.698319
JRW-03C9,1.33558,103.698514
JRW-03CA,1.335455,103.699258
JRW-03CB,1.335286,103.700342
JRW-03CC,1.335392,103.700156
JRW-03CD,1.336861,103.701007
JRW-03CE,1.335824,103.704153
JRW-03CF,1.335976,103.704312
JRW-03D0,1.336961,103.702721
JRW-03D1,1.338901,103.701909
JRW-03D2,1.338502,103.701496
JRW-03D3,1.339168,103.703234
JRW-03D4,1.339113,103.703075
JRW-03D5,1.34013,103.703385
JRW-03D6,1.341804,103.701678
JRW-03D7,1.341751,103.701785
JRW-03D8,1.341848,103.703016
JRW-03D9,1.34286,103.703298
JRW-03DA,1.344156,103.702988
JRW-03DB,1.344115,103.702722
JRW-03DC,1.344193,103.703018
JRW-03DD,1.344322,103.702961
JRW-03DE,1.3439,103.701134
JRW-03DF,1.343824,103.701085
JRW-03E0,1.343771,103.70116
JRW-03E1,1.34443,103.701348
JRW-03E2,1.344469,103.702159
JRW-03E3,1.344574,103.702389
JRW-03E4,1.345427,103.703576
JRW-03E5,1.345306,103.703495
JRW-03E6,1.345472,103.703552
JRW-03E7,1.345545,103.703456
JRW-03E8,1.345836,103.704468
JRW-03E9,1.345891,103.704382
JRW-03EA,1.345898,103.704598
JRW-03EB,1.345825,103.70463
JRW-03EC,1.345768,103.704562
JRW-03ED,1.345731,103.704932
JRW-03EE,1.345644,103.704965
JRW-03EF,1.345576,103.705096
JRW-03F0,1.345136,103.70431
JRW-03F1,1.345024,103.704393
JRW-03F2,1.345094,103.704221
JRW-03F3,1.345086,103.70437
JRW-03F4,1.344235,103.705815
JRW-03F5,1.344159,103.705807
JRW-03F6,1.344599,103.705537
JRW-03F7,1.344386,103.705175
JRW-03F8,1.344465,103.705191
JRW-03F9,1.343965,103.705399
JRW-03FA,1.342575,103.704857
JRW-03FB,1.342674,103.7048
JRW-03FC,1.343928,103.703754
JRW-03FD,1.343908,103.703789
JRW-03FE,1.343224,103.704182
JRW-03FF,1.343334,103.704125
JRW-0400,1.341833,103.704887
JRW-0401,1.341254,103.708452
JRW-0402,1.341207,103.708333
JRW-0403,1.341096,103.707985
JRW-0404,1.34127,103.707894
JRW-0405,1.341145,103.707682
JRW-0406,1.341224,103.707783
JRW-0407,1.348903,103.698085
JRW-0408,1.345038,103.693338
JRW-0409,1.345267,103.694132
JRW-040A,1.337034,103.695055
JRW-040B,1.336568,103.694592
JRW-040C,1.336518,103.695682
JRW-040D,1.335966,103.694639
JRW-040E,1.347908,103.708996
JRW-040F,1.348787,103.708469
JRW-0410,1.348402,103.709676
JRW-0411,1.348218,103.709361
JRW-0412,1.342694,103.714248
JRW-0413,1.342751,103.714361
JRW-0414,1.343741,103.713476
JRW-0415,1.343793,103.713608
JRW-0416,1.350483,103.712056
JRW-0417,1.350534,103.712048
JRW-0418,1.350455,103.712007
JRW-0419,1.349941,103.711004
JRW-041A,1.349918,103.71097
JRW-041B,1.349913,103.711015
JRW-041C,1.350436,103.710717
JRW-041D,1.350493,103.710812
JRW-041E,1.350456,103.704338
JRW-041F,1.3507,103.704963
JRW-0420,1.351484,103.703689
JRW-0421,1.352726,103.703034
JRW-0422,1.352821,103.702248
JRW-0423,1.352799,103.70223
JRW-0424,1.352686,103.702157
JRW-0425,1.352797,103.704696
JRW-0426,1.352844,103.704602
JRW-0427,1.352864,103.704521
JRW-0428,1.354886,103.719938
JRW-0429,1.338498,103.697922
JRW-042A,1.338201,103.698377
JRW-042B,1.338232,103.698232
JRW-042C,1.338022,103.697874
JRW-042D,1.337931,103.696298
JRW-042E,1.337949,103.696376
JRW-042F,1.337934,103.696211
JRW-0430,1.337173,103.698341
JRW-0431,1.336527,103.697776
JRW-0432,1.336013,103.696812
JRW-0433,1.336102,103.697891
JRW-0434,1.336087,103.697681
JRW-0435,1.3356,103.697541
JRW-0436,1.335848,103.699431
JRW-0437,1.335833,103.700821
JRW-0438,1.335972,103.700722
JRW-0439,1.336496,103.700808
JRW-043A,1.336698,103.701588
JRW-043B,1.33668,103.701717
JRW-043C,1.336758,103.701712
JRW-043D,1.336728,103.701837
JRW-043E,1.336824,103.702051
JRW-043F,1.336376,103.704246
JRW-0440,1.336381,103.704116
JRW-0441,1.336118,103.705528
JRW-0442,1.337065,103.703182
JRW-0443,1.338113,103.701571
JRW-0444,1.33836,103.701493
JRW-0445,1.338507,103.703839
JRW-0446,1.338322,103.703561
JRW-0447,1.339721,103.70257
JRW-0448,1.339787,103.702962
JRW-0449,1.339573,103.701854
JRW-044A,1.341133,103.701265
JRW-044B,1.34108,103.70131
JRW-044C,1.341152,103.701388
JRW-044D,1.341018,103.70191
JRW-044E,1.341893,103.703203
JRW-044F,1.343516,103.702658
JRW-0450,1.342772,103.702778
JRW-0451,1.34358,103.702849
JRW-0452,1.342849,103.70292
JRW-0453,1.343419,103.702874
JRW-0454,1.343903,103.70197
JRW-0455,1.344034,103.701816
JRW-0456,1.344492,103.701847
JRW-0457,1.34464,103.701718
JRW-0458,1.344947,103.701769
JRW-0459,1.345148,103.701963
JRW-045A,1.344964,103.701854
JRW-045B,1.34488,103.701807
JRW-045C,1.345165,103.702035
JRW-045D,1.345828,103.70361
JRW-045E,1.34583,103.703461
JRW-045F,1.345872,103.703617
JRW-0460,1.345867,103.703711
JRW-0461,1.345943,103.703745
JRW-0462,1.345809,103.70382
JRW-0463,1.346035,103.70425
JRW-0464,1.346032,103.703945
JRW-0465,1.346029,103.704036
JRW-0466,1.346084,103.704133
JRW-0467,1.3462,103.704198
JRW-0468,1.345495,103.704533
JRW-0469,1.345411,103.704583
JRW-046A,1.345351,103.704481
JRW-046B,1.345306,103.704487
JRW-046C,1.345076,103.70401
JRW-046D,1.345016,103.703865
JRW-046E,1.345105,103.703938
JRW-046F,1.345037,103.703997
JRW-0470,1.343881,103.706016
JRW-0471,1.343878,103.706133
JRW-0472,1.344978,103.705321
JRW-0473,1.345065,103.705321
JRW-0474,1.344785,103.704943
JRW-0475,1.344863,103.704948
JRW-0476,1.343582,103.705656
JRW-0477,1.342928,103.704735
JRW-0478,1.343061,103.704702
JRW-0479,1.343121,103.704817
JRW-047A,1.34377,103.704091
JRW-047B,1.343698,103.704192
JRW-047C,1.342998,103.70419
JRW-047D,1.342899,103.704208
JRW-047E,1.342859,103.70414
JRW-047F,1.342011,103.704554
JRW-0480,1.342068,103.704614
JRW-0481,1.340658,103.708432
JRW-0482,1.340798,103.70869
JRW-0483,1.340698,103.707719
JRW-0484,1.34087,103.707656
JRW-0485,1.337201,103.69535
JRW-0486,1.336585,103.694697
JRW-0487,1.336178,103.695796
JRW-0488,1.335923,103.694764
JRW-0489,1.348439,103.708703
JRW-048A,1.348813,103.70913
JRW-048B,1.348701,103.709026
JRW-048C,1.348585,103.709301
JRW-048D,1.343537,103.713605
JRW-048E,1.343391,103.713791
JRW-048F,1.343344,103.713668
JRW-0490,1.343584,103.713753
JRW-0491,1.350927,103.711554
JRW-0492,1.350194,103.704256
JRW-0493,1.350179,103.704224
JRW-0494,1.35092,103.704805
JRW-0495,1.350948,103.704825
JRW-0496,1.351762,103.7041
JRW-0497,1.352759,103.704038
JRW-0498,1.35343,103.702676
JRW-0499,1.35344,103.70266
JRW-049A,1.353061,103.704684
JRW-049B,1.345105,103.720079
JRW-049C,1.339129,103.697815
JRW-049D,1.338813,103.69779
JRW-049E,1.338317,103.696621
JRW-049F,1.338415,103.696629
JRW-04A0,1.336561,103.697273
JRW-04A1,1.335245,103.696859
JRW-04A2,1.336052,103.697276
JRW-04A3,1.335919,103.699972
JRW-04A4,1.336866,103.700524
JRW-04A5,1.336591,103.701802
JRW-04A6,1.336576,103.701649
JRW-04A7,1.336614,103.703662
JRW-04A8,1.336634,103.703771
JRW-04A9,1.337301,103.704181
JRW-04AA,1.338051,103.702432
JRW-04AB,1.338186,103.703091
JRW-04AC,1.341214,103.702097
JRW-04AD,1.341495,103.702436
JRW-04AE,1.341152,103.702446
JRW-04AF,1.341136,103.702162
JRW-04B0,1.341466,103.702287
JRW-04B1,1.341594,103.703274
JRW-04B2,1.343957,103.701338
JRW-04B3,1.343863,103.701249
JRW-04B4,1.345422,103.704671
JRW-04B5,1.345411,103.70488
JRW-04B6,1.345375,103.704799
JRW-04B7,1.345293,103.704783
JRW-04B8,1.345228,103.704817
JRW-04B9,1.345225,103.704721
JRW-04BA,1.34484,103.703927
JRW-04BB,1.344701,103.703597
JRW-04BC,1.344869,103.703859
JRW-04BD,1.344762,103.703617
JRW-04BE,1.344856,103.70375
JRW-04BF,1.344822,103.703672
JRW-04C0,1.344683,103.703698
JRW-04C1,1.344266,103.70645
JRW-04C2,1.345005,103.705807
JRW-04C3,1.344947,103.705675
JRW-04C4,1.344465,103.704701
JRW-04C5,1.344518,103.704582
JRW-04C6,1.343394,103.705214
JRW-04C7,1.343195,103.704659
JRW-04C8,1.343302,103.704576
JRW-04C9,1.34347,103.70445
JRW-04CA,1.343589,103.704334
JRW-04CB,1.342608,103.704237
JRW-04CC,1.342511,103.704148
JRW-04CD,1.342202,103.704393
JRW-04CE,1.342288,103.704416
JRW-04CF,1.340457,103.708181
JRW-04D0,1.340588,103.708288
JRW-04D1,1.340418,103.708269
JRW-04D2,1.340292,103.707934
JRW-04D3,1.340175,103.707606
JRW-04D4,1.340218,103.707802
JRW-04D5,1.337104,103.695656
JRW-04D6,1.336615,103.695163
JRW-04D7,1.335723,103.695781
JRW-04D8,1.335788,103.695271
JRW-04D9,1.335362,103.69456
JRW-04DA,1.349273,103.709034
JRW-04DB,1.349206,103.708996
JRW-04DC,1.349101,103.709093
JRW-04DD,1.35073,103.711821
JRW-04DE,1.35077,103.711874
JRW-04DF,1.350856,103.711749
JRW-04E0,1.349924,103.70476
JRW-04E1,1.349974,103.704873
JRW-04E2,1.351336,103.704532
JRW-04E3,1.351351,103.704558
JRW-04E4,1.352237,103.703098
JRW-04E5,1.352265,103.70307
JRW-04E6,1.35249,103.702898
JRW-04E7,1.352291,103.704566
JRW-04E8,1.353558,103.702771
JRW-04E9,1.353531,103.702745
JRW-04EA,1.353768,103.704292
JRW-04EB,1.345083,103.719514
JRW-04EC,1.339398,103.697486
JRW-04ED,1.339259,103.697555
JRW-04EE,1.339249,103.697795
JRW-04EF,1.339332,103.69785
JRW-04F0,1.335526,103.699753
JRW-04F1,1.337163,103.700838
JRW-04F2,1.336574,103.702517
JRW-04F3,1.336548,103.702666
JRW-04F4,1.336599,103.702751
JRW-04F5,1.336619,103.702603
JRW-04F6,1.336348,103.703343
JRW-04F7,1.336419,103.702945
JRW-04F8,1.337045,103.704292
JRW-04F9,1.338782,103.702262
JRW-04FA,1.338928,103.702864
JRW-04FB,1.3387,103.702989
JRW-04FC,1.341898,103.702116
JRW-04FD,1.341846,103.70209
JRW-04FE,1.34188,103.701991
JRW-04FF,1.341717,103.702017
JRW-0500,1.341544,103.703071
JRW-0501,1.343633,103.703158
JRW-0502,1.345016,103.70329
JRW-0503,1.345076,103.70329
JRW-0504,1.344903,103.70344
JRW-0505,1.344982,103.703396
JRW-0506,1.33662,103.695294
JRW-0507,1.335785,103.695347
JRW-0508,1.344725,103.719071
JRW-0509,1.350472,103.695602
JRW-050A,1.329252,103.702715
JRW-050C,1.333355,103.710713
JRW-050D,1.333234,103.71033
JRW-050E,1.338342,103.70532
JRW-050F,1.342058,103.69139
JRW-0510,1.34401,103.695885
JRW-0511,1.33914,103.693134
JRW-0512,1.326766,103.720449
JRW-0513,1.332703,103.723196
JRW-0514,1.331895,103.723521
JRW-0515,1.338067,103.718442
JRW-0517,1.352375,103.717334
JRW-0518,1.330063,103.696712
JRW-0519,1.333294,103.696356
JRW-051A,1.330144,103.707974
JRW-051B,1.33862,103.709582
JRW-051C,1.33484,103.70918
JRW-051D,1.33544,103.708976
JRW-051E,1.330245,103.708274
JRW-051F,1.341052,103.696062
JRW-0520,1.342693,103.697966
JRW-0521,1.340968,103.701961
JRW-0522,1.342974,103.703398
JRW-0523,1.348232,103.709321
JRW-0524,1.348461,103.709176
JRW-0525,1.348478,103.709166
JRW-0527,1.348694,103.708115
JRW-0528,1.348874,103.708631
JRW-0529,1.348929,103.708598
JRW-052A,1.348623,103.7097
JRW-052B,1.348349,103.708966
JRW-052C,1.348369,103.708947
JRW-052D,1.348444,103.708814
JRW-052E,1.348728,103.708159
JRW-052F,1.346153,103.703966
JRW-0531,1.347725,103.708551
JRW-0532,1.347725,103.70862
JRW-0533,1.343054,103.713763
JRW-0534,1.3427,103.71437
JRW-0535,1.344349,103.713662
JRW-0536,1.344065,103.713744
JRW-0537,1.344187,103.700727
JRW-0539,1.346495,103.70947
JRW-053A,1.347085,103.70877
JRW-053C,1.344565,103.702538
JRW-053D,1.344672,103.70245
JRW-053E,1.344153,103.700647
JRW-053F,1.349201,103.708889
JRW-0540,1.340898,103.699886
JRW-0541,1.341049,103.698278
JRW-0542,1.342718,103.699449
JRW-0543,1.344212,103.715039
JRW-0544,1.339282,103.699692
JRW-0545,1.339654,103.696537
JRW-0546,1.343209,103.714738
JRW-0547,1.342894,103.714461
JRW-0549,1.343926,103.715115
JRW-054A,1.344829,103.706973
JRW-054B,1.343625,103.712113
JRW-054C,1.34373,103.71083
JRW-054D,1.345606,103.711163
JRW-054E,1.34723,103.713636
JRW-054F,1.3459,103.714316
JRW-0550,1.349021,103.712684
JRW-0551,1.347136,103.708207
JRW-0552,1.335685,103.698299
JRW-0553,1.343935,103.713646
JRW-0554,1.327909,103.698059
JRW-0555,1.35637,103.710653
JRW-0556,1.355716,103.709667
JRW-0557,1.347292,103.701946
JRW-0558,1.357108,103.708696
JRW-0559,1.357803,103.709635
JRW-055A,1.331572,103.698382
JRW-055B,1.340893,103.697113
JRW-055C,1.347289,103.710261
JRW-055D,1.345252,103.714962
JRW-055E,1.349189,103.708863
JRW-055F,1.350984,103.720964
JRW-0560,1.341251,103.712009
JRW-0561,1.330396,103.678978
JRW-0562,1.353252,103.704841
JRW-0563,1.342679,103.694218
JRW-0564,1.333456,103.69667
JRW-0565,1.334387,103.721572
JRW-0566,1.341126,103.697273
JRW-0567,1.341179,103.697235
JRW-0568,1.350342,103.725293
JRW-0569,1.350384,103.725177
JRW-056A,1.337492,103.700631
JRW-056B,1.337886,103.702888
JRW-056C,1.344785,103.703507
JRW-056D,1.340965,103.697296
JRW-056E,1.343995,103.710238
JRW-056F,1.343349,103.711953
JRW-0571,1.342912,103.708155
JRW-0572,1.334758,103.719383
JRW-0573,1.348382,103.711659
JRW-0574,1.346654,103.715848
JRW-0575,1.331555,103.68916
JRW-0576,1.333261,103.690438
JRW-0577,1.334971,103.697865
JRW-0578,1.334675,103.697753
JRW-0579,1.334959,103.700325
JRW-057A,1.334679,103.70077
JRW-057B,1.348047,103.714946
JRW-057C,1.345679,103.715075
JRW-057D,1.346266,103.713342
JRW-057E,1.337748,103.700218
JRW-057F,1.342706,103.695308
JRW-0581,1.338346,103.70527
JRW-0582,1.338302,103.705088
JRW-0583,1.338332,103.705231
JRW-0584,1.338329,103.705216
JRW-0585,1.327924,103.684959
JRW-0586,1.32791,103.688779
JRW-0587,1.327932,103.691094
JRW-0588,1.336051,103.710446
JRW-0589,1.334109,103.714619
JRW-058A,1.349145,103.725664
JRW-058C,1.353191,103.722342
JRW-058E,1.333046,103.707571
JRW-058F,1.348659,103.696418
JRW-0590,1.33766,103.702959
JRW-0591,1.348357,103.704739
JRW-0592,1.348393,103.704717
JRW-0593,1.336289,103.706478
JRW-0594,1.347903,103.713162
JRW-0595,1.34543,103.712878
JRW-0596,1.345424,103.699365
JRW-0597,1.330488,103.709967
JRW-0598,1.349808,103.727208
JRW-0599,1.350731,103.723465
JRW-059A,1.339226,103.698131
JRW-059B,1.350336,103.700654
JRW-059C,1.344542,103.716375
JRW-059D,1.329379,103.693355
JRW-059E,1.347354,103.70108
JRW-059F,1.342787,103.695561
JRW-05A1,1.336697,103.725178
JRW-05A2,1.340943,103.69442
JRW-05A3,1.34068,103.702499
JRW-05A4,1.340942,103.702455
JRW-05A5,1.340106,103.699309
JRW-05A6,1.347837,103.709436
JRW-05A7,1.348156,103.709269
JRW-05A8,1.348142,103.70928
JRW-05A9,1.350556,103.72388
JRW-05AA,1.337262,103.697728
JRW-05AB,1.33726,103.697927
JRW-05AC,1.336262,103.707326
JRW-05AD,1.335031,103.721336
JRW-05AE,1.335453,103.722382
JRW-05AF,1.337422,103.704914
JRW-05B0,1.337352,103.704725
JRW-05B2,1.352593,103.701063
JRW-05B5,1.340562,103.690028
JRW-05B6,1.337998,103.706616
JRW-05B7,1.348147,103.695932
JRW-05B8,1.349562,103.695431
JRW-05B9,1.342956,103.697406
JRW-05BA,1.341881,103.695024
JRW-05BB,1.341856,103.695276
JRW-05BC,1.344377,103.697194
JRW-05BD,1.344377,103.697116
JRW-05BE,1.345422,103.698157
JRW-05BF,1.345418,103.698198
JRW-05C0,1.345329,103.69702
JRW-05C1,1.345813,103.697292
JRW-05C2,1.346426,103.697452
JRW-05C3,1.34643,103.697406
JRW-05C4,1.33897,103.686473
JRW-05C5,1.342428,103.686638
JRW-05C6,1.342381,103.686676
JRW-05C7,1.342597,103.68907
JRW-05C8,1.343004,103.688353
JRW-05C9,1.343326,103.688883
JRW-05CA,1.343781,103.689168
JRW-05CB,1.343487,103.689519
JRW-05CC,1.344232,103.689518
JRW-05CD,1.343832,103.690436
JRW-05CE,1.344708,103.690718
JRW-05CF,1.34373,103.691378
JRW-05D0,1.339789,103.693516
JRW-05D1,1.34073,103.693804
JRW-05D2,1.340702,103.693757
JRW-05D3,1.339451,103.694114
JRW-05D4,1.343983,103.690103
JRW-05D5,1.344513,103.690188
JRW-05D6,1.343928,103.690888
JRW-05D7,1.343569,103.690426
JRW-05D8,1.343056,103.691286
JRW-05D9,1.343046,103.691286
JRW-05DA,1.342519,103.690562
JRW-05DB,1.340357,103.693716
JRW-05DC,1.339399,103.693543
JRW-05DD,1.33918,103.69337
JRW-05DE,1.339647,103.74408
JRW-05DF,1.340001,103.743992
JRW-05E0,1.340326,103.743693
JRW-05E1,1.338606,103.74638
JRW-05E2,1.346587,103.700946
JRW-05E3,1.347394,103.698255
JRW-05E4,1.347154,103.697309
JRW-05E5,1.347058,103.697224
JRW-05E6,1.347979,103.698842
JRW-05E7,1.347957,103.698705
JRW-05E8,1.345324,103.700503
JRW-05E9,1.346488,103.700795
JRW-05EA,1.346587,103.699046
JRW-05EB,1.348425,103.699922
JRW-05EC,1.349745,103.700467
JRW-05ED,1.350156,103.699542
JRW-05EE,1.349413,103.698554
JRW-05EF,1.349883,103.697959
JRW-05F0,1.335464,103.699433
JRW-05F1,1.335815,103.699293
JRW-05F2,1.336126,103.699906
JRW-05F3,1.33558,103.699714
JRW-05F4,1.335545,103.700489
JRW-05F5,1.33592,103.700981
JRW-05F6,1.336926,103.700981
JRW-05F7,1.336544,103.700831
JRW-05F8,1.336804,103.700528
JRW-05F9,1.337189,103.700744
JRW-05FA,1.330085,103.678232
JRW-05FB,1.3495,103.697112
JRW-05FC,1.349335,103.699711
JRW-05FD,1.340215,103.688859
JRW-05FE,1.338997,103.689073
JRW-05FF,1.341307,103.688952
JRW-0600,1.340962,103.68908
JRW-0601,1.340107,103.687095
JRW-0602,1.340003,103.687599
JRW-0603,1.339999,103.688002
JRW-0604,1.339924,103.688673
JRW-0605,1.338069,103.696326
JRW-0606,1.338164,103.697289
JRW-0607,1.338368,103.697515
JRW-0608,1.338232,103.698185
JRW-0609,1.338191,103.697248
JRW-060A,1.339646,103.700296
JRW-060B,1.338472,103.697768
JRW-060C,1.340082,103.700654
JRW-060D,1.341144,103.700557
JRW-060E,1.337951,103.701948
JRW-060F,1.341403,103.699848
JRW-0610,1.340844,103.697977
JRW-0611,1.33865,103.703828
JRW-0612,1.34172,103.698438
JRW-0613,1.342021,103.69846
JRW-0614,1.338978,103.70368
JRW-0615,1.338527,103.702353
JRW-0616,1.338886,103.703214
JRW-0617,1.338962,103.703176
JRW-0618,1.345219,103.70237
JRW-0619,1.344801,103.701516
JRW-061A,1.345256,103.702189
JRW-061B,1.344063,103.702054
JRW-061C,1.344085,103.702782
JRW-061D,1.331964,103.705451
JRW-061E,1.327172,103.724062
JRW-061F,1.327403,103.724102
JRW-0620,1.327621,103.724678
JRW-0621,1.327542,103.724695
JRW-0622,1.327414,103.723062
JRW-0623,1.327566,103.723842
JRW-0624,1.327566,103.723671
JRW-0625,1.327527,103.723689
JRW-0626,1.3342,103.720606
JRW-0627,1.344562,103.702935
JRW-0628,1.342997,103.707672
JRW-062C,1.336965,103.702244
JRW-062D,1.335803,103.705022
JRW-062E,1.33682,103.702825
JRW-062F,1.336728,103.701828
JRW-0630,1.336079,103.704056
JRW-0631,1.343869,103.706171
JRW-0632,1.336402,103.702072
JRW-0633,1.336097,103.705095
JRW-0634,1.33727,103.704274
JRW-0635,1.336397,103.702297
JRW-0636,1.336342,103.702937
JRW-0637,1.336999,103.704149
JRW-0638,1.338357,103.705223
JRW-0639,1.33626,103.724281
JRW-063A,1.335935,103.724478
JRW-063B,1.342336,103.710676
JRW-063C,1.341956,103.710045
JRW-063D,1.341735,103.709453
JRW-063E,1.341307,103.709482
JRW-063F,1.341557,103.710222
JRW-0640,1.341922,103.710795
JRW-0641,1.335362,103.692824
JRW-0642,1.335322,103.6935
JRW-0643,1.335772,103.693836
JRW-0644,1.335855,103.693828
JRW-0645,1.335861,103.693288
JRW-0646,1.333811,103.724863
JRW-0647,1.334223,103.721055
JRW-0648,1.335643,103.721459
JRW-0649,1.335502,103.721083
JRW-064A,1.34408,103.720356
JRW-064B,1.344146,103.72017
JRW-064C,1.344104,103.720154
JRW-064D,1.352621,103.697374
JRW-064E,1.349249,103.721024
JRW-064F,1.346427,103.725432
KAL-0001,1.320416,103.861348
KAL-0002,1.307743,103.862864
KAL-0003,1.324214,103.869557
KAL-0005,1.327505,103.862237
KAL-0006,1.311529,103.872722
KAL-0007,1.311781,103.873154
KAL-0008,1.314089,103.874229
KAL-0009,1.31467,103.874148
KAL-000A,1.314802,103.87419
KFU-7378,1.428812,103.799634
KLG-0001,1.302062,103.862855
KLG-0003,1.306392,103.864578
KLG-0004,1.296485,103.869021
KLG-0005,1.312947,103.859906
KLG-0006,1.311439,103.862381
KLG-0008,1.316183,103.8532
KLG-0009,1.313673,103.851062
KLG-000A,1.309133,103.863597
KLG-000B,1.31029,103.863295
KLG-000C,1.315939,103.851818
KLG-000D,1.328525,103.866442
KLG-000E,1.30943,103.867789
KLG-000F,1.310829,103.873878
KLG-0010,1.319659,103.872223
KLG-0011,1.31654,103.87347
KLG-0012,1.317192,103.873018
KLG-0013,1.3144,103.872512
KLG-0014,1.298102,103.882253
KLG-0015,1.311298,103.870557
KLG-0016,1.31963,103.87444
KLG-0017,1.302469,103.882048
KLG-0018,1.32337,103.858493
KLG-0019,1.302042,103.882826
KLG-001A,1.301351,103.88295
KLG-001B,1.3008,103.883453
KLG-001C,1.300114,103.884227
KLG-001D,1.303609,103.884118
KLG-001E,1.323094,103.861813
KLG-001F,1.321938,103.860874
KLG-0020,1.323411,103.858704
KLG-0021,1.324006,103.867871
KLG-0022,1.320195,103.868193
KLG-0023,1.322729,103.86994
KLG-0024,1.322451,103.870598
KLG-0025,1.323674,103.870071
KLG-0026,1.322392,103.868426
KLG-0027,1.322732,103.869407
KLG-0028,1.312597,103.870457
KLG-0029,1.313981,103.870733
KLG-002A,1.314136,103.86999
KLG-002B,1.314814,103.870444
KLG-002C,1.315507,103.870503
KLG-002D,1.315809,103.871203
KLG-002E,1.315424,103.871981
KLG-002F,1.314979,103.873577
KLG-0031,1.321028,103.866982
KLG-0032,1.320699,103.865424
KLG-0033,1.321744,103.866452
KLG-0034,1.322805,103.865893
KLG-0035,1.323289,103.866431
KLG-0036,1.312176,103.873518
KLG-0038,1.321162,103.861609
KLG-003A,1.320189,103.861237
KLG-003B,1.319813,103.860398
KLG-003C,1.319735,103.859265
KLG-003D,1.319958,103.858979
KLG-003E,1.320318,103.859813
KLG-003F,1.320582,103.86015
KLG-0040,1.321146,103.860626
KLG-0041,1.321442,103.860403
KLG-0042,1.316006,103.860476
KLG-0043,1.315474,103.860382
KLG-0044,1.315095,103.86051
KLG-0045,1.31931,103.862356
KLG-0046,1.319691,103.863616
KLG-0047,1.319969,103.863051
KLG-0048,1.305208,103.860915
KLG-0049,1.303619,103.864805
KLG-004A,1.304551,103.865037
KLG-004B,1.307837,103.85885
KLG-004C,1.307221,103.862045
KLG-004D,1.306986,103.861792
KLG-004E,1.309236,103.861177
KLG-004F,1.307747,103.859789
KLG-0050,1.314238,103.856295
KLG-0051,1.321238,103.870452
KLG-0052,1.323249,103.869497
KLG-0053,1.322144,103.867972
KLG-0055,1.304836,103.862823
KLG-0056,1.313416,103.851789
KLG-0058,1.312334,103.853134
KLG-0059,1.305767,103.867366
KLG-005A,1.327321,103.865902
KLG-005B,1.32615,103.865379
KLG-005C,1.297367,103.875021
KLG-005D,1.312438,103.853071
KLG-005E,1.319356,103.86217
KLG-005F,1.319218,103.862059
KLG-0060,1.320134,103.861589
KLG-0061,1.317957,103.860687
KLG-0062,1.32165,103.871774
KLG-0063,1.321632,103.87152
KLG-0064,1.321206,103.871859
KLG-0065,1.313474,103.863307
KLG-0066,1.313955,103.862961
KLG-0067,1.313955,103.862994
KLG-0068,1.302392,103.874507
KLG-0069,1.302584,103.874503
KLG-006A,1.302865,103.876862
KLG-006B,1.30342,103.876251
KLG-006C,1.303342,103.87654
KLG-006D,1.300207,103.863632
KLG-006E,1.299556,103.864026
KLG-006F,1.311576,103.871256
KLG-0070,1.311491,103.871087
KLG-0071,1.311876,103.871713
KLG-0072,1.311362,103.871397
KLG-0073,1.307779,103.862824
KLG-0074,1.307562,103.863303
KLG-0075,1.307458,103.848539
KLG-0076,1.302604,103.874489
KLG-0077,1.31343,103.863276
KLG-0079,1.303597,103.864776
KLG-007A,1.303893,103.86445
KLG-007B,1.303801,103.864659
KLG-007C,1.304244,103.864868
KLG-007D,1.304626,103.865276
KLG-007E,1.304173,103.865086
KLG-007F,1.304728,103.865064
KLG-0080,1.304737,103.865124
KLG-0081,1.304279,103.864703
KLG-0082,1.3044,103.864896
KLG-0083,1.3046,103.863437
KLG-0084,1.304718,103.863595
KLG-0085,1.304269,103.863779
KLG-0086,1.304352,103.863652
KLG-0087,1.304396,103.863712
KLG-0088,1.304604,103.863928
KLG-0089,1.304648,103.863982
KLG-008A,1.304725,103.863883
KLG-008B,1.304878,103.864276
KLG-008C,1.303992,103.862801
KLG-008D,1.303877,103.862889
KLG-008E,1.303529,103.863072
KLG-008F,1.303406,103.862728
KLG-0090,1.303758,103.862515
KLG-0091,1.305202,103.860872
KLG-0094,1.304979,103.862189
KLG-0095,1.305009,103.862907
KLG-0096,1.305365,103.862656
KLG-0097,1.305304,103.862895
KLG-0098,1.305642,103.863141
KLG-0099,1.307758,103.858951
KLG-009A,1.307596,103.859128
KLG-009B,1.307688,103.85904
KLG-009C,1.307411,103.85916
KLG-009D,1.307889,103.85897
KLG-009E,1.307612,103.85929
KLG-009F,1.307844,103.859027
KLG-00A0,1.307774,103.859096
KLG-00A1,1.307672,103.859198
KLG-00A2,1.307413,103.86092
KLG-00A3,1.307486,103.859992
KLG-00A4,1.308805,103.860974
KLG-00A5,1.30939,103.861465
KLG-00A6,1.309341,103.861524
KLG-00A7,1.309251,103.861405
KLG-00A8,1.307859,103.861381
KLG-00A9,1.307184,103.862027
KLG-00AA,1.307004,103.86183
KLG-00AB,1.30713,103.861153
KLG-00AC,1.308022,103.860267
KLG-00AD,1.307733,103.860142
KLG-00AE,1.313725,103.851582
KLG-00AF,1.313382,103.85189
KLG-00B0,1.313548,103.851741
KLG-00B1,1.313898,103.851433
KLG-00B2,1.313785,103.851542
KLG-00B3,1.313598,103.852479
KLG-00B4,1.313948,103.852194
KLG-00B5,1.312288,103.851864
KLG-00B6,1.312397,103.851992
KLG-00B7,1.311997,103.851608
KLG-00B8,1.311512,103.851148
KLG-00B9,1.311542,103.851231
KLG-00BA,1.311182,103.85186
KLG-00BB,1.311263,103.851797
KLG-00BC,1.316778,103.849371
KLG-00BD,1.316501,103.848964
KLG-00BE,1.31635,103.848514
KLG-00BF,1.315725,103.848535
KLG-00C0,1.315498,103.849857
KLG-00C1,1.315798,103.849602
KLG-00C2,1.315312,103.849443
KLG-00C3,1.315415,103.850297
KLG-00C4,1.315038,103.850701
KLG-00C5,1.315005,103.85083
KLG-00C6,1.314762,103.850006
KLG-00C7,1.315012,103.849873
KLG-00C8,1.314692,103.850257
KLG-00C9,1.314232,103.850509
KLG-00CA,1.312954,103.85014
KLG-00CB,1.312777,103.849956
KLG-00CC,1.31337,103.85117
KLG-00CD,1.313125,103.850867
KLG-00CE,1.316748,103.851034
KLG-00CF,1.316834,103.851226
KLG-00D0,1.316236,103.851686
KLG-00D1,1.316071,103.851564
KLG-00D2,1.317174,103.852619
KLG-00D3,1.314231,103.855437
KLG-00D4,1.31403,103.855532
KLG-00D5,1.314172,103.855379
KLG-00D6,1.314276,103.855495
KLG-00D7,1.313868,103.855062
KLG-00D8,1.31483,103.856093
KLG-00D9,1.314679,103.856229
KLG-00DA,1.314301,103.856602
KLG-00DB,1.314121,103.856614
KLG-00DC,1.315782,103.850426
KLG-00DD,1.315978,103.850595
KLG-00DE,1.315902,103.850526
KLG-00DF,1.314585,103.851065
KLG-00E0,1.32323,103.86182
KLG-00E1,1.323327,103.861708
KLG-00E2,1.323628,103.861323
KLG-00E3,1.323659,103.861285
KLG-00E4,1.323741,103.861215
KLG-00E5,1.323704,103.861257
KLG-00E6,1.323271,103.861767
KLG-00E7,1.32342,103.861582
KLG-00E8,1.323475,103.861524
KLG-00E9,1.32283,103.861077
KLG-00EA,1.323244,103.860545
KLG-00EB,1.32338,103.860667
KLG-00EC,1.323477,103.860749
KLG-00ED,1.323599,103.86086
KLG-00EE,1.323356,103.860644
KLG-00EF,1.323435,103.860722
KLG-00F0,1.323644,103.860893
KLG-00F1,1.323684,103.86092
KLG-00F2,1.323228,103.859723
KLG-00F3,1.323268,103.859628
KLG-00F4,1.323267,103.859556
KLG-00F5,1.323218,103.858963
KLG-00F6,1.323424,103.858685
KLG-00F7,1.323659,103.858878
KLG-00F8,1.32363,103.859148
KLG-00F9,1.323697,103.859699
KLG-00FA,1.323405,103.86004
KLG-00FB,1.323951,103.863163
KLG-00FC,1.323089,103.863253
KLG-00FD,1.323244,103.863242
KLG-00FE,1.323183,103.862663
KLG-00FF,1.323913,103.861856
KLG-0100,1.324386,103.861851
KLG-0101,1.324488,103.862009
KLG-0102,1.324294,103.862995
KLG-0103,1.324034,103.86278
KLG-0104,1.324168,103.862889
KLG-0105,1.323959,103.862598
KLG-0106,1.321408,103.859123
KLG-0107,1.321489,103.859069
KLG-0108,1.32214,103.858818
KLG-0109,1.321591,103.858452
KLG-010A,1.32129,103.85821
KLG-010B,1.32117,103.858832
KLG-010C,1.3211,103.858925
KLG-010D,1.319708,103.85721
KLG-010E,1.319889,103.856965
KLG-010F,1.319305,103.85683
KLG-0110,1.319356,103.856737
KLG-0111,1.319558,103.857111
KLG-0112,1.319248,103.856534
KLG-0113,1.318931,103.856357
KLG-0114,1.318901,103.857135
KLG-0115,1.318967,103.857066
KLG-0116,1.318181,103.856728
KLG-0117,1.318009,103.856594
KLG-0118,1.318094,103.856656
KLG-0119,1.322151,103.860267
KLG-011A,1.322175,103.860398
KLG-011B,1.324869,103.862691
KLG-011C,1.324853,103.862764
KLG-011D,1.32484,103.862255
KLG-011E,1.32526,103.862498
KLG-011F,1.320459,103.860451
KLG-0120,1.320409,103.860439
KLG-0121,1.320517,103.860567
KLG-0122,1.320534,103.860532
KLG-0123,1.32101,103.861511
KLG-0124,1.321082,103.861566
KLG-0125,1.320468,103.861073
KLG-0126,1.320377,103.860991
KLG-0127,1.320191,103.86074
KLG-0128,1.319726,103.860503
KLG-0129,1.319344,103.859769
KLG-012A,1.319398,103.860278
KLG-012B,1.319244,103.860128
KLG-012C,1.319784,103.860437
KLG-012D,1.321823,103.859635
KLG-012E,1.321947,103.859476
KLG-012F,1.322004,103.859407
KLG-0130,1.322427,103.860869
KLG-0131,1.322344,103.860802
KLG-0132,1.31947,103.861107
KLG-0133,1.319142,103.860802
KLG-0134,1.320648,103.861978
KLG-0135,1.320934,103.862215
KLG-0136,1.320214,103.861823
KLG-0137,1.320862,103.8619
KLG-0138,1.320916,103.861832
KLG-013C,1.3195,103.860772
KLG-013F,1.319938,103.861381
KLG-0140,1.321227,103.861242
KLG-0141,1.320714,103.860877
KLG-0142,1.32151,103.860036
KLG-0143,1.321561,103.860051
KLG-0144,1.321404,103.860114
KLG-0145,1.321389,103.86023
KLG-0147,1.320163,103.859183
KLG-0148,1.320199,103.859024
KLG-0149,1.321305,103.860685
KLG-014A,1.321374,103.860515
KLG-014B,1.321377,103.860661
KLG-014C,1.321462,103.860655
KLG-014D,1.321356,103.860688
KLG-014E,1.321184,103.860604
KLG-014F,1.319726,103.859596
KLG-0150,1.320874,103.860191
KLG-0151,1.320618,103.860167
KLG-0152,1.320642,103.860275
KLG-0153,1.320808,103.86038
KLG-0154,1.320856,103.860156
KLG-0155,1.320844,103.860356
KLG-0156,1.320157,103.859766
KLG-0157,1.320374,103.859778
KLG-0158,1.320419,103.859775
KLG-0159,1.320118,103.859766
KLG-015A,1.320443,103.860012
KLG-015B,1.320401,103.859985
KLG-015C,1.320118,103.859721
KLG-015D,1.316227,103.860023
KLG-015E,1.315818,103.859688
KLG-015F,1.315655,103.859835
KLG-0161,1.317104,103.860679
KLG-0162,1.316848,103.861912
KLG-0163,1.316489,103.861637
KLG-0164,1.31605,103.861292
KLG-0165,1.316001,103.861484
KLG-0166,1.315333,103.860101
KLG-0167,1.318149,103.86143
KLG-0168,1.318821,103.861574
KLG-0169,1.318213,103.861343
KLG-016A,1.318192,103.86296
KLG-016B,1.31886,103.862855
KLG-016C,1.318716,103.863038
KLG-016D,1.318701,103.863346
KLG-016E,1.319406,103.863292
KLG-016F,1.319445,103.863496
KLG-0170,1.3198,103.863789
KLG-0171,1.31958,103.863253
KLG-0172,1.319948,103.863388
KLG-0173,1.319906,103.862873
KLG-0174,1.319517,103.862556
KLG-0175,1.319626,103.862316
KLG-0176,1.322078,103.866454
KLG-0177,1.322575,103.866697
KLG-0178,1.32281,103.866853
KLG-017A,1.322815,103.865989
KLG-017B,1.324333,103.866435
KLG-017C,1.324445,103.868194
KLG-017D,1.324011,103.867902
KLG-017E,1.324196,103.868624
KLG-017F,1.323761,103.868326
KLG-0180,1.323528,103.869297
KLG-0181,1.323452,103.869345
KLG-0182,1.323279,103.869464
KLG-0183,1.323174,103.869543
KLG-0184,1.323388,103.86788
KLG-0185,1.323273,103.868081
KLG-0186,1.323377,103.867913
KLG-0187,1.323392,103.867985
KLG-0188,1.3226,103.868184
KLG-0189,1.322913,103.868268
KLG-018A,1.322877,103.869194
KLG-018B,1.322833,103.869133
KLG-018C,1.322762,103.869324
KLG-018D,1.322443,103.869423
KLG-018E,1.322408,103.869368
KLG-018F,1.322193,103.869096
KLG-0190,1.322497,103.869558
KLG-0191,1.322386,103.869302
KLG-0192,1.322321,103.869345
KLG-0193,1.321972,103.868718
KLG-0194,1.321874,103.868546
KLG-0195,1.321681,103.868316
KLG-0196,1.321726,103.868281
KLG-0197,1.321283,103.868729
KLG-0198,1.320992,103.868193
KLG-0199,1.321413,103.867873
KLG-019A,1.320634,103.868735
KLG-019B,1.320331,103.868218
KLG-019C,1.320416,103.86817
KLG-019D,1.320696,103.867938
KLG-019E,1.32076,103.867894
KLG-019F,1.319672,103.868238
KLG-01A0,1.320059,103.867948
KLG-01A1,1.320108,103.867915
KLG-01A2,1.319763,103.868189
KLG-01A3,1.320062,103.86869
KLG-01A4,1.320184,103.868617
KLG-01A5,1.3208,103.870136
KLG-01A6,1.320843,103.870108
KLG-01A7,1.321807,103.869108
KLG-01A8,1.322515,103.869961
KLG-01A9,1.321361,103.870462
KLG-01AA,1.322336,103.87079
KLG-01AB,1.322395,103.870748
KLG-01AC,1.322961,103.870404
KLG-01AD,1.322157,103.871637
KLG-01AE,1.322351,103.871866
KLG-01AF,1.32219,103.871643
KLG-01B0,1.322723,103.87141
KLG-01B1,1.322559,103.871134
KLG-01B2,1.322681,103.871404
KLG-01B3,1.322963,103.871078
KLG-01B4,1.323,103.87109
KLG-01B5,1.322912,103.870929
KLG-01B6,1.323106,103.871262
KLG-01B7,1.322871,103.870865
KLG-01B8,1.323419,103.870482
KLG-01B9,1.32333,103.870344
KLG-01BA,1.32368,103.870184
KLG-01BB,1.323719,103.870196
KLG-01BC,1.323811,103.870358
KLG-01BD,1.316601,103.861292
KLG-01BE,1.315143,103.86041
KLG-01BF,1.314977,103.860523
KLG-01C0,1.315055,103.860335
KLG-01C1,1.319996,103.866631
KLG-01C2,1.319966,103.866709
KLG-01C3,1.320207,103.867038
KLG-01C4,1.320098,103.866413
KLG-01C5,1.3222,103.868132
KLG-01C6,1.315489,103.86041
KLG-01C7,1.315628,103.860128
KLG-01C8,1.320725,103.867008
KLG-01C9,1.322155,103.868464
KLG-01CA,1.322469,103.868539
KLG-01CB,1.315842,103.860676
KLG-01CC,1.315893,103.860526
KLG-01CD,1.315881,103.860466
KLG-01CE,1.31595,103.860712
KLG-01CF,1.315917,103.860826
KLG-01D0,1.316089,103.860544
KLG-01D1,1.32137,103.867011
KLG-01D2,1.321283,103.867008
KLG-01D3,1.321328,103.866996
KLG-01D4,1.32112,103.866999
KLG-01D5,1.321671,103.866987
KLG-01D6,1.3128,103.873035
KLG-01D7,1.312923,103.872949
KLG-01D8,1.314146,103.871054
KLG-01D9,1.314175,103.87112
KLG-01DA,1.314239,103.871298
KLG-01DB,1.314023,103.870706
KLG-01DC,1.314078,103.870874
KLG-01DD,1.313993,103.870128
KLG-01DE,1.314058,103.8701
KLG-01DF,1.314434,103.870301
KLG-01E0,1.315808,103.8711
KLG-01E1,1.315698,103.870832
KLG-01E2,1.31539,103.87194
KLG-01E3,1.315178,103.871402
KLG-01E4,1.314702,103.87228
KLG-01E5,1.315617,103.874158
KLG-01E6,1.315515,103.874206
KLG-01E7,1.314978,103.873386
KLG-01E8,1.315692,103.874107
KLG-01E9,1.318113,103.87412
KLG-01EA,1.317962,103.87415
KLG-01EB,1.318649,103.874156
KLG-01EC,1.318824,103.874276
KLG-01ED,1.313686,103.872136
KLG-01EE,1.313849,103.872449
KLG-01EF,1.313005,103.870947
KLG-01F0,1.313002,103.869846
KLG-01F1,1.313011,103.870123
KLG-01F2,1.312947,103.869687
KLG-01F3,1.313023,103.870014
KLG-01F4,1.312942,103.870116
KLG-01F5,1.312992,103.869894
KLG-01F6,1.313244,103.870058
KLG-01F7,1.312351,103.873828
KLG-01F8,1.312186,103.873909
KLG-01F9,1.311758,103.873673
KLG-01FA,1.311583,103.874185
KLG-01FB,1.313708,103.871661
KLG-01FC,1.31423,103.872711
KLG-01FD,1.312333,103.869973
KLG-01FE,1.312639,103.870118
KLG-01FF,1.312535,103.869807
KLG-0200,1.312537,103.869989
KLG-0201,1.312727,103.870155
KLG-0202,1.312426,103.870008
KLG-0203,1.312492,103.870179
KLG-0204,1.313144,103.871981
KLG-0205,1.313965,103.873021
KLG-0206,1.313192,103.870898
KLG-0207,1.313352,103.870848
KLG-0208,1.313275,103.870938
KLG-0209,1.313226,103.870889
KLG-020A,1.313284,103.870685
KLG-020B,1.313212,103.870816
KLG-020C,1.313324,103.870903
KLG-020D,1.313118,103.872524
KLG-020E,1.313476,103.8727
KLG-020F,1.30355,103.883675
KLG-0210,1.30357,103.883936
KLG-0211,1.303146,103.883597
KLG-0212,1.303156,103.884316
KLG-0213,1.30286,103.883636
KLG-0214,1.302962,103.884337
KLG-0215,1.301878,103.883706
KLG-0216,1.301847,103.884374
KLG-0217,1.301918,103.883639
KLG-0218,1.301587,103.883722
KLG-0219,1.30155,103.884342
KLG-021A,1.301579,103.883615
KLG-021B,1.301301,103.883719
KLG-021C,1.301267,103.884324
KLG-021D,1.301301,103.883605
KLG-021E,1.302159,103.883607
KLG-021F,1.302812,103.883352
KLG-0220,1.302684,103.882812
KLG-0221,1.301747,103.883216
KLG-0222,1.301965,103.882995
KLG-0223,1.301634,103.882656
KLG-0224,1.301805,103.882466
KLG-0225,1.301503,103.882812
KLG-0226,1.300824,103.883936
KLG-0227,1.300855,103.883435
KLG-0228,1.300184,103.884095
KLG-0229,1.302382,103.884097
KLG-022A,1.3179,103.860118
KLG-022B,1.317338,103.859667
KLG-022C,1.317865,103.860674
KLG-022D,1.319237,103.861843
KLG-022E,1.317518,103.859813
KLG-0230,1.310991,103.871164
KLG-0231,1.307764,103.862807
KLG-0232,1.312051,103.855722
KLG-0233,1.311638,103.847945
KLG-0234,1.307536,103.862717
KLG-0235,1.312481,103.85484
KLG-0236,1.321229,103.87189
KLG-0237,1.313598,103.860929
KLG-0238,1.319707,103.873359
KLG-0239,1.32119,103.873784
KLG-023A,1.296507,103.868731
KLG-023B,1.311753,103.871464
KLG-023C,1.297474,103.867336
KLG-023D,1.29733,103.876714
KLG-023E,1.297056,103.870949
KLG-023F,1.30585,103.864193
KLG-0240,1.31587,103.872465
KLG-0241,1.300515,103.884395
KLG-0242,1.295317,103.86758
KLG-0243,1.300198,103.863602
KLG-0244,1.30592,103.869297
KLG-0245,1.29957,103.864056
KLG-0247,1.307129,103.875562
KLG-0248,1.301922,103.863184
KLG-0249,1.315065,103.872826
KLG-024A,1.300586,103.877084
KLG-024B,1.307741,103.864282
KLG-024C,1.300265,103.862356
KLG-024D,1.300118,103.862858
KLG-024E,1.316538,103.85053
KLG-024F,1.315778,103.847128
KLG-0250,1.324812,103.865607
KLG-0251,1.312361,103.85511
KLG-0252,1.31215,103.848505
KLG-0254,1.301612,103.875383
KLG-0255,1.305137,103.872431
KLG-0256,1.32171,103.862401
KLG-0257,1.321751,103.862427
KLG-0258,1.322502,103.862528
KLG-0259,1.322591,103.862483
KLG-025A,1.322663,103.862376
KLG-025B,1.322524,103.862232
KLG-025C,1.322521,103.862314
KLG-025D,1.321682,103.862068
KLG-025E,1.321736,103.862102
KLG-025F,1.321745,103.861982
KLG-0260,1.321786,103.861945
KLG-0261,1.321986,103.8618
KLG-0262,1.322035,103.861799
KLG-0263,1.309768,103.86731
KLG-0264,1.305047,103.878803
KLG-0265,1.302612,103.874486
KLG-0266,1.302156,103.874554
KLG-0267,1.302156,103.874554
KLG-0268,1.297746,103.86714
KLG-0269,1.297769,103.867368
KLG-026A,1.319354,103.872097
KLG-026B,1.297148,103.875653
KLG-026C,1.297769,103.873312
KLG-026D,1.297934,103.882502
KLG-026E,1.297796,103.879934
KLG-026F,1.321198,103.864212
KLG-0270,1.316723,103.860412
KLG-0271,1.320129,103.866317
KLG-0272,1.320394,103.861336
KLG-0273,1.296623,103.873389
KLG-0274,1.314365,103.86592
KLG-0275,1.322422,103.866157
KLG-0276,1.314154,103.865728
KLG-0277,1.31238,103.851963
KLG-0278,1.311731,103.851344
KLG-0279,1.311967,103.851776
LCK-0001,1.439617,103.734092
LCK-0002,1.439076,103.735419
LCK-0003,1.445149,103.729961
LCK-0004,1.420036,103.706988
LCK-0005,1.440595,103.727941
LCK-0006,1.437093,103.725479
LCK-0007,1.427593,103.705901
LCK-0008,1.420127,103.719905
MAE-0001,1.294422,103.878253
MAE-0002,1.293901,103.878869
MAE-0003,1.292972,103.876168
MHJ-0001,1.289789,103.798204
MND-0002,1.427439,103.826526
MND-0004,1.444845,103.810647
MND-0005,1.434726,103.823541
MRE-0001,1.297228,103.871494
MRP-0001,1.301495,103.897448
MRP-0002,1.302719,103.899203
MRP-0003,1.307985,103.895234
MRP-0004,1.300624,103.897376
MRP-0005,1.312432,103.906902
MRP-0006,1.301022,103.88642
MRP-0007,1.300495,103.889369
MRP-0008,1.300503,103.888399
MRP-0009,1.303302,103.884764
MRP-000A,1.303794,103.901444
MRP-000B,1.30042,103.908207
MRP-000C,1.298104,103.90566
MRP-000E,1.304966,103.90151
MRP-000F,1.304037,103.91339
MRP-0010,1.303446,103.913236
MRP-0011,1.302862,103.913082
MRP-0012,1.304294,103.911108
MRP-0013,1.303712,103.91169
MRP-0014,1.303204,103.912152
MRP-0015,1.30266,103.912431
MRP-0016,1.304054,103.912365
MRP-0017,1.303274,103.91276
MRP-0018,1.30545,103.912904
MRP-0019,1.304848,103.913125
MRP-001A,1.304535,103.912379
MRP-001B,1.304879,103.912673
MRP-001C,1.305563,103.912167
MRP-001D,1.303629,103.908863
MRP-001E,1.302883,103.908503
MRP-001F,1.302878,103.909373
MRP-0020,1.301995,103.90876
MRP-0021,1.302135,103.909762
MRP-0022,1.30335,103.909545
MRP-0023,1.303892,103.910101
MRP-0024,1.304381,103.90942
MRP-0025,1.304665,103.908974
MRP-0026,1.304214,103.908439
MRP-0027,1.303742,103.908438
MRP-0028,1.303529,103.907222
MRP-0029,1.303451,103.907606
MRP-002A,1.303014,103.907901
MRP-002B,1.301967,103.90853
MRP-002C,1.301502,103.908351
MRP-002D,1.301476,103.90775
MRP-002E,1.30192,103.908004
MRP-002F,1.302326,103.907316
MRP-0030,1.302973,103.906341
MRP-0031,1.301567,103.906758
MRP-0032,1.304938,103.918522
MRP-0033,1.304382,103.918062
MRP-0034,1.304215,103.917643
MRP-0035,1.305188,103.917368
MRP-0036,1.304565,103.916894
MRP-0037,1.303871,103.916167
MRP-0038,1.304363,103.917253
MRP-0039,1.304138,103.916117
MRP-003A,1.304534,103.915624
MRP-003B,1.304109,103.915702
MRP-003C,1.303496,103.915517
MRP-003D,1.304868,103.913532
MRP-003E,1.304387,103.913617
MRP-003F,1.303644,103.914487
MRP-0040,1.30323,103.914469
MRP-0041,1.30467,103.915111
MRP-0042,1.303865,103.915131
MRP-0043,1.306316,103.916576
MRP-0044,1.305842,103.916702
MRP-0045,1.305232,103.915006
MRP-0046,1.305438,103.9142
MRP-0047,1.305981,103.915318
MRP-0048,1.306054,103.914156
MRP-0049,1.309308,103.899295
MRP-004B,1.295047,103.893369
MRP-004D,1.297658,103.901383
MRP-004F,1.30115,103.912864
MRP-0050,1.301233,103.91318
MRP-0051,1.301954,103.913333
MRP-0052,1.302043,103.91374
MRP-0053,1.301403,103.914159
MRP-0054,1.301664,103.896821
MRP-0055,1.304747,103.893036
MRP-0056,1.309021,103.892708
MRP-0057,1.305822,103.896111
MRP-0058,1.302089,103.900773
MRP-0059,1.298261,103.894512
MRP-005A,1.304862,103.918678
MRP-005B,1.304878,103.918559
MRP-005C,1.304787,103.918543
MRP-005D,1.304746,103.918674
MRP-005E,1.304502,103.918223
MRP-005F,1.304523,103.91812
MRP-0060,1.30442,103.918198
MRP-0061,1.304374,103.918243
MRP-0062,1.304015,103.917746
MRP-0063,1.304068,103.917771
MRP-0064,1.304085,103.917664
MRP-0065,1.304149,103.917675
MRP-0066,1.304011,103.917816
MRP-0067,1.305076,103.918038
MRP-0068,1.305163,103.917369
MRP-0069,1.305138,103.917472
MRP-006A,1.305072,103.918116
MRP-006B,1.30508,103.917944
MRP-006C,1.305138,103.917546
MRP-006D,1.304572,103.91716
MRP-006E,1.304535,103.917402
MRP-006F,1.304548,103.917303
MRP-0070,1.304514,103.917517
MRP-0071,1.304601,103.916975
MRP-0072,1.303777,103.916762
MRP-0073,1.303808,103.916505
MRP-0074,1.303833,103.916312
MRP-0075,1.303769,103.916854
MRP-0076,1.303872,103.917201
MRP-0077,1.304337,103.917254
MRP-0078,1.303823,103.917203
MRP-0079,1.304097,103.917225
MRP-007A,1.303994,103.917217
MRP-007B,1.304114,103.916122
MRP-007C,1.304267,103.916134
MRP-007D,1.304448,103.916138
MRP-007E,1.304595,103.916162
MRP-007F,1.305562,103.912962
MRP-0080,1.304517,103.915828
MRP-0081,1.304521,103.915758
MRP-0082,1.303945,103.915668
MRP-0083,1.304093,103.915516
MRP-0084,1.303951,103.915602
MRP-0085,1.303381,103.915502
MRP-0086,1.303389,103.915436
MRP-0087,1.304829,103.914199
MRP-0088,1.304893,103.913659
MRP-0089,1.304387,103.914205
MRP-008A,1.304393,103.914121
MRP-008B,1.304432,103.91378
MRP-008C,1.304401,103.913973
MRP-008D,1.303775,103.914353
MRP-008E,1.303837,103.913858
MRP-008F,1.303767,103.914513
MRP-0090,1.303226,103.914472
MRP-0091,1.303203,103.914636
MRP-0092,1.304791,103.914853
MRP-0093,1.303974,103.914821
MRP-0094,1.304079,103.91345
MRP-0095,1.303972,103.91347
MRP-0096,1.303947,103.913405
MRP-0097,1.303472,103.913405
MRP-0098,1.30348,103.913298
MRP-0099,1.30336,103.913269
MRP-009A,1.302902,103.91315
MRP-009B,1.302786,103.913154
MRP-009C,1.302803,103.913085
MRP-009D,1.304236,103.911349
MRP-009E,1.304302,103.910856
MRP-009F,1.30429,103.910988
MRP-00A0,1.304265,103.911111
MRP-00A1,1.304228,103.911484
MRP-00A2,1.30372,103.911763
MRP-00A3,1.303782,103.911148
MRP-00A4,1.30374,103.911611
MRP-00A5,1.303761,103.911295
MRP-00A6,1.303269,103.911505
MRP-00A7,1.303203,103.911964
MRP-00A8,1.303249,103.911648
MRP-00A9,1.302745,103.91187
MRP-00AA,1.302712,103.91203
MRP-00AB,1.302691,103.912124
MRP-00AC,1.302679,103.912366
MRP-00AD,1.302666,103.912502
MRP-00AE,1.303794,103.912354
MRP-00AF,1.304124,103.912042
MRP-00B0,1.303955,103.912424
MRP-00B1,1.304104,103.912264
MRP-00B2,1.304112,103.912153
MRP-00B3,1.30303,103.912707
MRP-00B4,1.302927,103.912609
MRP-00B5,1.303146,103.912802
MRP-00B6,1.303327,103.912789
MRP-00B7,1.305549,103.913052
MRP-00B8,1.305554,103.91313
MRP-00B9,1.304781,103.913035
MRP-00BA,1.30469,103.913007
MRP-00BB,1.30476,103.913191
MRP-00BC,1.304686,103.913187
MRP-00BD,1.304628,103.913187
MRP-00BE,1.30481,103.913196
MRP-00BF,1.304612,103.912137
MRP-00C0,1.304558,103.912625
MRP-00C1,1.304513,103.912843
MRP-00C2,1.304537,103.912773
MRP-00C3,1.304604,103.912297
MRP-00C4,1.305682,103.912375
MRP-00C5,1.30562,103.912289
MRP-00C6,1.305504,103.912248
MRP-00C7,1.305384,103.912243
MRP-00C8,1.305268,103.912227
MRP-00C9,1.30514,103.912202
MRP-00CA,1.305037,103.912202
MRP-00CB,1.306297,103.916335
MRP-00CC,1.306313,103.916183
MRP-00CD,1.30633,103.916011
MRP-00CE,1.306293,103.916655
MRP-00CF,1.30635,103.915851
MRP-00D0,1.30626,103.91654
MRP-00D1,1.306412,103.915806
MRP-00D2,1.305809,103.916663
MRP-00D3,1.3059,103.915949
MRP-00D4,1.305095,103.916749
MRP-00D5,1.305277,103.91535
MRP-00D6,1.305289,103.915215
MRP-00D7,1.305446,103.914004
MRP-00D8,1.305475,103.91384
MRP-00D9,1.305413,103.914291
MRP-00DA,1.3055,103.913676
MRP-00DB,1.305991,103.915284
MRP-00DC,1.305909,103.915358
MRP-00DD,1.305971,103.915403
MRP-00DE,1.305843,103.91384
MRP-00E0,1.303536,103.908672
MRP-00E1,1.3033,103.908336
MRP-00E2,1.303234,103.908918
MRP-00E3,1.303057,103.908672
MRP-00E4,1.30254,103.908795
MRP-00E5,1.3029,103.909329
MRP-00E6,1.302627,103.908951
MRP-00E7,1.302826,103.909218
MRP-00E8,1.302297,103.909062
MRP-00E9,1.302574,103.909468
MRP-00EA,1.301938,103.909173
MRP-00EB,1.302148,103.909579
MRP-00EC,1.302132,103.909784
MRP-00ED,1.302041,103.909333
MRP-00EE,1.303416,103.909558
MRP-00EF,1.303404,103.90969
MRP-00F0,1.303379,103.910002
MRP-00F1,1.303949,103.909788
MRP-00F2,1.30392,103.909998
MRP-00F3,1.304465,103.909587
MRP-00F4,1.304391,103.909329
MRP-00F5,1.304527,103.909037
MRP-00F6,1.30461,103.908984
MRP-00F7,1.304354,103.908414
MRP-00F8,1.304259,103.908286
MRP-00F9,1.303879,103.908389
MRP-00FA,1.303804,103.90843
MRP-00FB,1.303813,103.907386
MRP-00FC,1.303581,103.907028
MRP-00FD,1.303862,103.907455
MRP-00FE,1.30333,103.907332
MRP-00FF,1.303263,103.907242
MRP-0100,1.303106,103.907958
MRP-0101,1.302826,103.907554
MRP-0102,1.302871,103.90764
MRP-0103,1.30302,103.907835
MRP-0104,1.302049,103.908524
MRP-0105,1.302008,103.908475
MRP-0106,1.302032,103.90866
MRP-0108,1.301558,103.908487
MRP-0109,1.301483,103.908372
MRP-010A,1.301545,103.907892
MRP-010B,1.301615,103.907851
MRP-010C,1.301516,103.907728
MRP-010D,1.301876,103.907043
MRP-010E,1.301421,103.906563
MRP-010F,1.30152,103.907145
MRP-0110,1.305648,103.91551
MRP-0111,1.305768,103.9159
MRP-0113,1.300642,103.892524
MRP-0114,1.300702,103.893301
MRP-0115,1.30645,103.916042
MRP-0116,1.306212,103.909467
MRP-0117,1.307532,103.906596
MRP-0118,1.305128,103.903813
MRP-0119,1.304546,103.90261
MRP-011A,1.302277,103.898706
MRP-011D,1.303587,103.901547
MRP-011F,1.30399,103.885448
MRP-0120,1.294988,103.884927
MRP-0122,1.305028,103.90944
MRP-0124,1.297354,103.886066
MRP-0125,1.301895,103.915866
MRP-0126,1.301474,103.913583
MRP-0127,1.31161,103.911013
MRP-0128,1.307029,103.906717
MRP-0129,1.301373,103.912899
MRP-012A,1.306684,103.895323
MRP-012B,1.307896,103.894737
MRP-012C,1.307153,103.891468
MRP-012D,1.302161,103.886038
MRP-012E,1.302182,103.906812
MRP-012F,1.308405,103.924172
MRP-0130,1.300693,103.886343
MRP-0131,1.304371,103.89659
MRP-0133,1.296476,103.899914
MRP-0134,1.296595,103.900513
MRP-0136,1.299012,103.897564
MRP-0137,1.299404,103.897222
MRP-0138,1.299522,103.897858
MRP-0139,1.297471,103.887096
MRP-013A,1.297468,103.886762
MRP-013B,1.302264,103.904462
MRP-013C,1.304534,103.908248
MRP-013F,1.30265,103.905838
MRP-0140,1.30665,103.915496
MRP-0141,1.301641,103.90123
MRP-0142,1.301318,103.89919
MRS-0001,1.279824,103.866556
MRS-0003,1.280074,103.870828
MRS-0005,1.277496,103.854269
MRS-0006,1.282418,103.862117
MRS-0009,1.282162,103.869003
MRS-000B,1.279791,103.865083
MRS-000C,1.279708,103.864459
MRS-000D,1.280692,103.866721
MRS-000E,1.276612,103.860804
MUS-0001,1.2926,103.844657
MUS-0002,1.296909,103.843626
MUS-0003,1.296316,103.844076
MUS-0004,1.299342,103.845298
MUS-0005,1.299212,103.84592
MUS-0006,1.299958,103.846216
MUS-0007,1.298217,103.849908
MUS-0008,1.298088,103.849805
MUS-0009,1.292677,103.844649
MUS-000A,1.292646,103.844634
MUS-000C,1.291021,103.84865
MUS-000D,1.298668,103.845503
MUS-000E,1.29717,103.84802
MUS-000F,1.294745,103.843906
MUS-0010,1.294195,103.850243
MUS-0011,1.298096,103.847779
MUS-0012,1.29662,103.851284
MUS-0013,1.297602,103.850094
MUS-0014,1.297644,103.850508
MUS-0015,1.29934,103.845304
MUS-0016,1.298724,103.845476
MUS-0017,1.29879,103.845876
MUS-0018,1.298636,103.846463
NET-0001,1.311292,103.836782
NET-0002,1.312044,103.840278
NET-0003,1.310988,103.835815
NET-0004,1.316523,103.835711
NET-0005,1.312655,103.830363
NET-0006,1.313707,103.837722
NET-0007,1.313762,103.837681
NET-0008,1.312152,103.838124
NET-0009,1.306038,103.841145
NET-000A,1.305885,103.837477
NET-000C,1.320158,103.82601
NET-000D,1.312626,103.838061
NET-000E,1.312645,103.837745
NET-000F,1.312798,103.838259
NOV-0001,1.327644,103.840956
NOV-0002,1.326003,103.84854
NOV-0004,1.319756,103.829791
NOV-0005,1.325858,103.83444
NOV-0006,1.325794,103.842742
NOV-0007,1.32821,103.844011
NOV-0009,1.318798,103.846617
NOV-000B,1.328594,103.849549
NOV-000D,1.323672,103.853842
NOV-000E,1.325444,103.854887
NOV-0010,1.328296,103.860106
NOV-0011,1.326999,103.860534
NOV-0012,1.32399,103.856227
NOV-0013,1.323462,103.857018
NOV-0014,1.323149,103.856927
NOV-0016,1.322323,103.855004
NOV-0017,1.321976,103.855814
NOV-0018,1.322135,103.85622
NOV-0019,1.321566,103.85572
NOV-001A,1.321556,103.855272
NOV-001B,1.321455,103.854019
NOV-001C,1.320822,103.853894
NOV-001D,1.320815,103.854273
NOV-001E,1.320453,103.85375
NOV-001F,1.320956,103.853196
NOV-0020,1.326363,103.857816
NOV-0021,1.326888,103.856903
NOV-0022,1.326336,103.856278
NOV-0023,1.328453,103.854031
NOV-0024,1.327305,103.85264
NOV-0025,1.318934,103.849139
NOV-0026,1.325342,103.853845
NOV-0027,1.324099,103.826958
NOV-0028,1.325826,103.825515
NOV-0029,1.327686,103.82303
NOV-002A,1.311071,103.843355
NOV-002C,1.323367,103.815766
NOV-002D,1.328526,103.84292
NOV-002F,1.31255,103.842911
NOV-0030,1.320747,103.854388
NOV-0031,1.326883,103.859762
NOV-0032,1.326794,103.859793
NOV-0033,1.326954,103.860093
NOV-0034,1.326288,103.859985
NOV-0035,1.326199,103.860019
NOV-0036,1.326351,103.860305
NOV-0037,1.326133,103.859632
NOV-0038,1.326688,103.859484
NOV-0039,1.326277,103.858756
NOV-003A,1.32594,103.858508
NOV-003B,1.325386,103.858589
NOV-003C,1.32537,103.85908
NOV-003D,1.325322,103.858648
NOV-003E,1.325563,103.858433
NOV-003F,1.325596,103.858376
NOV-0040,1.325732,103.858202
NOV-0041,1.325931,103.857957
NOV-0042,1.325792,103.858116
NOV-0043,1.325822,103.857945
NOV-0044,1.326042,103.858385
NOV-0045,1.326814,103.858056
NOV-0046,1.326738,103.858056
NOV-0047,1.326509,103.857906
NOV-0048,1.324616,103.857539
NOV-0049,1.325126,103.857933
NOV-004A,1.324711,103.857616
NOV-004B,1.324873,103.857745
NOV-004C,1.3252,103.857996
NOV-004D,1.324978,103.857829
NOV-004E,1.324648,103.858359
NOV-004F,1.324469,103.858216
NOV-0050,1.32547,103.854511
NOV-0051,1.325309,103.85433
NOV-0052,1.325569,103.854546
NOV-0053,1.32508,103.854798
NOV-0054,1.324869,103.855227
NOV-0055,1.324813,103.855349
NOV-0056,1.324008,103.856177
NOV-0057,1.324156,103.856306
NOV-0058,1.323516,103.856271
NOV-0059,1.324325,103.856708
NOV-005A,1.323606,103.857113
NOV-005B,1.32362,103.856984
NOV-005C,1.323278,103.857021
NOV-005D,1.323156,103.857074
NOV-005E,1.322632,103.856498
NOV-005F,1.322826,103.856683
NOV-0061,1.322785,103.855524
NOV-0064,1.323822,103.85515
NOV-0065,1.322082,103.854933
NOV-0066,1.322023,103.855013
NOV-0067,1.322033,103.855059
NOV-0068,1.322132,103.854933
NOV-0069,1.322018,103.855706
NOV-006A,1.322154,103.856243
NOV-006B,1.32149,103.855698
NOV-006C,1.321111,103.854782
NOV-006D,1.321179,103.854817
NOV-006E,1.321218,103.854848
NOV-006F,1.321004,103.854726
NOV-0070,1.321053,103.85477
NOV-0071,1.321223,103.854895
NOV-0072,1.321362,103.853945
NOV-0073,1.321815,103.854343
NOV-0074,1.321492,103.854074
NOV-0075,1.321474,103.854022
NOV-0076,1.320849,103.853756
NOV-0077,1.327355,103.844401
NOV-0078,1.327825,103.844131
NOV-0079,1.32792,103.844757
NOV-007A,1.328811,103.844984
NOV-007B,1.328753,103.844954
NOV-007C,1.328842,103.844928
NOV-007D,1.327701,103.85506
NOV-007E,1.328023,103.854943
NOV-007F,1.327933,103.855407
NOV-0080,1.325828,103.857191
NOV-0081,1.325919,103.857251
NOV-0082,1.325533,103.857298
NOV-0083,1.326717,103.857209
NOV-0084,1.326684,103.857248
NOV-0085,1.326696,103.857179
NOV-0086,1.328208,103.859594
NOV-0087,1.328064,103.859623
NOV-0088,1.328034,103.859536
NOV-0089,1.32832,103.860042
NOV-008A,1.327913,103.860088
NOV-008B,1.327741,103.860064
NOV-008C,1.327672,103.859798
NOV-008D,1.327696,103.859874
NOV-008E,1.324641,103.855412
NOV-008F,1.328731,103.850881
NOV-0090,1.328767,103.850707
NOV-0091,1.328255,103.851656
NOV-0092,1.32843,103.85095
NOV-0093,1.328306,103.851812
NOV-0094,1.327369,103.852788
NOV-0095,1.327836,103.853264
NOV-0096,1.327957,103.853497
NOV-0097,1.328547,103.854787
NOV-0098,1.327024,103.85541
NOV-0099,1.327018,103.855449
NOV-009A,1.327226,103.855736
NOV-009B,1.326901,103.855553
NOV-009C,1.327079,103.855628
NOV-009D,1.327,103.856014
NOV-009E,1.327076,103.855895
NOV-009F,1.326868,103.85594
NOV-00A0,1.326765,103.856326
NOV-00A1,1.326838,103.856191
NOV-00A2,1.326639,103.856233
NOV-00A3,1.325964,103.856691
NOV-00A4,1.326142,103.856814
NOV-00A5,1.326283,103.856954
NOV-00A6,1.326024,103.856724
NOV-00A7,1.32729,103.860702
NOV-00A8,1.327174,103.860691
NOV-00A9,1.327247,103.860678
NOV-00AA,1.327174,103.86044
NOV-00AB,1.327166,103.860396
NOV-00AC,1.327286,103.860658
NOV-00AD,1.328142,103.861103
NOV-00AE,1.328196,103.861109
NOV-00AF,1.328254,103.861115
NOV-00B0,1.328269,103.861389
NOV-00B1,1.32815,103.861133
NOV-00B2,1.328223,103.861241
NOV-00B3,1.32752,103.860685
NOV-00B4,1.327571,103.860836
NOV-00B5,1.32769,103.860914
NOV-00B6,1.327544,103.860715
NOV-00B7,1.327728,103.86084
NOV-00B8,1.327716,103.860928
NOV-00B9,1.327488,103.860715
NOV-00BA,1.328326,103.860826
NOV-00BB,1.328292,103.860777
NOV-00BC,1.328292,103.860777
NOV-00BD,1.328292,103.860777
NOV-00BE,1.328137,103.86087
NOV-00BF,1.328137,103.86087
NOV-00C0,1.320378,103.85386
NOV-00C1,1.320329,103.853811
NOV-00C2,1.334996,103.835268
NOV-00C3,1.326421,103.820505
NOV-00C4,1.32089,103.833213
NOV-00C5,1.319588,103.841286
NOV-00C8,1.324457,103.857104
NOV-00CA,1.330797,103.860925
NOV-00CB,1.322947,103.852661
NOV-00CC,1.320597,103.852815
NOV-00CD,1.324754,103.850745
NOV-00CE,1.326645,103.84636
NOV-00CF,1.326756,103.843864
NOV-00D0,1.327507,103.845926
NOV-00D1,1.320985,103.841972
NOV-00D2,1.318854,103.832508
NOV-00D4,1.326912,103.858266
NOV-00D5,1.326528,103.854902
NOV-00D6,1.32652,103.834152
NOV-00D7,1.320729,103.84582
NOV-00D8,1.322009,103.847169
NOV-00D9,1.327542,103.837367
ORC-0002,1.300764,103.840914
ORC-0004,1.30056,103.836331
ORC-0005,1.303294,103.831912
ORC-0006,1.307193,103.832733
ORC-0008,1.306987,103.828429
ORC-0009,1.307214,103.833123
ORC-000A,1.302353,103.836962
ORC-000B,1.300146,103.83835
ORC-000C,1.300922,103.84079
OUT-0001,1.285834,103.844497
OUT-0002,1.286314,103.834971
OUT-0003,1.288484,103.840085
OUT-0004,1.287824,103.838787
OUT-0005,1.286758,103.83873
OUT-0007,1.284853,103.845092
OUT-0008,1.284224,103.845669
OUT-0009,1.284375,103.84539
OUT-000A,1.277341,103.842804
OUT-000B,1.274695,103.842957
OUT-000C,1.277078,103.841279
OUT-000D,1.276927,103.841595
OUT-000E,1.281842,103.848735
OUT-000F,1.281284,103.839264
OUT-0010,1.280804,103.839791
OUT-0011,1.281502,103.843418
OUT-0012,1.281399,103.843459
OUT-0013,1.282226,103.842559
OUT-0015,1.285914,103.84218
OUT-0017,1.284765,103.845013
OUT-0018,1.285055,103.845232
OUT-001A,1.276908,103.843147
OUT-001B,1.274732,103.842907
OUT-001C,1.276306,103.843177
OUT-001D,1.276333,103.843059
OUT-001E,1.27473,103.842758
OUT-001F,1.277948,103.840954
OUT-0020,1.277876,103.840827
OUT-0021,1.277971,103.841013
OUT-0022,1.277895,103.840866
OUT-0023,1.277918,103.841392
OUT-0024,1.277869,103.841451
OUT-0025,1.277836,103.841503
OUT-0026,1.277481,103.841739
OUT-0027,1.27755,103.841699
OUT-0028,1.276893,103.841609
OUT-0029,1.276856,103.841542
OUT-002A,1.276477,103.84114
OUT-002B,1.276642,103.841157
OUT-002C,1.276592,103.841206
OUT-002D,1.276655,103.841255
OUT-002E,1.275935,103.841288
OUT-002F,1.276079,103.841238
OUT-0030,1.276004,103.841268
OUT-0031,1.275474,103.841369
OUT-0032,1.275579,103.84117
OUT-0033,1.275589,103.84135
OUT-0034,1.287768,103.838802
OUT-0035,1.287204,103.842086
OUT-0036,1.287438,103.841363
OUT-0037,1.287321,103.841383
OUT-0038,1.287975,103.840036
OUT-0039,1.287725,103.837694
OUT-003A,1.286771,103.8388
OUT-003B,1.286798,103.83887
OUT-003C,1.28675,103.838853
OUT-003D,1.287346,103.838264
OUT-003E,1.286477,103.838039
OUT-003F,1.287948,103.838517
OUT-0040,1.286735,103.837868
OUT-0041,1.28667,103.837888
OUT-0047,1.285914,103.84218
OUT-0049,1.285022,103.844449
OUT-004A,1.285013,103.844417
OUT-004B,1.282523,103.851112
OUT-004C,1.28372,103.843448
OUT-004D,1.281353,103.846819
OUT-004F,1.28052,103.840532
OUT-0050,1.279785,103.841669
OUT-0051,1.275539,103.841063
OUT-0052,1.281532,103.840874
OUT-0053,1.276908,103.843147
OUT-0054,1.276844,103.843251
OUT-0055,1.277902,103.844298
OUT-0056,1.280033,103.847212
OUT-0057,1.278968,103.84078
OUT-0058,1.281196,103.848389
OUT-0059,1.281792,103.845893
OUT-005A,1.282233,103.838175
OUT-005B,1.281038,103.838563
OUT-005C,1.281088,103.844194
OUT-005D,1.280437,103.843349
OUT-005E,1.280392,103.844403
OUT-005F,1.280067,103.844662
OUT-0060,1.308284,103.887356
OUT-0061,1.283762,103.843469
OUT-0062,1.28464,103.846438
PGL-0001,1.399992,103.905648
PGL-0002,1.399882,103.90579
PGL-0003,1.399663,103.906074
PGL-0004,1.399623,103.906271
PGL-0005,1.399406,103.906523
PGL-0006,1.39914,103.905574
PGL-0007,1.398954,103.90583
PGL-0008,1.397008,103.909402
PGL-0009,1.397363,103.908995
PGL-000B,1.393664,103.912405
PGL-000C,1.394106,103.911845
PGL-000D,1.399014,103.916741
PGL-000E,1.399074,103.91663
PGL-000F,1.402212,103.912235
PGL-0010,1.402048,103.91243
PGL-0012,1.404959,103.908352
PGL-0013,1.411311,103.90063
PGL-0014,1.408836,103.898302
PGL-0015,1.404741,103.896776
PGL-0016,1.405591,103.89772
PGL-0017,1.404724,103.897432
PGL-001B,1.399251,103.905435
PGL-001C,1.39365,103.912137
PGL-001D,1.397198,103.918256
PGL-0021,1.410353,103.906782
PGL-0022,1.408056,103.901882
PGL-0023,1.401351,103.917736
PGL-0024,1.399511,103.919528
PGL-0025,1.407036,103.902553
PGL-0027,1.389756,103.915364
PGL-0028,1.406061,103.897938
PGL-0029,1.403335,103.898721
PGL-002A,1.403418,103.900299
PGL-002B,1.408161,103.900026
PGL-002C,1.402014,103.903608
PGL-002D,1.40909,103.898459
PGL-002E,1.40832,103.898151
PGL-002F,1.40472,103.913186
PGL-0030,1.404427,103.913638
PGL-0031,1.402979,103.9067
PGL-0032,1.403677,103.910197
PGL-0033,1.404901,103.908215
PGL-0034,1.404347,103.909088
PGL-0035,1.406157,103.911587
PGL-0036,1.406246,103.911434
PGL-0037,1.405992,103.910142
PGL-0038,1.404785,103.910196
PGL-0039,1.399144,103.905148
PGL-003A,1.396627,103.905224
PGL-003B,1.396612,103.908604
PGL-003C,1.396548,103.909051
PGL-003D,1.396138,103.909252
PGL-003E,1.394146,103.909857
PGL-003F,1.393655,103.909223
PGL-0040,1.39388,103.908594
PGL-0041,1.394029,103.908466
PGL-0042,1.393121,103.908989
PGL-0043,1.393583,103.909064
PGL-0044,1.393916,103.909827
PGL-0045,1.392887,103.912199
PGL-0046,1.392789,103.912127
PGL-0047,1.39738,103.90894
PGL-0048,1.39778,103.908717
PGL-0049,1.39554,103.914008
PGL-004A,1.39572,103.913784
PGL-004B,1.395841,103.914012
PGL-004C,1.395339,103.914706
PGL-004D,1.39954,103.910159
PGL-004E,1.402114,103.914331
PGL-004F,1.40254,103.916443
PGL-0050,1.3979,103.916288
PGL-0051,1.397906,103.916315
PGL-0052,1.397266,103.914808
PGL-0053,1.399489,103.916209
PGL-0054,1.40183,103.912725
PGL-0055,1.404066,103.913572
PGL-0056,1.416233,103.900361
PGL-0058,1.416089,103.900597
PGL-005A,1.417218,103.905327
PGL-005B,1.416362,103.915233
PGL-005C,1.409075,103.922694
PGL-005D,1.402124,103.929963
PGL-005E,1.393864,103.918514
PGL-0060,1.396891,103.921216
PGL-0061,1.400945,103.925123
PGL-0062,1.406781,103.919034
PGL-0063,1.415548,103.914201
PGL-0064,1.420981,103.910975
PGL-0065,1.404317,103.901702
PGL-0066,1.403835,103.901659
PGL-0067,1.404046,103.901784
PGL-006D,1.406041,103.903098
PGL-006E,1.399758,103.906229
PGL-006F,1.398634,103.906249
PGL-0070,1.398743,103.906109
PGL-0071,1.398843,103.905976
PGL-0072,1.398994,103.905465
PGL-0073,1.396827,103.909711
PGL-0074,1.396891,103.909477
PGL-0075,1.396994,103.909343
PGL-0076,1.397007,103.909328
PGL-0077,1.397611,103.908833
PGL-0078,1.397649,103.908836
PGL-0079,1.396177,103.909038
PGL-007C,1.39641,103.908785
PGL-007D,1.396694,103.908728
PGL-007E,1.396727,103.908586
PGL-007F,1.393861,103.913274
PGL-0080,1.393249,103.912598
PGL-0081,1.393358,103.91246
PGL-0082,1.393462,103.91245
PGL-0083,1.395204,103.916129
PGL-0084,1.394706,103.915642
PGL-0086,1.394424,103.915598
PGL-0087,1.399074,103.916298
PGL-0088,1.399532,103.916143
PGL-0089,1.399589,103.916065
PGL-008A,1.402401,103.911999
PGL-008B,1.402367,103.911874
PGL-008C,1.402248,103.911931
PGL-008D,1.402091,103.912095
PGL-008E,1.401873,103.912413
PGL-008F,1.401813,103.912518
PGL-0090,1.401687,103.912656
PGL-0091,1.401601,103.912797
PGL-0092,1.401687,103.912995
PGL-0093,1.404944,103.908384
PGL-0094,1.405247,103.907949
PGL-0095,1.405372,103.907771
PGL-0096,1.412051,103.899891
PGL-0097,1.408978,103.898402
PGL-0098,1.409067,103.898451
PGL-0099,1.409082,103.898313
PGL-009A,1.40825,103.898035
PGL-009B,1.40819,103.897932
PGL-009C,1.407859,103.897942
PGL-009D,1.405635,103.897953
PGL-009E,1.405482,103.897887
PGL-009F,1.405038,103.897735
PGL-00A0,1.405888,103.897084
PGL-00A1,1.406031,103.897096
PGL-00A2,1.406026,103.897059
PGL-00A3,1.406051,103.897003
PGL-00A4,1.40609,103.896963
PGL-00A5,1.401672,103.910578
PGL-00A6,1.400794,103.910734
PGL-00A7,1.396538,103.906972
PGL-00A8,1.396534,103.906788
PGL-00A9,1.396638,103.906664
PGL-00AA,1.396193,103.907466
PGL-00AB,1.395184,103.90727
PGL-00AC,1.395375,103.907005
PGL-00AD,1.395281,103.907097
PGL-00AE,1.395836,103.906519
PGL-00AF,1.396038,103.906335
PGL-00B0,1.393256,103.909917
PGL-00B1,1.393321,103.90991
PGL-00B2,1.393483,103.910037
PGL-00B3,1.393048,103.910764
PGL-00B4,1.39347,103.910698
PGL-00B5,1.393397,103.910642
PGL-00B6,1.392978,103.910853
PGL-00B7,1.39274,103.910644
PGL-00B8,1.392713,103.910547
PGL-00B9,1.392709,103.910488
PGL-00BA,1.39281,103.910715
PGL-00BB,1.39286,103.910222
PGL-00BC,1.392274,103.91021
PGL-00BD,1.392432,103.910327
PGL-00BE,1.392494,103.910316
PGL-00BF,1.392336,103.910323
PGL-00C0,1.392727,103.910098
PGL-00C1,1.392233,103.910254
PGL-00C2,1.392078,103.910108
PGL-00C3,1.391979,103.90995
PGL-00C4,1.391973,103.909892
PGL-00C5,1.39214,103.909621
PGL-00C6,1.39208,103.91014
PGL-00C7,1.392902,103.909576
PGL-00C8,1.392913,103.909627
PGL-00C9,1.392754,103.909401
PGL-00CA,1.392884,103.909542
PGL-00CB,1.399302,103.908409
PGL-00CC,1.399232,103.90918
PGL-00CD,1.399353,103.909081
PGL-00CE,1.399031,103.909492
PGL-00CF,1.399098,103.909402
PGL-00D0,1.399164,103.909325
PGL-00D1,1.398725,103.909814
PGL-00D2,1.398896,103.90977
PGL-00D3,1.398449,103.910169
PGL-00D4,1.398606,103.910089
PGL-00D5,1.398321,103.910376
PGL-00D6,1.398245,103.910295
PGL-00D7,1.398001,103.910183
PGL-00D8,1.398114,103.910101
PGL-00D9,1.398659,103.911188
PGL-00DA,1.39878,103.910889
PGL-00DC,1.399385,103.90993
PGL-00DD,1.399618,103.909631
PGL-00DE,1.39952,103.909775
PGL-00DF,1.399947,103.909387
PGL-00E0,1.39987,103.909048
PGL-00E1,1.403286,103.894914
PGL-00E2,1.401235,103.894668
PGL-00E3,1.403183,103.904994
PGL-00E4,1.403277,103.904946
PGL-00E5,1.403358,103.904977
PGL-00E6,1.403038,103.904895
PGL-00E7,1.403198,103.904943
PGL-00E8,1.402687,103.904619
PGL-00E9,1.402796,103.904734
PGL-00EA,1.402569,103.904759
PGL-00EB,1.40214,103.904927
PGL-00EC,1.402031,103.904733
PGL-00ED,1.40212,103.904916
PGL-00EE,1.401988,103.904816
PGL-00EF,1.402154,103.904872
PGL-00F0,1.401693,103.905281
PGL-00F1,1.401799,103.905143
PGL-00F2,1.401753,103.905116
PGL-00F3,1.402183,103.905356
PGL-00F4,1.402402,103.905311
PGL-00F5,1.402244,103.905534
PGL-00F6,1.402246,103.9056
PGL-00F7,1.402755,103.905565
PGL-00F8,1.402685,103.905696
PGL-00F9,1.402641,103.905553
PGL-00FA,1.402568,103.905563
PGL-00FB,1.402905,103.905206
PGL-00FC,1.40279,103.905252
PGL-00FD,1.402976,103.905335
PGL-00FE,1.402882,103.905216
PGL-00FF,1.402822,103.905308
PGL-0100,1.397451,103.915979
PGL-0101,1.397385,103.916149
PGL-0102,1.397261,103.915898
PGL-0103,1.397875,103.916151
PGL-0104,1.397908,103.916275
PGL-0105,1.398281,103.915773
PGL-0106,1.39826,103.915675
PGL-0107,1.398166,103.915932
PGL-0108,1.398024,103.915332
PGL-0109,1.398169,103.915388
PGL-010A,1.39801,103.915376
PGL-010B,1.3976,103.915252
PGL-010C,1.397646,103.915042
PGL-010D,1.397814,103.91512
PGL-010E,1.397206,103.914802
PGL-010F,1.397119,103.914932
PGL-0110,1.39715,103.91505
PGL-0111,1.397227,103.914824
PGL-0112,1.396775,103.91544
PGL-0113,1.39677,103.915526
PGL-0114,1.39685,103.915776
PGL-0115,1.396815,103.9157
PGL-0116,1.397988,103.905864
PGL-0117,1.397894,103.905992
PGL-0118,1.398212,103.904839
PGL-0119,1.398268,103.905066
PGL-011A,1.398344,103.904713
PGL-011B,1.396823,103.904968
PGL-011C,1.396728,103.905092
PGL-011D,1.396977,103.905098
PGL-011E,1.397062,103.904996
PGL-011F,1.397023,103.905899
PGL-0120,1.39689,103.90579
PGL-0121,1.397424,103.906937
PGL-0122,1.397147,103.906972
PGL-0123,1.397356,103.907048
PGL-0124,1.394868,103.91007
PGL-0125,1.396038,103.90916
PGL-0126,1.395921,103.909058
PGL-0127,1.394594,103.907926
PGL-0128,1.394572,103.907962
PGL-0129,1.393915,103.908507
PGL-012A,1.393908,103.908427
PGL-012B,1.393778,103.908486
PGL-012C,1.393743,103.908445
PGL-012D,1.394043,103.908492
PGL-012E,1.393593,103.909055
PGL-012F,1.393672,103.909233
PGL-0130,1.393769,103.909326
PGL-0131,1.393586,103.909
PGL-0132,1.394312,103.911572
PGL-0133,1.39431,103.911602
PGL-0134,1.394419,103.911459
PGL-0135,1.394306,103.911379
PGL-0136,1.395428,103.915817
PGL-0137,1.395377,103.915784
PGL-0138,1.395677,103.915739
PGL-0139,1.395353,103.915585
PGL-013A,1.395813,103.915083
PGL-013B,1.395759,103.91507
PGL-013C,1.395857,103.914964
PGL-013D,1.395831,103.915048
PGL-013E,1.396388,103.914124
PGL-013F,1.396416,103.914138
PGL-0140,1.396306,103.914278
PGL-0141,1.396341,103.91414
PGL-0142,1.395831,103.914006
PGL-0143,1.395438,103.914102
PGL-0144,1.395808,103.914158
PGL-0145,1.395788,103.914177
PGL-0146,1.39575,103.914181
PGL-0147,1.39585,103.914075
PGL-0148,1.395059,103.914838
PGL-0149,1.395107,103.914735
PGL-014A,1.395067,103.914806
PGL-014B,1.395094,103.914748
PGL-014C,1.394741,103.915488
PGL-014D,1.394799,103.915494
PGL-014E,1.39476,103.915623
PGL-014F,1.394069,103.915332
PGL-0150,1.394104,103.915332
PGL-0151,1.393912,103.915268
PGL-0152,1.393846,103.91522
PGL-0153,1.39467,103.914146
PGL-0154,1.394489,103.914315
PGL-0155,1.392999,103.91436
PGL-0156,1.392992,103.914212
PGL-0157,1.393176,103.914236
PGL-0158,1.393581,103.914899
PGL-0159,1.393638,103.914747
PGL-015A,1.394773,103.912422
PGL-015B,1.39466,103.912557
PGL-015C,1.39481,103.912359
PGL-015D,1.39534,103.911743
PGL-015E,1.395156,103.911615
PGL-015F,1.395497,103.911528
PGL-0160,1.39656,103.911107
PGL-0161,1.396592,103.911145
PGL-0162,1.3965,103.911247
PGL-0163,1.397479,103.90915
PGL-0164,1.398794,103.908252
PGL-0165,1.398996,103.908209
PGL-0166,1.401549,103.906192
PGL-0167,1.401549,103.90609
PGL-0168,1.401733,103.90627
PGL-0169,1.400074,103.906829
PGL-016A,1.399742,103.906804
PGL-016B,1.400302,103.903493
PGL-016C,1.399559,103.904387
PGL-016D,1.399656,103.904326
PGL-016E,1.398499,103.903794
PGL-016F,1.398816,103.903822
PGL-0170,1.398565,103.903792
PGL-0171,1.398506,103.903767
PGL-0172,1.398797,103.902902
PGL-0173,1.398738,103.902874
PGL-0174,1.398497,103.902076
PGL-0175,1.398442,103.902187
PGL-0176,1.399067,103.901364
PGL-0177,1.399131,103.901304
PGL-0178,1.40026,103.900856
PGL-0179,1.401341,103.900746
PGL-017A,1.399775,103.900588
PGL-017B,1.399788,103.900511
PGL-017C,1.399884,103.900213
PGL-017D,1.399868,103.900306
PGL-017E,1.401623,103.899915
PGL-017F,1.400066,103.899005
PGL-0180,1.400109,103.898959
PGL-0181,1.400271,103.89845
PGL-0182,1.403075,103.894949
PGL-0183,1.403012,103.895358
PGL-0184,1.403036,103.895217
PGL-0185,1.40143,103.894651
PGL-0186,1.401428,103.89452
PGL-0187,1.400945,103.895713
PGL-0188,1.40096,103.895591
PGL-0189,1.401268,103.893274
PGL-018A,1.401238,103.893412
PGL-018B,1.401111,103.893477
PGL-018C,1.401283,103.892546
PGL-018D,1.401636,103.89271
PGL-018E,1.401685,103.892625
PGL-018F,1.40196,103.892722
PGL-0190,1.401985,103.892634
PGL-0191,1.402901,103.892827
PGL-0192,1.403579,103.893232
PGL-0193,1.40221,103.891735
PGL-0194,1.402101,103.89176
PGL-0195,1.402321,103.890946
PGL-0196,1.402307,103.891186
PGL-0198,1.401655,103.890413
PGL-0199,1.401674,103.890312
PGL-019A,1.401601,103.89185
PGL-019B,1.401451,103.892099
PGL-019C,1.406013,103.895518
PGL-019D,1.405946,103.895373
PGL-019E,1.40616,103.895658
PGL-019F,1.404158,103.897312
PGL-01A0,1.403699,103.896083
PGL-01A1,1.403778,103.89562
PGL-01A2,1.406001,103.896806
PGL-01A3,1.405859,103.898293
PGL-01A4,1.405805,103.898382
PGL-01A5,1.405572,103.898474
PGL-01A6,1.405833,103.897861
PGL-01A7,1.404153,103.897469
PGL-01A8,1.403298,103.899086
PGL-01A9,1.403282,103.899117
PGL-01AA,1.403997,103.899752
PGL-01AB,1.403658,103.900565
PGL-01AC,1.403593,103.900509
PGL-01AD,1.403008,103.900739
PGL-01AE,1.403257,103.900643
PGL-01AF,1.403091,103.900571
PGL-01B0,1.402244,103.902176
PGL-01B1,1.402393,103.902206
PGL-01B2,1.402307,103.902025
PGL-01B3,1.402631,103.902242
PGL-01B4,1.402691,103.902423
PGL-01B5,1.402773,103.902279
PGL-01B6,1.402318,103.90326
PGL-01B7,1.402352,103.903209
PGL-01B8,1.401705,103.902687
PGL-01B9,1.40422,103.906299
PGL-01BA,1.404264,103.906321
PGL-01BB,1.404077,103.90637
PGL-01BC,1.40409,103.906437
PGL-01BD,1.40437,103.904584
PGL-01BE,1.404524,103.904562
PGL-01BF,1.404691,103.904349
PGL-01C0,1.403717,103.905682
PGL-01C1,1.403893,103.905821
PGL-01C2,1.403869,103.905853
PGL-01C3,1.405993,103.905508
PGL-01C4,1.405978,103.905525
PGL-01C5,1.40609,103.90559
PGL-01C6,1.406069,103.905606
PGL-01C7,1.406089,103.905613
PGL-01C8,1.406234,103.905286
PGL-01C9,1.408061,103.900583
PGL-01CA,1.408706,103.901292
PGL-01CB,1.410749,103.900508
PGL-01CC,1.40997,103.901791
PGL-01CD,1.409946,103.901831
PGL-01CE,1.408274,103.896967
PGL-01D0,1.412888,103.899237
PGL-01D1,1.413076,103.899196
PGL-01D2,1.412471,103.898991
PGL-01D3,1.41243,103.898999
PGL-01D4,1.412471,103.898933
PGL-01D5,1.412457,103.898957
PGL-01D6,1.402353,103.907545
PGL-01D7,1.403486,103.90719
PGL-01D8,1.403564,103.907093
PGL-01D9,1.403346,103.906976
PGL-01DA,1.402544,103.907501
PGL-01DB,1.403534,103.906928
PGL-01DC,1.403633,103.908525
PGL-01DD,1.403397,103.908542
PGL-01DE,1.403467,103.908585
PGL-01DF,1.404228,103.907494
PGL-01E0,1.404367,103.907467
PGL-01E1,1.404355,103.907496
PGL-01E2,1.404308,103.90909
PGL-01E3,1.404054,103.909256
PGL-01E4,1.40458,103.908035
PGL-01E5,1.404324,103.908011
PGL-01E6,1.40359,103.90947
PGL-01E7,1.403682,103.909137
PGL-01E8,1.403657,103.909401
PGL-01E9,1.403907,103.90967
PGL-01EA,1.402432,103.911678
PGL-01EB,1.401342,103.912367
PGL-01EC,1.401296,103.912458
PGL-01ED,1.402543,103.911544
PGL-01EE,1.402557,103.911515
PGL-01EF,1.402764,103.911444
PGL-01F0,1.400139,103.910878
PGL-01F1,1.400134,103.910858
PGL-01F2,1.400125,103.910963
PGL-01F3,1.399897,103.91205
PGL-01F4,1.399898,103.912075
PGL-01F5,1.39989,103.912027
PGL-01F6,1.399652,103.912129
PGL-01F7,1.400982,103.911394
PGL-01F8,1.400741,103.911195
PGL-01F9,1.400967,103.911362
PGL-01FA,1.400731,103.911228
PGL-01FB,1.400736,103.913311
PGL-01FC,1.400676,103.913324
PGL-01FD,1.401331,103.913243
PGL-01FE,1.40136,103.913219
PGL-01FF,1.400919,103.913801
PGL-0200,1.400911,103.913827
PGL-0201,1.400931,103.913794
PGL-0202,1.400305,103.913866
PGL-0203,1.400237,103.913907
PGL-0204,1.399632,103.914619
PGL-0205,1.3997,103.914678
PGL-0206,1.399838,103.914672
PGL-0207,1.400058,103.91501
PGL-0208,1.400101,103.914978
PGL-0209,1.399948,103.914761
PGL-020A,1.399978,103.914918
PGL-020B,1.398621,103.916882
PGL-020C,1.398648,103.917004
PGL-020D,1.398696,103.916928
PGL-020E,1.3986,103.916851
PGL-020F,1.398416,103.91691
PGL-0210,1.398078,103.9166
PGL-0211,1.398284,103.91684
PGL-0212,1.398294,103.91668
PGL-0213,1.400652,103.919925
PGL-0214,1.400614,103.919901
PGL-0215,1.402882,103.917237
PGL-0216,1.402909,103.917234
PGL-0217,1.402866,103.91724
PGL-0218,1.402847,103.917236
PGL-0219,1.402136,103.91839
PGL-021A,1.40214,103.918073
PGL-021B,1.402103,103.918432
PGL-021C,1.402042,103.918251
PGL-021D,1.402044,103.918204
PGL-021E,1.400226,103.91696
PGL-021F,1.400232,103.916976
PGL-0220,1.400139,103.917068
PGL-0221,1.400582,103.917108
PGL-0222,1.399643,103.917692
PGL-0223,1.399654,103.917725
PGL-0224,1.399441,103.917526
PGL-0225,1.402109,103.91382
PGL-0226,1.401613,103.914998
PGL-0227,1.402655,103.914168
PGL-0228,1.405011,103.912443
PGL-0229,1.405008,103.912426
PGL-022A,1.40496,103.912577
PGL-022B,1.405122,103.91251
PGL-022C,1.40503,103.912444
PGL-022D,1.404778,103.913889
PGL-022E,1.405302,103.912998
PGL-022F,1.405328,103.91299
PGL-0230,1.406198,103.912224
PGL-0231,1.406222,103.912272
PGL-0232,1.406598,103.912605
PGL-0233,1.406586,103.912647
PGL-0234,1.406553,103.912662
PGL-0235,1.406759,103.911696
PGL-0236,1.406851,103.911373
PGL-0237,1.404786,103.909785
PGL-0238,1.404921,103.909884
PGL-0239,1.40522,103.909211
PGL-023A,1.405246,103.90913
PGL-023B,1.405374,103.90919
PGL-023C,1.405829,103.90863
PGL-023D,1.406053,103.908448
PGL-023E,1.406141,103.908283
PGL-023F,1.403569,103.916328
PGL-0240,1.403779,103.91628
PGL-0241,1.403574,103.916295
PGL-0242,1.403728,103.916331
PGL-0243,1.403576,103.916316
PGL-0244,1.403569,103.916282
PGL-0245,1.404364,103.91546
PGL-0246,1.404398,103.915454
PGL-0247,1.404413,103.915438
PGL-0248,1.404387,103.915472
PGL-0249,1.402732,103.915973
PGL-024A,1.402718,103.915957
PGL-024B,1.402753,103.915973
PGL-024C,1.403034,103.915676
PGL-024D,1.397774,103.906132
PGL-024E,1.397874,103.906219
PGL-024F,1.399054,103.905256
PGL-0250,1.397916,103.904765
PGL-0251,1.397758,103.904605
PGL-0252,1.396601,103.905598
PGL-0253,1.396624,103.90523
PGL-0254,1.396515,103.90537
PGL-0255,1.396716,103.905452
PGL-0256,1.397305,103.906108
PGL-0257,1.397158,103.906013
PGL-0258,1.397178,103.907918
PGL-0259,1.397262,103.90781
PGL-025A,1.396964,103.908038
PGL-025B,1.396963,103.90715
PGL-025C,1.39688,103.907138
PGL-025D,1.3969,103.907372
PGL-025E,1.39686,103.90743
PGL-025F,1.395107,103.909548
PGL-0260,1.395092,103.909506
PGL-0261,1.395076,103.909539
PGL-0262,1.394929,103.909654
PGL-0263,1.395705,103.909712
PGL-0264,1.395813,103.909436
PGL-0265,1.394919,103.907533
PGL-0266,1.394901,103.90757
PGL-0267,1.393034,103.908935
PGL-0268,1.393018,103.908968
PGL-0269,1.394045,103.909661
PGL-026A,1.394051,103.90963
PGL-026B,1.394038,103.909689
PGL-026C,1.39453,103.910923
PGL-026D,1.394515,103.91091
PGL-026E,1.394528,103.910885
PGL-026F,1.392896,103.912939
PGL-0270,1.393155,103.912704
PGL-0271,1.39553,103.916007
PGL-0272,1.395495,103.915872
PGL-0273,1.395719,103.915421
PGL-0274,1.395657,103.915407
PGL-0275,1.39573,103.915388
PGL-0276,1.39577,103.915309
PGL-0277,1.396248,103.914485
PGL-0278,1.396206,103.914628
PGL-0279,1.39582,103.91377
PGL-027A,1.395946,103.913743
PGL-027B,1.395937,103.913785
PGL-027C,1.394895,103.915149
PGL-027D,1.394858,103.915287
PGL-027E,1.39428,103.915087
PGL-027F,1.394624,103.914022
PGL-0280,1.394577,103.913871
PGL-0281,1.395394,103.914378
PGL-0282,1.393136,103.914129
PGL-0283,1.393112,103.914012
PGL-0284,1.395323,103.914459
PGL-0285,1.395369,103.914384
PGL-0286,1.393447,103.91482
PGL-0287,1.393206,103.914661
PGL-0288,1.395173,103.912962
PGL-0289,1.395108,103.913023
PGL-028A,1.395808,103.912107
PGL-028B,1.395866,103.91208
PGL-028C,1.39672,103.90996
PGL-028D,1.396717,103.909905
PGL-028E,1.396593,103.909898
PGL-028F,1.396578,103.910944
PGL-0290,1.396606,103.9109
PGL-0291,1.396747,103.910947
PGL-0292,1.397674,103.90859
PGL-0293,1.397738,103.908716
PGL-0294,1.398439,103.908588
PGL-0295,1.39872,103.908332
PGL-0296,1.401324,103.906356
PGL-0297,1.40135,103.906514
PGL-0298,1.401583,103.906424
PGL-0299,1.401512,103.90653
PGL-029A,1.399024,103.906949
PGL-029B,1.400193,103.906711
PGL-029C,1.400251,103.906501
PGL-029D,1.400005,103.904084
PGL-029E,1.399329,103.904197
PGL-029F,1.399381,103.904221
PGL-02A0,1.398073,103.903495
PGL-02A1,1.398192,103.903678
PGL-02A2,1.398213,103.90363
PGL-02A3,1.398762,103.903492
PGL-02A4,1.398554,103.903302
PGL-02A5,1.39857,103.903268
PGL-02A6,1.398719,103.903476
PGL-02A7,1.40026,103.900794
PGL-02A8,1.401334,103.901107
PGL-02A9,1.399932,103.90111
PGL-02AA,1.399957,103.901004
PGL-02AB,1.400002,103.899952
PGL-02AC,1.4,103.900029
PGL-02AD,1.401353,103.899714
PGL-02AE,1.401315,103.899793
PGL-02AF,1.400551,103.899228
PGL-02B1,1.402348,103.894836
PGL-02B2,1.402329,103.895245
PGL-02B3,1.402332,103.89501
PGL-02B4,1.401427,103.895156
PGL-02B5,1.401448,103.895272
PGL-02B6,1.401102,103.895276
PGL-02B7,1.400988,103.895104
PGL-02B8,1.401716,103.893457
PGL-02B9,1.401737,103.893332
PGL-02BA,1.402763,103.893691
PGL-02BB,1.403534,103.893499
PGL-02BC,1.402262,103.891337
PGL-02BD,1.402248,103.891621
PGL-02BE,1.402448,103.890492
PGL-02BF,1.4024,103.890798
PGL-02C0,1.40178,103.890569
PGL-02C1,1.401736,103.890871
PGL-02C2,1.401593,103.891705
PGL-02C3,1.401512,103.891444
PGL-02C4,1.40597,103.896201
PGL-02C5,1.406118,103.896228
PGL-02C6,1.406106,103.896036
PGL-02C7,1.403954,103.895091
PGL-02C8,1.404916,103.896422
PGL-02C9,1.406098,103.896594
PGL-02CA,1.40518,103.898594
PGL-02CB,1.404513,103.898252
PGL-02CC,1.404493,103.898302
PGL-02CD,1.404548,103.898161
PGL-02CE,1.403524,103.897452
PGL-02CF,1.403857,103.897251
PGL-02D0,1.403414,103.898686
PGL-02D1,1.403429,103.898933
PGL-02D2,1.404294,103.898973
PGL-02D3,1.404092,103.900568
PGL-02D4,1.404266,103.900483
PGL-02D5,1.403242,103.900229
PGL-02D6,1.403221,103.90031
PGL-02D7,1.402093,103.901898
PGL-02D8,1.40212,103.90189
PGL-02D9,1.4028,103.903286
PGL-02DA,1.401284,103.903363
PGL-02DB,1.401269,103.903447
PGL-02DC,1.404247,103.905935
PGL-02DD,1.404213,103.905831
PGL-02DE,1.403966,103.905481
PGL-02DF,1.404025,103.905603
PGL-02E0,1.404026,103.905545
PGL-02E1,1.405516,103.906281
PGL-02E2,1.405492,103.906284
PGL-02E3,1.40547,103.906244
PGL-02E4,1.405992,103.905758
PGL-02E5,1.405915,103.905831
PGL-02E6,1.405976,103.90575
PGL-02E7,1.40592,103.905847
PGL-02E8,1.410242,103.902297
PGL-02E9,1.407928,103.897132
PGL-02EA,1.407895,103.897359
PGL-02EB,1.407935,103.897627
PGL-02EC,1.407981,103.896669
PGL-02ED,1.407992,103.896716
PGL-02EE,1.40796,103.896218
PGL-02EF,1.407947,103.896399
PGL-02F0,1.409112,103.898062
PGL-02F1,1.40893,103.898014
PGL-02F2,1.409102,103.897784
PGL-02F3,1.408995,103.897764
PGL-02F4,1.410874,103.896971
PGL-02F6,1.412564,103.899702
PGL-02F7,1.412568,103.899758
PGL-02F8,1.412226,103.899529
PGL-02F9,1.412213,103.899513
PGL-02FA,1.4122,103.89954
PGL-02FB,1.402068,103.90794
PGL-02FC,1.402994,103.906705
PGL-02FD,1.402892,103.906841
PGL-02FE,1.402908,103.906783
PGL-02FF,1.403142,103.908044
PGL-0300,1.403228,103.908151
PGL-0301,1.403122,103.908337
PGL-0302,1.403217,103.908399
PGL-0303,1.403968,103.907085
PGL-0304,1.403797,103.907112
PGL-0305,1.404847,103.908283
PGL-0306,1.404388,103.908331
PGL-0307,1.404182,103.908372
PGL-0308,1.403144,103.910116
PGL-0309,1.40443,103.90917
PGL-030A,1.403194,103.910045
PGL-030B,1.403807,103.910036
PGL-030C,1.401393,103.912093
PGL-030D,1.401537,103.912161
PGL-030E,1.402857,103.911085
PGL-030F,1.402825,103.911145
PGL-0310,1.402885,103.911011
PGL-0311,1.400264,103.910471
PGL-0312,1.400273,103.910449
PGL-0313,1.40034,103.910477
PGL-0314,1.399517,103.911758
PGL-0315,1.39952,103.91175
PGL-0316,1.399538,103.91171
PGL-0317,1.399529,103.911749
PGL-0318,1.399522,103.911707
PGL-0319,1.400854,103.911746
PGL-031A,1.400824,103.911764
PGL-031B,1.400865,103.911726
PGL-031C,1.400891,103.913088
PGL-031D,1.400863,103.9131
PGL-031E,1.401225,103.913382
PGL-031F,1.401259,103.913368
PGL-0320,1.400827,103.913932
PGL-0321,1.400808,103.913997
PGL-0322,1.400494,103.913684
PGL-0323,1.399333,103.914777
PGL-0324,1.39934,103.914811
PGL-0326,1.399968,103.915094
PGL-0327,1.400034,103.915309
PGL-0328,1.398725,103.9168
PGL-0329,1.398318,103.916514
PGL-032A,1.398221,103.916323
PGL-032B,1.40012,103.919177
PGL-032C,1.40015,103.919181
PGL-032D,1.400184,103.919173
PGL-032E,1.400266,103.918997
PGL-032F,1.40024,103.918982
PGL-0330,1.400261,103.919026
PGL-0331,1.400734,103.919432
PGL-0332,1.400707,103.919381
PGL-0333,1.400772,103.919341
PGL-0334,1.400941,103.919225
PGL-0335,1.40262,103.916737
PGL-0336,1.402605,103.916704
PGL-0337,1.402612,103.916722
PGL-0338,1.402593,103.916682
PGL-0339,1.401774,103.918574
PGL-033A,1.40177,103.91859
PGL-033B,1.401767,103.918548
PGL-033C,1.401716,103.918715
PGL-033D,1.401743,103.918549
PGL-033E,1.40167,103.918673
PGL-033F,1.400959,103.917349
PGL-0340,1.400908,103.917206
PGL-0341,1.40098,103.917374
PGL-0342,1.399951,103.917922
PGL-0343,1.40013,103.91802
PGL-0344,1.399935,103.917915
PGL-0345,1.402102,103.915264
PGL-0346,1.402108,103.91529
PGL-0347,1.402306,103.914637
PGL-0348,1.40479,103.913297
PGL-0349,1.404825,103.912967
PGL-034A,1.404784,103.913201
PGL-034B,1.405287,103.914254
PGL-034C,1.404477,103.913651
PGL-034D,1.40444,103.9137
PGL-034E,1.40458,103.91375
PGL-034F,1.405235,103.914434
PGL-0350,1.404274,103.913738
PGL-0351,1.404298,103.913684
PGL-0352,1.405156,103.914324
PGL-0353,1.405271,103.913228
PGL-0354,1.405248,103.913199
PGL-0355,1.405237,103.913449
PGL-0356,1.405249,103.913471
PGL-0357,1.406192,103.911613
PGL-0358,1.406688,103.912494
PGL-0359,1.406712,103.912475
PGL-035A,1.407032,103.911215
PGL-035B,1.404928,103.910268
PGL-035C,1.404869,103.910242
PGL-035D,1.4048,103.910211
PGL-035E,1.405166,103.910344
PGL-035F,1.405427,103.909639
PGL-0360,1.405756,103.908929
PGL-0361,1.406259,103.908442
PGL-0362,1.403601,103.915822
PGL-0363,1.403588,103.915791
PGL-0364,1.404719,103.914917
PGL-0365,1.404729,103.914906
PGL-0366,1.403312,103.915372
PGL-0367,1.403331,103.915341
PGL-0368,1.403287,103.915381
PGL-0369,1.403226,103.915518
PGL-036A,1.403195,103.915532
PGL-036B,1.398101,103.906547
PGL-036C,1.398288,103.906434
PGL-036D,1.399004,103.905048
PGL-036E,1.398742,103.905078
PGL-036F,1.398875,103.904954
PGL-0370,1.39753,103.904469
PGL-0371,1.397208,103.904602
PGL-0372,1.397286,103.904457
PGL-0373,1.39775,103.905526
PGL-0374,1.397308,103.90774
PGL-0375,1.397487,103.907392
PGL-0376,1.396782,103.907519
PGL-0377,1.396717,103.907611
PGL-0378,1.396829,103.907468
PGL-0379,1.395237,103.909411
PGL-037A,1.395297,103.909181
PGL-037B,1.395212,103.909183
PGL-037C,1.395165,103.909448
PGL-037D,1.395375,103.910208
PGL-037E,1.395474,103.910007
PGL-037F,1.394182,103.910582
PGL-0380,1.394151,103.910451
PGL-0381,1.393933,103.910889
PGL-0382,1.39395,103.91088
PGL-0383,1.394138,103.910658
PGL-0384,1.392467,103.912519
PGL-0385,1.392578,103.912542
PGL-0386,1.392747,103.912367
PGL-0387,1.392734,103.912332
PGL-0388,1.394519,103.91471
PGL-0389,1.394315,103.914806
PGL-038A,1.393975,103.913705
PGL-038B,1.393713,103.914297
PGL-038C,1.39374,103.914153
PGL-038D,1.393744,103.914246
PGL-038E,1.39301,103.914508
PGL-038F,1.393219,103.914454
PGL-0390,1.393044,103.914634
PGL-0391,1.394825,103.913108
PGL-0392,1.394952,103.913338
PGL-0393,1.395684,103.912298
PGL-0394,1.395471,103.912166
PGL-0395,1.396215,103.910589
PGL-0396,1.396169,103.91064
PGL-0397,1.39611,103.910484
PGL-0398,1.397191,103.910383
PGL-0399,1.397132,103.910248
PGL-039A,1.398171,103.907964
PGL-039B,1.398328,103.908037
PGL-039C,1.398333,103.908715
PGL-039D,1.398416,103.90894
PGL-039E,1.401279,103.906871
PGL-039F,1.401167,103.906604
PGL-03A0,1.399453,103.90743
PGL-03A1,1.399601,103.9075
PGL-03A2,1.40059,103.906001
PGL-03A3,1.400701,103.906054
PGL-03A4,1.399276,103.903774
PGL-03A5,1.398,103.903147
PGL-03A6,1.397964,103.903127
PGL-03A7,1.400712,103.900339
PGL-03A8,1.400989,103.901229
PGL-03A9,1.400994,103.901102
PGL-03AA,1.39927,103.900979
PGL-03AB,1.399274,103.901118
PGL-03AC,1.399518,103.900089
PGL-03AD,1.399624,103.90013
PGL-03AE,1.399771,103.899783
PGL-03AF,1.400942,103.899578
PGL-03B0,1.40074,103.899636
PGL-03B1,1.400809,103.898774
PGL-03B2,1.402196,103.895812
PGL-03B3,1.402244,103.895556
PGL-03B4,1.402224,103.895665
PGL-03B5,1.401517,103.895946
PGL-03B6,1.401501,103.896051
PGL-03B7,1.401531,103.893865
PGL-03B8,1.401506,103.893952
PGL-03B9,1.401495,103.894078
PGL-03BA,1.402474,103.894008
PGL-03BB,1.40196,103.890016
PGL-03BC,1.401929,103.890165
PGL-03BD,1.402089,103.890475
PGL-03BE,1.401712,103.890983
PGL-03BF,1.401524,103.891269
PGL-03C0,1.405369,103.896022
PGL-03C1,1.405391,103.89591
PGL-03C2,1.405292,103.896092
PGL-03C3,1.405331,103.895906
PGL-03C4,1.404197,103.896458
PGL-03C5,1.404558,103.896196
PGL-03C6,1.404598,103.895956
PGL-03C7,1.405146,103.896515
PGL-03C8,1.405557,103.89639
PGL-03C9,1.405649,103.896576
PGL-03CA,1.404943,103.898519
PGL-03CB,1.404994,103.897667
PGL-03CC,1.40428,103.898507
PGL-03CD,1.403536,103.897615
PGL-03CE,1.403439,103.89785
PGL-03CF,1.403471,103.897782
PGL-03D0,1.403685,103.898464
PGL-03D1,1.403652,103.898481
PGL-03D2,1.403628,103.898508
PGL-03D3,1.404304,103.898913
PGL-03D4,1.403886,103.900965
PGL-03D5,1.403925,103.900887
PGL-03D6,1.402964,103.900139
PGL-03D7,1.402939,103.900176
PGL-03D8,1.402917,103.90022
PGL-03D9,1.402309,103.901098
PGL-03DA,1.402362,103.903797
PGL-03DB,1.402418,103.903675
PGL-03DC,1.402386,103.903741
PGL-03DD,1.401509,103.903572
PGL-03DE,1.4045,103.905596
PGL-03DF,1.404893,103.904829
PGL-03E0,1.404913,103.904846
PGL-03E1,1.404168,103.90537
PGL-03E2,1.406482,103.905859
PGL-03E3,1.406604,103.905842
PGL-03E4,1.406561,103.905861
PGL-03E5,1.406416,103.905683
PGL-03E6,1.408628,103.899541
PGL-03E7,1.409351,103.899689
PGL-03E8,1.411004,103.901105
PGL-03E9,1.411094,103.901081
PGL-03EA,1.410594,103.901797
PGL-03EB,1.410529,103.901942
PGL-03EC,1.410512,103.901776
PGL-03ED,1.408846,103.896986
PGL-03EE,1.409039,103.896944
PGL-03EF,1.409125,103.897231
PGL-03F0,1.410445,103.896737
PGL-03F1,1.41043,103.896832
PGL-03F2,1.412433,103.90011
PGL-03F3,1.412594,103.899983
PGL-03F4,1.412583,103.899965
PGL-03F5,1.412242,103.899765
PGL-03F6,1.412211,103.899763
PGL-03F7,1.412194,103.899751
PGL-03F8,1.402843,103.908091
PGL-03F9,1.402598,103.907212
PGL-03FA,1.402684,103.907137
PGL-03FB,1.40268,103.907062
PGL-03FC,1.403483,103.907852
PGL-03FD,1.403455,103.907821
PGL-03FE,1.403641,103.907365
PGL-03FF,1.403576,103.907636
PGL-0400,1.403692,103.907689
PGL-0401,1.405242,103.907706
PGL-0402,1.404244,103.908528
PGL-0403,1.40389,103.908606
PGL-0404,1.404119,103.908479
PGL-0405,1.403656,103.910255
PGL-0406,1.403374,103.910409
PGL-0407,1.401619,103.911796
PGL-0408,1.401758,103.911856
PGL-0409,1.402616,103.910612
PGL-040A,1.402568,103.910584
PGL-040B,1.402346,103.910762
PGL-040C,1.402582,103.91063
PGL-040D,1.39967,103.911465
PGL-040E,1.399653,103.911455
PGL-040F,1.399642,103.911428
PGL-0410,1.400323,103.912107
PGL-0411,1.400333,103.912129
PGL-0412,1.400523,103.912171
PGL-0413,1.401007,103.912899
PGL-0414,1.401034,103.912875
PGL-0415,1.39913,103.915069
PGL-0416,1.399212,103.915256
PGL-0417,1.399162,103.915015
PGL-0418,1.399859,103.915503
PGL-0419,1.399864,103.915558
PGL-041A,1.399899,103.915522
PGL-041B,1.39841,103.916056
PGL-041C,1.398662,103.916038
PGL-041D,1.398381,103.916096
PGL-041E,1.400677,103.918654
PGL-041F,1.40002,103.919638
PGL-0420,1.400734,103.918765
PGL-0421,1.399992,103.919584
PGL-0422,1.401382,103.91921
PGL-0423,1.401407,103.91915
PGL-0424,1.401376,103.919131
PGL-0425,1.401451,103.919168
PGL-0426,1.401343,103.919099
PGL-0427,1.402062,103.917134
PGL-0428,1.402097,103.917087
PGL-0429,1.401526,103.918533
PGL-042A,1.401499,103.918377
PGL-042B,1.401506,103.918431
PGL-042C,1.400535,103.917677
PGL-042D,1.400505,103.917507
PGL-042E,1.400522,103.917658
PGL-042F,1.400444,103.91772
PGL-0430,1.401674,103.914545
PGL-0431,1.401632,103.914544
PGL-0432,1.40541,103.914134
PGL-0433,1.405444,103.914068
PGL-0434,1.405426,103.914097
PGL-0435,1.407506,103.911269
PGL-0436,1.407433,103.910583
PGL-0437,1.407409,103.910613
PGL-0438,1.405419,103.910539
PGL-0439,1.405578,103.909872
PGL-043A,1.406288,103.90934
PGL-043B,1.406241,103.909261
PGL-043C,1.406285,103.909362
PGL-043D,1.406393,103.908888
PGL-043E,1.406403,103.908885
PGL-043F,1.403746,103.915643
PGL-0440,1.403731,103.915369
PGL-0441,1.403735,103.915339
PGL-0442,1.404233,103.914481
PGL-0443,1.4043,103.914635
PGL-0444,1.404246,103.914511
PGL-0445,1.404375,103.914798
PGL-0446,1.404266,103.914534
PGL-0447,1.403602,103.914559
PGL-0448,1.403728,103.914607
PGL-0449,1.403642,103.914491
PGL-044A,1.403618,103.914517
PGL-044B,1.39851,103.90518
PGL-044C,1.3984,103.905317
PGL-044D,1.397339,103.905215
PGL-044E,1.397602,103.907125
PGL-044F,1.397472,103.907147
PGL-0450,1.396314,103.907871
PGL-0451,1.396209,103.908046
PGL-0452,1.396168,103.908073
PGL-0453,1.395439,103.908922
PGL-0454,1.395533,103.909004
PGL-0455,1.395023,103.910312
PGL-0456,1.394954,103.910274
PGL-0457,1.395309,103.910281
PGL-0458,1.393864,103.911292
PGL-0459,1.393878,103.911003
PGL-045A,1.392961,103.911935
PGL-045B,1.392954,103.912077
PGL-045C,1.393221,103.912096
PGL-045D,1.394586,103.914625
PGL-045E,1.394642,103.91444
PGL-045F,1.393737,103.914033
PGL-0460,1.395966,103.910687
PGL-0461,1.396078,103.910799
PGL-0462,1.397455,103.910026
PGL-0463,1.397358,103.910182
PGL-0464,1.397278,103.910108
PGL-0465,1.398418,103.907932
PGL-0466,1.39785,103.909585
PGL-0467,1.398096,103.909286
PGL-0468,1.397884,103.909544
PGL-0469,1.398139,103.909262
PGL-046A,1.401477,103.906906
PGL-046B,1.40133,103.907105
PGL-046C,1.401586,103.906776
PGL-046D,1.399544,103.907298
PGL-046E,1.399664,103.907402
PGL-046F,1.400609,103.90616
PGL-0470,1.39967,103.903413
PGL-0471,1.399728,103.903452
PGL-0472,1.398316,103.902516
PGL-0473,1.398264,103.902497
PGL-0474,1.401145,103.900548
PGL-0475,1.400884,103.899282
PGL-0476,1.401093,103.899182
PGL-0477,1.402003,103.896189
PGL-0478,1.405093,103.895848
PGL-0479,1.405096,103.895746
PGL-047A,1.405024,103.895978
PGL-047B,1.404857,103.898352
PGL-047C,1.404921,103.898109
PGL-047D,1.403384,103.898092
PGL-047E,1.403328,103.898185
PGL-047F,1.403442,103.90085
PGL-0480,1.403593,103.900882
PGL-0481,1.402852,103.900378
PGL-0482,1.402841,103.900421
PGL-0483,1.402795,103.901482
PGL-0484,1.402606,103.901387
PGL-0485,1.40293,103.901711
PGL-0486,1.401912,103.903756
PGL-0487,1.401868,103.90383
PGL-0488,1.404632,103.905349
PGL-0489,1.40442,103.905408
PGL-048A,1.404768,103.905067
PGL-048B,1.404705,103.905111
PGL-048C,1.404559,103.905172
PGL-048D,1.404345,103.905044
PGL-048E,1.405846,103.907129
PGL-048F,1.405894,103.906714
PGL-0490,1.405816,103.906772
PGL-0491,1.406163,103.906428
PGL-0492,1.406327,103.906255
PGL-0493,1.406416,103.906208
PGL-0494,1.40637,103.906197
PGL-0495,1.406118,103.906401
PGL-0496,1.406281,103.906453
PGL-0497,1.408901,103.896737
PGL-0498,1.408869,103.896669
PGL-0499,1.40894,103.896794
PGL-049A,1.410093,103.89672
PGL-049B,1.410106,103.896614
PGL-049C,1.403027,103.907821
PGL-049D,1.403027,103.907655
PGL-049E,1.402819,103.907683
PGL-049F,1.4047,103.907442
PGL-04A0,1.404618,103.907576
PGL-04A1,1.403926,103.908964
PGL-04A2,1.403774,103.908797
PGL-04A3,1.403828,103.909104
PGL-04A4,1.40381,103.908716
PGL-04A5,1.401861,103.911544
PGL-04A6,1.401814,103.91152
PGL-04A7,1.402117,103.911071
PGL-04A8,1.402065,103.911188
PGL-04A9,1.402274,103.911122
PGL-04AA,1.402343,103.910998
PGL-04AB,1.399197,103.915423
PGL-04AC,1.3988,103.915948
PGL-04AD,1.399113,103.915478
PGL-04AE,1.398781,103.915984
PGL-04AF,1.401856,103.917641
PGL-04B0,1.40184,103.917639
PGL-04B1,1.407856,103.910797
PGL-04B2,1.407834,103.910817
PGL-04B3,1.405637,103.910733
PGL-04B4,1.405618,103.91066
PGL-04B5,1.405925,103.910375
PGL-04B6,1.405825,103.910141
PGL-04B7,1.403844,103.914163
PGL-04B8,1.403831,103.914145
PGL-04B9,1.401847,103.907228
PGL-04BA,1.401805,103.906987
PGL-04BC,1.40134,103.896256
PGL-04BD,1.404729,103.896914
PGL-04BE,1.402823,103.898341
PGL-04BF,1.402741,103.896813
PGL-04C0,1.403302,103.897749
PGL-04C2,1.40578,103.904719
PGL-04C3,1.402187,103.907485
PGL-04C4,1.396566,103.911955
PGL-04C5,1.401977,103.90991
PGL-04C6,1.40657,103.89875
PGL-04C7,1.404818,103.897286
PGL-04C8,1.402138,103.900262
PGL-04C9,1.404553,103.909352
PGL-04CA,1.406256,103.899574
PGL-04CB,1.407778,103.908573
PGL-04CC,1.3989,103.906244
PGL-04CD,1.394398,103.911786
PGL-04CE,1.405003,103.909183
PGL-04D0,1.402335,103.912438
PGL-04D1,1.396908,103.917649
PGL-04D2,1.402485,103.912646
PGL-04D3,1.399092,103.907619
PGL-04D4,1.394257,103.915745
PGL-04D5,1.401102,103.905393
PGL-04D6,1.401312,103.902754
PGL-04D7,1.403198,103.903201
PGL-04D8,1.405901,103.903019
PGL-04D9,1.403985,103.901536
PGL-04DA,1.402523,103.902553
PGL-04DB,1.406438,103.902926
PGL-04DD,1.394406,103.912226
PGL-04DE,1.394592,103.911995
PGL-04DF,1.395739,103.922704
PGL-04E0,1.396888,103.921212
PGL-04E1,1.396886,103.92121
PGL-04E2,1.397672,103.922181
PGL-04E3,1.415978,103.900192
PGL-04E4,1.415594,103.900301
PGL-04E7,1.419268,103.903984
PGL-04E8,1.419216,103.903924
PGL-04E9,1.419281,103.903973
PGL-04EA,1.419242,103.904001
PGL-04EB,1.419432,103.904762
PGL-04EC,1.419363,103.904745
PGL-04ED,1.419424,103.904759
PGL-04EE,1.416471,103.901377
PGL-04EF,1.41653,103.901431
PGL-04F0,1.417676,103.903614
PGL-04F1,1.417585,103.90382
PGL-04F2,1.417912,103.90331
PGL-04F3,1.417964,103.90341
PGL-04F4,1.417659,103.902841
PGL-04F5,1.417707,103.902855
PGL-04F6,1.417251,103.902256
PGL-04F7,1.417521,103.902607
PGL-04F8,1.416257,103.901204
PGL-04F9,1.41625,103.901159
PGL-04FA,1.41588,103.900865
PGL-04FB,1.415954,103.900908
PGL-04FC,1.415682,103.901277
PGL-04FD,1.415585,103.901184
PGL-04FE,1.416067,103.901863
PGL-04FF,1.416139,103.901672
PGL-0500,1.416856,103.902712
PGL-0501,1.416837,103.902685
PGL-0502,1.417178,103.902861
PGL-0503,1.417112,103.90274
PGL-0504,1.417273,103.902972
PGL-0505,1.417203,103.902897
PGL-0506,1.417348,103.903148
PGL-0507,1.417281,103.903024
PGL-0508,1.419828,103.904044
PGL-0509,1.419801,103.904089
PGL-050A,1.419802,103.904087
PGL-050B,1.403969,103.901901
PGL-050C,1.404108,103.901642
PGL-050F,1.403808,103.901663
PGL-0510,1.419875,103.904844
PGL-0511,1.419304,103.905322
PGL-0512,1.416655,103.899375
PGL-0513,1.417248,103.900028
PGL-0514,1.41739,103.901001
PGL-0515,1.416947,103.90062
PGL-0516,1.417484,103.900274
PGL-0517,1.417681,103.900532
PGL-0518,1.418371,103.901322
PGL-0519,1.418483,103.901644
PGL-051A,1.416293,103.899999
PGL-051B,1.418299,103.901372
PGL-051C,1.419424,103.902933
PGL-051D,1.418852,103.903214
PGL-051E,1.418604,103.901805
PGL-051F,1.418884,103.902259
PGL-0520,1.417817,103.901542
PGL-0521,1.419447,103.905222
PGL-0522,1.418592,103.902731
PGL-0523,1.418141,103.902007
PGL-0524,1.399958,103.920496
PGL-0525,1.399624,103.921052
PGL-0526,1.39932,103.92079
PGL-0527,1.399533,103.921172
PGL-0528,1.399314,103.919991
PGL-0529,1.399653,103.92099
PGL-052A,1.409215,103.904857
PGL-052B,1.407773,103.905194
PGL-052C,1.408382,103.904401
PGL-052D,1.402896,103.917155
PGL-052E,1.403009,103.916974
PGL-052F,1.402076,103.918179
PGL-0530,1.39949,103.917257
PGL-0531,1.399414,103.917401
PGL-0532,1.402074,103.913887
PGL-0533,1.404833,103.913718
PGL-0534,1.405334,103.912764
PGL-0535,1.406054,103.91235
PGL-0536,1.406478,103.912507
PGL-0537,1.402347,103.916521
PGL-0538,1.402574,103.916967
PGL-0539,1.401,103.917317
PGL-053A,1.40483,103.912932
PGL-053B,1.405186,103.913429
PGL-053C,1.406235,103.911447
PGL-053D,1.406175,103.91155
PGL-053E,1.402042,103.917175
PGL-053F,1.401988,103.917566
PGL-0540,1.400578,103.917634
PGL-0541,1.401474,103.914443
PGL-0542,1.405382,103.913719
PGL-0543,1.407321,103.910749
PGL-0544,1.406238,103.909523
PGL-0545,1.407686,103.910707
PGL-0546,1.407746,103.911034
PGL-0547,1.399352,103.921513
PGL-0548,1.399099,103.922089
PGL-0549,1.399926,103.920911
PGL-054A,1.399974,103.920688
PGL-054B,1.399888,103.920687
PGL-054C,1.399194,103.920831
PGL-054D,1.39922,103.920148
PGL-054E,1.398858,103.921417
PGL-054F,1.398855,103.922066
PGL-0550,1.412035,103.897689
PGL-0551,1.412409,103.897509
PGL-0552,1.412372,103.898211
PGL-0553,1.412982,103.89818
PGL-0554,1.412025,103.89771
PGL-0555,1.413477,103.89835
PGL-0556,1.412626,103.897706
PGL-0557,1.405723,103.901766
PGL-0558,1.417769,103.90571
PGL-0559,1.417599,103.90577
PGL-055A,1.415113,103.900826
PGL-055B,1.417634,103.905678
PGL-055C,1.417721,103.905923
PGL-055D,1.417532,103.906025
PGL-055E,1.417743,103.905809
PGL-055F,1.417573,103.905895
PGL-0560,1.418957,103.906375
PGL-0561,1.419041,103.906379
PGL-0562,1.417689,103.906076
PGL-0563,1.418935,103.906461
PGL-0564,1.419518,103.906426
PGL-0565,1.4194,103.906404
PGL-0566,1.41938,103.906582
PGL-0567,1.397584,103.920052
PGL-0568,1.397534,103.920217
PGL-0569,1.415266,103.900495
PGL-056A,1.41519,103.900648
PGL-056B,1.39756,103.920336
PGL-056C,1.397221,103.920659
PGL-056D,1.412036,103.900199
PGL-056E,1.402376,103.912868
PGL-056F,1.417414,103.910048
PGL-0570,1.417712,103.910584
PGL-0571,1.417708,103.910691
PGL-0572,1.41725,103.911166
PGL-0573,1.417245,103.910952
PGL-0574,1.417196,103.910725
PGL-0575,1.417296,103.910636
PGL-0576,1.417263,103.910707
PGL-0577,1.417067,103.909963
PGL-0578,1.416712,103.91086
PGL-0579,1.416698,103.911028
PGL-057A,1.41682,103.911183
PGL-057B,1.418333,103.911137
PGL-057C,1.418837,103.911333
PGL-057D,1.419134,103.91175
PGL-057E,1.419301,103.911364
PGL-057F,1.419549,103.911595
PGL-0580,1.419474,103.911739
PGL-0581,1.41992,103.911508
PGL-0582,1.397349,103.921085
PGL-0583,1.398072,103.920851
PGL-0584,1.398673,103.919944
PGL-0585,1.414866,103.909596
PGL-0586,1.414712,103.911034
PGL-0587,1.411543,103.911008
PGL-0588,1.411469,103.910564
PGL-0589,1.416259,103.90226
PGL-058A,1.399765,103.916576
PGL-058B,1.41587,103.908899
PGL-058C,1.419715,103.912758
PGL-058D,1.419641,103.912736
PGL-058E,1.419636,103.912765
PGL-058F,1.419665,103.91266
PGL-0590,1.419257,103.913002
PGL-0591,1.41909,103.913092
PGL-0592,1.419058,103.913121
PGL-0593,1.419026,103.91315
PGL-0594,1.4187,103.912255
PGL-0595,1.418851,103.912588
PGL-0596,1.418965,103.912726
PGL-0597,1.4186,103.913024
PGL-0598,1.418528,103.912906
PGL-0599,1.418026,103.912164
PGL-059A,1.418342,103.912615
PGL-059B,1.411558,103.897145
PGL-059C,1.406144,103.90268
PGL-059D,1.406454,103.902867
PGL-059E,1.400861,103.898266
PGL-059F,1.412697,103.899875
PGL-05A0,1.401621,103.890177
PIO-0001,1.327538,103.678385
PIO-0002,1.323055,103.681927
PIO-0003,1.318813,103.678783
PIO-0004,1.319129,103.660594
PIO-0005,1.319444,103.660938
PIO-0006,1.327519,103.678386
PIO-0007,1.327485,103.677874
PIO-0008,1.327957,103.678801
PIO-0009,1.327501,103.678717
PIO-000A,1.312974,103.660092
PIO-000B,1.306528,103.679012
PIO-000C,1.319516,103.68304
PIO-000D,1.302969,103.65543
PIO-000E,1.301008,103.657233
PIO-000F,1.31542,103.678574
PIO-0010,1.313773,103.65701
PIO-0011,1.309117,103.675095
PIO-0012,1.318309,103.688523
PIO-0013,1.305996,103.663984
PIO-0014,1.311671,103.65873
PIO-0015,1.315358,103.674536
PIO-0017,1.314335,103.670703
PIO-0018,1.319793,103.66904
PIO-0019,1.32552,103.669709
PIO-001A,1.329214,103.674903
PIO-001B,1.326766,103.676649
PIO-001C,1.320251,103.676631
PIO-001D,1.321331,103.696296
PIO-001E,1.324681,103.693063
PIO-001F,1.324674,103.690618
PIO-0020,1.325108,103.684161
PIO-0021,1.327538,103.67836
PIO-0022,1.306233,103.656911
PIO-0024,1.315208,103.663306
PIO-0025,1.317866,103.676581
PIO-0026,1.337413,103.697217
PIO-0027,1.325544,103.684017
PIO-0028,1.327542,103.678335
PIO-0029,1.322929,103.677539
PIO-002A,1.322473,103.671743
PIO-002B,1.324504,103.688401
PIO-002C,1.324702,103.688648
PIO-002D,1.326736,103.684198
PIO-002E,1.319545,103.666298
PIO-002F,1.327624,103.68848
PIO-0030,1.322283,103.67745
PIO-0031,1.326017,103.679067
PIO-0032,1.320028,103.672471
PIO-0033,1.345846,103.772638
PIO-0034,1.30897,103.671846
PIO-0035,1.309336,103.675091
PIO-0036,1.301764,103.677465
PIO-0037,1.304094,103.676175
PIO-0038,1.324669,103.695672
PIO-0039,1.322411,103.692268
PIO-003A,1.324524,103.692684
PIO-003B,1.317165,103.69627
PIO-003C,1.322419,103.680547
PIO-003D,1.302824,103.655346
PIO-003E,1.324523,103.685628
PIO-003F,1.312693,103.678872
PIO-0040,1.319504,103.685741
PIO-0041,1.327658,103.690918
PIO-0042,1.300343,103.663502
PIO-0043,1.302516,103.66167
PIO-0044,1.298703,103.664447
PIO-0045,1.297213,103.666202
PIO-0047,1.312408,103.674921
PIO-0048,1.314914,103.676747
PIO-0049,1.298189,103.668308
PIO-004A,1.298156,103.668572
PIO-004B,1.300728,103.667036
PIO-004C,1.304999,103.65553
PIO-004D,1.324524,103.695791
PIO-004E,1.306922,103.665328
PIO-004F,1.326716,103.684025
PIO-0051,1.307051,103.661046
PIO-0052,1.295536,103.670974
PIO-0053,1.304703,103.659388
PIO-0054,1.307342,103.657728
PIO-0055,1.302021,103.679534
PIO-0056,1.322434,103.685279
PIO-0057,1.327654,103.693918
PIO-0058,1.317343,103.658789
PIO-0059,1.309383,103.661153
PIO-005A,1.314944,103.66887
PIO-005B,1.323667,103.668965
PIO-005C,1.309745,103.679185
PIO-005D,1.312719,103.685873
PIO-005E,1.3219,103.671218
PIO-005F,1.303756,103.679321
PRI-1001,1.333353,103.96341
PRI-1002,1.318436,103.819918
PRI-1004,1.340124,103.96234
PRI-1005,1.34176,103.963234
PRI-1006,1.341387,103.964606
PRI-1007,1.289012,103.841993
PRI-1008,1.304217,103.823783
PRI-1010,1.2995,103.842064
PRI-1011,1.347293,103.985743
PRI-1013,1.289001,103.845556
PRI-1014,1.31418,103.91313
PRI-1015,1.30841,103.85204
PRI-1016,1.3533,103.87662
PRI-1017,1.32511,103.8465
PRI-1018,1.29064,103.83487
PRI-1019,1.28731,103.84808
PSP-0001,1.27963,103.791271
PSR-0001,1.36233,103.963005
PSR-0002,1.373687,103.943651
PSR-0003,1.373741,103.94038
PSR-0004,1.374003,103.940744
PSR-0005,1.378489,103.94155
PSR-0006,1.378774,103.942637
PSR-0007,1.375716,103.94104
PSR-0008,1.380463,103.946558
PSR-0009,1.378893,103.942844
PSR-000B,1.378192,103.941296
PSR-000C,1.373833,103.94258
PSR-000F,1.368437,103.969051
PSR-0010,1.3626,103.973607
PSR-0011,1.363187,103.967341
PSR-0012,1.372764,103.945212
PSR-0013,1.375467,103.940111
PSR-0014,1.354742,103.96852
PSR-0015,1.357764,103.969347
PSR-0017,1.35327,103.965784
PSR-0018,1.374981,103.961696
PSR-001A,1.37758,103.957042
PSR-001B,1.378704,103.960765
PSR-001C,1.380707,103.93501
PSR-001D,1.374428,103.941901
PSR-001F,1.378469,103.933481
PSR-0020,1.35992,103.964714
PSR-0021,1.375166,103.962142
PSR-0022,1.375491,103.955102
PSR-0023,1.36896,103.960472
PSR-0026,1.359737,103.965415
PSR-0027,1.361313,103.962569
PSR-0028,1.382771,103.938452
PSR-002A,1.369443,103.951436
PSR-002B,1.374696,103.948249
PSR-002C,1.382423,103.938489
PSR-0030,1.369349,103.95534
PSR-0031,1.375794,103.941243
PSR-0032,1.376588,103.93861
PSR-0033,1.383098,103.936257
PSR-0034,1.378257,103.936384
PSR-0035,1.373333,103.94809
PSR-0036,1.369962,103.948762
PSR-003A,1.368775,103.957907
PSR-003B,1.376621,103.956238
PSR-003C,1.373244,103.963741
PSR-003D,1.373059,103.963973
PSR-003E,1.370382,103.963634
PSR-003F,1.369484,103.96423
PSR-0040,1.367344,103.965245
PSR-0041,1.376119,103.939653
PSR-0042,1.36975,103.951306
PSR-0043,1.377744,103.943682
PSR-0044,1.375915,103.945884
PSR-0045,1.377485,103.938224
PSR-0046,1.376888,103.934911
PSR-0047,1.37545,103.936604
PSR-0048,1.378536,103.936704
PSR-0049,1.381059,103.936456
PSR-004A,1.373187,103.946634
PSR-004B,1.368923,103.955009
PSR-004C,1.361575,103.961846
PSR-004D,1.367372,103.959641
PSR-004E,1.365065,103.958868
PSR-004F,1.371378,103.960234
PSR-0050,1.374685,103.948049
PSR-0052,1.377426,103.949107
PSR-0056,1.373551,103.949393
PSR-005E,1.380227,103.973405
PSR-0060,1.367193,103.957826
PSR-0061,1.366918,103.958516
PSR-0062,1.367074,103.958139
PSR-0063,1.367449,103.957772
PSR-0064,1.367412,103.958244
PSR-0065,1.367234,103.958239
PSR-0066,1.367531,103.95794
PSR-0067,1.367673,103.958653
PSR-0068,1.367778,103.958189
PSR-0069,1.367654,103.958512
PSR-006A,1.367938,103.958189
PSR-006B,1.367549,103.959102
PSR-006C,1.367842,103.958902
PSR-006D,1.368061,103.958489
PSR-006E,1.368546,103.957231
PSR-006F,1.368399,103.957631
PSR-0070,1.36829,103.95799
PSR-0071,1.368011,103.957676
PSR-0072,1.368079,103.957436
PSR-0073,1.367339,103.957445
PSR-0074,1.367746,103.957472
PSR-0075,1.367458,103.957081
PSR-0076,1.367522,103.956854
PSR-0077,1.368281,103.956205
PSR-0078,1.368363,103.955987
PSR-0079,1.36882,103.956087
PSR-007A,1.368783,103.956232
PSR-007B,1.368747,103.956405
PSR-007C,1.368491,103.956496
PSR-007D,1.367723,103.955614
PSR-007E,1.36765,103.955987
PSR-007F,1.368025,103.955996
PSR-0080,1.36807,103.955651
PSR-0081,1.368107,103.955478
PSR-0082,1.368665,103.955215
PSR-0083,1.368454,103.954879
PSR-0084,1.36893,103.955106
PSR-0085,1.368939,103.954579
PSR-0086,1.368802,103.95447
PSR-0087,1.36892,103.954724
PSR-0088,1.367888,103.954897
PSR-0089,1.367952,103.954488
PSR-008A,1.367915,103.954706
PSR-008B,1.36807,103.954951
PSR-008C,1.367211,103.95457
PSR-008D,1.367083,103.954979
PSR-008E,1.367175,103.954706
PSR-008F,1.367522,103.954779
PSR-0090,1.367622,103.95447
PSR-0091,1.367476,103.95496
PSR-0092,1.366809,103.954688
PSR-0093,1.366873,103.95447
PSR-0094,1.366928,103.954288
PSR-0095,1.366626,103.954134
PSR-0096,1.366489,103.954552
PSR-0097,1.366571,103.954297
PSR-0098,1.365858,103.954652
PSR-0099,1.365739,103.954552
PSR-009A,1.365867,103.954152
PSR-009B,1.365941,103.953961
PSR-009C,1.365803,103.954397
PSR-009D,1.366105,103.954588
PSR-009E,1.366142,103.954207
PSR-009F,1.366187,103.954288
PSR-00A0,1.365438,103.955387
PSR-00A1,1.365547,103.955151
PSR-00A2,1.365346,103.955587
PSR-00A3,1.365639,103.954915
PSR-00A4,1.365995,103.954997
PSR-00A5,1.365913,103.955197
PSR-00A6,1.365776,103.955469
PSR-00A7,1.366306,103.955169
PSR-00A8,1.36658,103.955424
PSR-00A9,1.365424,103.95699
PSR-00AA,1.365735,103.956504
PSR-00AB,1.366142,103.955941
PSR-00AC,1.365543,103.956073
PSR-00AD,1.365049,103.956523
PSR-00AE,1.364629,103.957276
PSR-00AF,1.364971,103.957908
PSR-00B0,1.365255,103.957276
PSR-00B1,1.363692,103.95971
PSR-00B2,1.363842,103.959502
PSR-00B3,1.363445,103.959488
PSR-00B4,1.363742,103.959629
PSR-00B5,1.36408,103.959156
PSR-00B6,1.364039,103.959243
PSR-00B7,1.364304,103.958834
PSR-00B8,1.363545,103.958793
PSR-00B9,1.363394,103.959011
PSR-00BA,1.362467,103.960101
PSR-00BB,1.362151,103.960746
PSR-00BC,1.362745,103.960451
PSR-00BD,1.363198,103.960542
PSR-00BE,1.363015,103.960196
PSR-00BF,1.363381,103.960115
PSR-00C0,1.363166,103.959992
PSR-00C1,1.362642,103.962335
PSR-00C2,1.363104,103.961972
PSR-00C3,1.362816,103.962204
PSR-00C4,1.362129,103.961934
PSR-00C5,1.361662,103.962117
PSR-00C6,1.361543,103.961981
PSR-00C7,1.362935,103.963241
PSR-00C8,1.363008,103.96244
PSR-00C9,1.363671,103.962326
PSR-00CA,1.363908,103.962372
PSR-00CB,1.363621,103.962708
PSR-00CC,1.363588,103.963157
PSR-00CD,1.363616,103.963507
PSR-00CE,1.363982,103.962953
PSR-00CF,1.36432,103.962667
PSR-00D0,1.364594,103.962136
PSR-00D1,1.363721,103.961364
PSR-00D2,1.363749,103.961232
PSR-00D3,1.364137,103.962072
PSR-00D4,1.363858,103.961836
PSR-00D5,1.364107,103.960487
PSR-00D6,1.364011,103.96036
PSR-00D7,1.364624,103.960555
PSR-00D8,1.364226,103.960805
PSR-00D9,1.364427,103.960528
PSR-00DA,1.364788,103.960878
PSR-00DB,1.364875,103.960392
PSR-00DC,1.36504,103.960532
PSR-00DD,1.365401,103.960256
PSR-00DE,1.365753,103.959865
PSR-00DF,1.365767,103.960006
PSR-00E0,1.365543,103.959706
PSR-00E1,1.36515,103.959424
PSR-00E2,1.365172,103.959702
PSR-00E3,1.364592,103.961068
PSR-00E4,1.364848,103.959211
PSR-00E5,1.365191,103.958702
PSR-00E6,1.365241,103.959138
PSR-00E7,1.365022,103.958988
PSR-00E8,1.36531,103.959161
PSR-00E9,1.365172,103.958775
PSR-00EA,1.365575,103.958993
PSR-00EB,1.36562,103.958398
PSR-00EC,1.365314,103.958539
PSR-00ED,1.36547,103.958321
PSR-00EE,1.366013,103.958898
PSR-00EF,1.366096,103.958739
PSR-00F0,1.366635,103.959116
PSR-00F1,1.366242,103.959066
PSR-00F2,1.365936,103.959252
PSR-00F3,1.366068,103.959352
PSR-00F4,1.365885,103.959602
PSR-00F5,1.366338,103.960056
PSR-00F6,1.366416,103.959942
PSR-00F7,1.36631,103.960678
PSR-00F8,1.366425,103.960769
PSR-00F9,1.366795,103.960192
PSR-00FA,1.366864,103.960387
PSR-00FB,1.367147,103.959529
PSR-00FC,1.367311,103.959765
PSR-00FD,1.36705,103.961907
PSR-00FE,1.367366,103.962665
PSR-00FF,1.367553,103.962447
PSR-0100,1.366739,103.963288
PSR-0101,1.366214,103.962729
PSR-0102,1.366584,103.962279
PSR-0103,1.36609,103.962129
PSR-0104,1.366104,103.961989
PSR-0105,1.366621,103.961521
PSR-0106,1.366813,103.961312
PSR-0107,1.367041,103.96148
PSR-0108,1.367183,103.960932
PSR-0109,1.367421,103.961205
PSR-010A,1.367256,103.961205
PSR-010B,1.367906,103.96076
PSR-010C,1.367704,103.960823
PSR-010D,1.368207,103.960887
PSR-010E,1.368724,103.960496
PSR-010F,1.367672,103.96148
PSR-0110,1.368426,103.961771
PSR-0111,1.368257,103.961884
PSR-0112,1.36844,103.961548
PSR-0113,1.368074,103.961712
PSR-0114,1.368942,103.961258
PSR-0115,1.369542,103.96105
PSR-0116,1.369359,103.961459
PSR-0117,1.369277,103.961732
PSR-0118,1.369907,103.961723
PSR-0119,1.369779,103.961822
PSR-011A,1.370246,103.961841
PSR-011B,1.370822,103.961786
PSR-011C,1.370721,103.961895
PSR-011D,1.370721,103.961523
PSR-011E,1.370575,103.961368
PSR-011F,1.370767,103.960923
PSR-0120,1.37063,103.961141
PSR-0121,1.37116,103.961178
PSR-0122,1.371068,103.961005
PSR-0123,1.371096,103.961886
PSR-0124,1.371535,103.96135
PSR-0125,1.371535,103.961496
PSR-0126,1.371699,103.961541
PSR-0127,1.372174,103.96135
PSR-0128,1.371992,103.961777
PSR-0129,1.372001,103.961614
PSR-012A,1.372659,103.961823
PSR-012B,1.372357,103.961904
PSR-012C,1.372513,103.962004
PSR-012D,1.372613,103.961914
PSR-012E,1.372952,103.961232
PSR-012F,1.372952,103.961151
PSR-0130,1.372769,103.961368
PSR-0131,1.373457,103.961266
PSR-0132,1.373344,103.961395
PSR-0133,1.373367,103.961318
PSR-0134,1.373402,103.961164
PSR-0135,1.37364,103.961279
PSR-0136,1.374677,103.961715
PSR-0137,1.37465,103.961875
PSR-0138,1.374665,103.961514
PSR-0139,1.374755,103.961709
PSR-013A,1.374694,103.961617
PSR-013B,1.3746,103.96205
PSR-013C,1.374511,103.962221
PSR-013D,1.374517,103.962195
PSR-013E,1.374503,103.962245
PSR-013F,1.374115,103.961726
PSR-0140,1.374049,103.962121
PSR-0141,1.373263,103.9618
PSR-0142,1.373784,103.96167
PSR-0143,1.373284,103.961701
PSR-0144,1.373644,103.961916
PSR-0145,1.373445,103.962334
PSR-0146,1.374461,103.96275
PSR-0147,1.374448,103.962616
PSR-0148,1.374497,103.962648
PSR-0149,1.374282,103.962911
PSR-014A,1.374199,103.962889
PSR-014B,1.374281,103.962993
PSR-014C,1.373233,103.963395
PSR-014D,1.373141,103.963399
PSR-014E,1.373326,103.963412
PSR-014F,1.373423,103.962849
PSR-0150,1.37345,103.96259
PSR-0151,1.372966,103.962509
PSR-0152,1.372996,103.9623
PSR-0153,1.372963,103.962396
PSR-0154,1.371516,103.962349
PSR-0155,1.371562,103.962513
PSR-0156,1.371516,103.96264
PSR-0157,1.371598,103.962976
PSR-0158,1.371498,103.96284
PSR-0159,1.371571,103.963358
PSR-015A,1.371489,103.963485
PSR-015B,1.371297,103.963466
PSR-015C,1.371041,103.962858
PSR-015D,1.371096,103.963121
PSR-015E,1.370995,103.962476
PSR-015F,1.371205,103.962368
PSR-0160,1.371078,103.96234
PSR-0161,1.370721,103.962449
PSR-0162,1.37073,103.962813
PSR-0163,1.370584,103.962912
PSR-0164,1.370172,103.963321
PSR-0165,1.370273,103.963403
PSR-0166,1.370218,103.963158
PSR-0167,1.370209,103.962876
PSR-0168,1.370145,103.962404
PSR-0169,1.370246,103.962331
PSR-016A,1.368317,103.9627
PSR-016B,1.368319,103.963275
PSR-016C,1.367937,103.963311
PSR-016D,1.368138,103.963815
PSR-016E,1.368397,103.964045
PSR-016F,1.368066,103.964045
PSR-0170,1.367739,103.963826
PSR-0171,1.367735,103.963856
PSR-0172,1.36762,103.96371
PSR-0173,1.366994,103.963728
PSR-0174,1.366986,103.963674
PSR-0175,1.366893,103.964219
PSR-0176,1.367425,103.964732
PSR-0177,1.366068,103.963814
PSR-0178,1.365702,103.963215
PSR-0179,1.365446,103.963024
PSR-017A,1.3653,103.963165
PSR-017B,1.365505,103.964445
PSR-017C,1.365437,103.964336
PSR-017D,1.365656,103.964473
PSR-017E,1.365958,103.964168
PSR-017F,1.365967,103.964014
PSR-0180,1.365098,103.964341
PSR-0181,1.364902,103.964168
PSR-0182,1.364856,103.964087
PSR-0183,1.364724,103.964
PSR-0184,1.363906,103.964345
PSR-0185,1.364573,103.964999
PSR-0186,1.364495,103.964913
PSR-0187,1.373844,103.963242
PSR-0188,1.37349,103.95673
PSR-0189,1.373449,103.955972
PSR-018A,1.373349,103.95569
PSR-018B,1.373614,103.955908
PSR-018C,1.373815,103.955708
PSR-018D,1.373687,103.955027
PSR-018E,1.373724,103.955254
PSR-018F,1.373568,103.954346
PSR-0190,1.373559,103.954146
PSR-0191,1.37365,103.954836
PSR-0192,1.373477,103.95352
PSR-0193,1.373157,103.953628
PSR-0194,1.372928,103.954219
PSR-0195,1.373258,103.954128
PSR-0196,1.373239,103.95401
PSR-0197,1.373157,103.954164
PSR-0198,1.372755,103.954237
PSR-0199,1.372581,103.954646
PSR-019A,1.372544,103.954482
PSR-019B,1.372444,103.954201
PSR-019C,1.373321,103.954936
PSR-019D,1.372389,103.955981
PSR-019E,1.372206,103.95629
PSR-019F,1.371767,103.956117
PSR-01A0,1.371795,103.95628
PSR-01A1,1.371566,103.955272
PSR-01A2,1.371594,103.955463
PSR-01A3,1.37163,103.955599
PSR-01A4,1.371703,103.955908
PSR-01A5,1.371585,103.955372
PSR-01A6,1.371987,103.955799
PSR-01A7,1.371859,103.955109
PSR-01A8,1.37195,103.955545
PSR-01A9,1.372142,103.954246
PSR-01AA,1.371978,103.954173
PSR-01AB,1.372243,103.954564
PSR-01AC,1.371795,103.954437
PSR-01AD,1.371795,103.954228
PSR-01AE,1.371338,103.954655
PSR-01AF,1.371466,103.954755
PSR-01B0,1.371877,103.954682
PSR-01B1,1.37185,103.954537
PSR-01B2,1.371694,103.954709
PSR-01B3,1.371365,103.954782
PSR-01B4,1.371256,103.955254
PSR-01B5,1.371073,103.9549
PSR-01B6,1.371118,103.955145
PSR-01B7,1.370762,103.954873
PSR-01B8,1.370753,103.954546
PSR-01B9,1.370415,103.954428
PSR-01BA,1.370671,103.954418
PSR-01BB,1.370415,103.954555
PSR-01BC,1.370049,103.954791
PSR-01BD,1.370424,103.954791
PSR-01BE,1.370268,103.954782
PSR-01BF,1.369921,103.954664
PSR-01C0,1.369903,103.9548
PSR-01C1,1.369555,103.954627
PSR-01C2,1.369546,103.955063
PSR-01C3,1.369647,103.9552
PSR-01C4,1.369866,103.955608
PSR-01C5,1.370323,103.955926
PSR-01C6,1.370323,103.955608
PSR-01C7,1.370323,103.956226
PSR-01C8,1.369436,103.95638
PSR-01C9,1.369647,103.956253
PSR-01CA,1.370223,103.956735
PSR-01CB,1.370076,103.956744
PSR-01CC,1.369802,103.956716
PSR-01CD,1.368939,103.958884
PSR-01CE,1.368203,103.959425
PSR-01CF,1.36834,103.959175
PSR-01D0,1.368998,103.958707
PSR-01D1,1.368646,103.958476
PSR-01D2,1.36924,103.957245
PSR-01D3,1.36919,103.957222
PSR-01D4,1.369167,103.957272
PSR-01D5,1.370621,103.957467
PSR-01D6,1.370182,103.957268
PSR-01D7,1.370269,103.957222
PSR-01D8,1.370159,103.958153
PSR-01D9,1.370634,103.957322
PSR-01DA,1.37058,103.958008
PSR-01DB,1.37057,103.957899
PSR-01DC,1.371132,103.957813
PSR-01DD,1.371132,103.958103
PSR-01DE,1.371484,103.957817
PSR-01DF,1.371494,103.95809
PSR-01E0,1.371603,103.957545
PSR-01E1,1.371914,103.957649
PSR-01E2,1.372042,103.958326
PSR-01E3,1.371974,103.95804
PSR-01E4,1.371919,103.958943
PSR-01E5,1.372166,103.958589
PSR-01E6,1.371928,103.958712
PSR-01E7,1.372092,103.959062
PSR-01E8,1.371814,103.959575
PSR-01E9,1.372056,103.959266
PSR-01EA,1.371818,103.959375
PSR-01EC,1.371407,103.959402
PSR-01ED,1.371411,103.959715
PSR-01EE,1.371398,103.959797
PSR-01EF,1.37089,103.959606
PSR-01F0,1.371087,103.959693
PSR-01F1,1.371078,103.959874
PSR-01F2,1.371128,103.95912
PSR-01F3,1.371123,103.959243
PSR-01F4,1.371544,103.95888
PSR-01F5,1.371169,103.958666
PSR-01F6,1.372512,103.958165
PSR-01F7,1.372686,103.958029
PSR-01F8,1.372677,103.958501
PSR-01F9,1.37286,103.958347
PSR-01FA,1.373335,103.958665
PSR-01FB,1.373518,103.958465
PSR-01FC,1.373509,103.95861
PSR-01FD,1.373326,103.958474
PSR-01FE,1.373499,103.958211
PSR-01FF,1.373499,103.958338
PSR-0200,1.37349,103.956885
PSR-0201,1.37349,103.956621
PSR-0202,1.37382,103.957021
PSR-0203,1.373838,103.956912
PSR-0204,1.373829,103.956494
PSR-0205,1.373847,103.956676
PSR-0206,1.373481,103.957393
PSR-0207,1.373481,103.957638
PSR-0208,1.37382,103.957802
PSR-0209,1.373829,103.957448
PSR-020A,1.374176,103.957348
PSR-020B,1.374167,103.95713
PSR-020C,1.374514,103.957048
PSR-020D,1.374514,103.957666
PSR-020E,1.374514,103.95742
PSR-020F,1.374761,103.95663
PSR-0210,1.374734,103.956503
PSR-0211,1.375209,103.956521
PSR-0212,1.374752,103.956721
PSR-0213,1.375218,103.956939
PSR-0214,1.374734,103.957375
PSR-0215,1.375209,103.957084
PSR-0216,1.37499,103.957412
PSR-0217,1.375218,103.958429
PSR-0218,1.37509,103.95851
PSR-0219,1.37488,103.958211
PSR-021A,1.374505,103.958174
PSR-021B,1.374514,103.958292
PSR-021C,1.374505,103.958047
PSR-021D,1.374752,103.958501
PSR-021E,1.374596,103.958819
PSR-021F,1.374505,103.959037
PSR-0220,1.374779,103.958819
PSR-0221,1.375163,103.959228
PSR-0222,1.375209,103.95891
PSR-0223,1.374779,103.95951
PSR-0224,1.374825,103.959301
PSR-0225,1.374212,103.958783
PSR-0226,1.373874,103.959083
PSR-0227,1.373902,103.958946
PSR-0228,1.374212,103.959055
PSR-0229,1.373947,103.958783
PSR-022A,1.373737,103.9599
PSR-022B,1.373847,103.959246
PSR-022C,1.3737,103.960082
PSR-022D,1.373774,103.959618
PSR-022E,1.374084,103.959764
PSR-022F,1.37403,103.960018
PSR-0230,1.37371,103.960672
PSR-0231,1.373618,103.960481
PSR-0232,1.37445,103.960118
PSR-0233,1.374423,103.960527
PSR-0234,1.374953,103.96049
PSR-0235,1.374999,103.960227
PSR-0236,1.374761,103.960936
PSR-0237,1.374898,103.960772
PSR-0238,1.375935,103.945889
PSR-0239,1.376077,103.94648
PSR-023A,1.375611,103.94623
PSR-023B,1.376013,103.945489
PSR-023C,1.37599,103.945176
PSR-023D,1.376177,103.945167
PSR-023E,1.376196,103.944618
PSR-023F,1.376671,103.945262
PSR-0240,1.376511,103.94509
PSR-0241,1.37641,103.945008
PSR-0242,1.377023,103.944831
PSR-0243,1.376429,103.944454
PSR-0244,1.376607,103.944445
PSR-0245,1.376639,103.944627
PSR-0246,1.376068,103.944418
PSR-0247,1.376287,103.944213
PSR-0248,1.375912,103.943982
PSR-0249,1.376022,103.944113
PSR-024A,1.375702,103.94415
PSR-024B,1.375615,103.944263
PSR-024C,1.375574,103.944572
PSR-024D,1.375416,103.944046
PSR-024E,1.375348,103.944104
PSR-024F,1.375537,103.943828
PSR-0250,1.375011,103.943439
PSR-0251,1.375204,103.943542
PSR-0252,1.375137,103.943645
PSR-0253,1.374495,103.943203
PSR-0254,1.374437,103.943377
PSR-0255,1.37436,103.942989
PSR-0256,1.374176,103.943538
PSR-0257,1.373988,103.943332
PSR-0258,1.37467,103.943997
PSR-0259,1.374567,103.944064
PSR-025A,1.374369,103.944006
PSR-025B,1.374285,103.944904
PSR-025C,1.374189,103.945108
PSR-025D,1.373574,103.944372
PSR-025E,1.373458,103.944764
PSR-025F,1.373993,103.944572
PSR-0260,1.371384,103.950864
PSR-0261,1.371366,103.950726
PSR-0262,1.371581,103.950992
PSR-0263,1.370786,103.950878
PSR-0264,1.370395,103.950635
PSR-0265,1.370486,103.950953
PSR-0266,1.370726,103.950017
PSR-0267,1.370811,103.949865
PSR-0268,1.369616,103.949992
PSR-0269,1.369744,103.949829
PSR-026A,1.370073,103.949602
PSR-026B,1.370431,103.950229
PSR-026C,1.370623,103.950199
PSR-026D,1.370559,103.950328
PSR-026E,1.369542,103.950147
PSR-026F,1.369634,103.950383
PSR-0270,1.369524,103.950646
PSR-0271,1.369314,103.950774
PSR-0272,1.369314,103.951228
PSR-0273,1.369186,103.951028
PSR-0274,1.36904,103.951645
PSR-0275,1.369241,103.9515
PSR-0276,1.369076,103.952145
PSR-0277,1.369067,103.952308
PSR-0278,1.368829,103.952754
PSR-0279,1.369021,103.952563
PSR-027A,1.368976,103.953516
PSR-027B,1.368793,103.953716
PSR-027C,1.368966,103.953271
PSR-027D,1.368354,103.953535
PSR-027E,1.368345,103.953707
PSR-027F,1.368518,103.953725
PSR-0280,1.367924,103.953862
PSR-0281,1.367394,103.953407
PSR-0282,1.367376,103.953571
PSR-0283,1.367248,103.953371
PSR-0284,1.367211,103.953544
PSR-0285,1.367367,103.952844
PSR-0286,1.367805,103.953162
PSR-0287,1.367586,103.953153
PSR-0288,1.36765,103.952744
PSR-0289,1.367696,103.952554
PSR-028A,1.368025,103.952644
PSR-028B,1.367961,103.95279
PSR-028C,1.368299,103.952644
PSR-028D,1.368189,103.953208
PSR-028E,1.3685,103.953235
PSR-028F,1.368509,103.953008
PSR-0290,1.368336,103.951963
PSR-0291,1.368107,103.951945
PSR-0292,1.367851,103.951891
PSR-0293,1.36754,103.952045
PSR-0294,1.367568,103.951809
PSR-0295,1.367504,103.952218
PSR-0296,1.366955,103.952345
PSR-0297,1.366654,103.952281
PSR-0298,1.366772,103.951845
PSR-0299,1.366836,103.951545
PSR-029A,1.366891,103.951373
PSR-029B,1.366727,103.952036
PSR-029C,1.36648,103.951645
PSR-029D,1.366773,103.950492
PSR-029E,1.366709,103.950683
PSR-029F,1.367422,103.950701
PSR-02A0,1.366983,103.951055
PSR-02A1,1.367614,103.950165
PSR-02A2,1.367449,103.95011
PSR-02A3,1.368382,103.949784
PSR-02A4,1.368263,103.95002
PSR-02A5,1.368976,103.950347
PSR-02A6,1.368875,103.95031
PSR-02A7,1.368555,103.950165
PSR-02A8,1.369094,103.949774
PSR-02A9,1.368957,103.950065
PSR-02AA,1.36903,103.94992
PSR-02AB,1.368976,103.949275
PSR-02AC,1.36925,103.949302
PSR-02AD,1.368647,103.94913
PSR-02AE,1.368829,103.948694
PSR-02AF,1.368747,103.948902
PSR-02B0,1.369744,103.948912
PSR-02B1,1.369561,103.949275
PSR-02B2,1.369515,103.948812
PSR-02B3,1.36967,103.949148
PSR-02B4,1.373002,103.94591
PSR-02B5,1.373043,103.945795
PSR-02B6,1.378152,103.933902
PSR-02B7,1.373612,103.945622
PSR-02B8,1.373982,103.945876
PSR-02B9,1.374339,103.946215
PSR-02BA,1.373667,103.946251
PSR-02BB,1.373358,103.946235
PSR-02BC,1.373006,103.946921
PSR-02BD,1.373153,103.946819
PSR-02BE,1.373626,103.947034
PSR-02BF,1.37345,103.946919
PSR-02C0,1.374021,103.94764
PSR-02C1,1.374387,103.947222
PSR-02C2,1.374208,103.947231
PSR-02C3,1.374604,103.947054
PSR-02C4,1.374775,103.946999
PSR-02C5,1.374862,103.946511
PSR-02C6,1.374887,103.946763
PSR-02C7,1.375304,103.94672
PSR-02C8,1.375711,103.946929
PSR-02C9,1.375547,103.946979
PSR-02CA,1.375688,103.94726
PSR-02CB,1.375026,103.94737
PSR-02CC,1.375512,103.947572
PSR-02CD,1.375153,103.947998
PSR-02CE,1.37784,103.943359
PSR-02CF,1.377459,103.944118
PSR-02D0,1.377306,103.94414
PSR-02D1,1.376776,103.943654
PSR-02D2,1.377108,103.943872
PSR-02D3,1.376421,103.94339
PSR-02D4,1.376264,103.943417
PSR-02D5,1.377126,103.942851
PSR-02D6,1.376632,103.942681
PSR-02D7,1.376826,103.942628
PSR-02D8,1.37639,103.942306
PSR-02D9,1.375811,103.943087
PSR-02DA,1.375501,103.942873
PSR-02DB,1.375052,103.941856
PSR-02DC,1.375398,103.942266
PSR-02DD,1.375299,103.942418
PSR-02DE,1.37502,103.942534
PSR-02DF,1.374558,103.942101
PSR-02E0,1.375016,103.941458
PSR-02E1,1.374886,103.941641
PSR-02E2,1.37525,103.941351
PSR-02E3,1.375573,103.941757
PSR-02E4,1.375928,103.941454
PSR-02E5,1.376255,103.941932
PSR-02E6,1.376439,103.941494
PSR-02E7,1.377921,103.942404
PSR-02E8,1.377804,103.942565
PSR-02E9,1.378052,103.942222
PSR-02EA,1.378213,103.941704
PSR-02EB,1.379915,103.940749
PSR-02EC,1.379587,103.940615
PSR-02ED,1.379232,103.941128
PSR-02EE,1.378999,103.940968
PSR-02EF,1.378959,103.940522
PSR-02F0,1.378352,103.940896
PSR-02F1,1.378968,103.94
PSR-02F2,1.378474,103.940098
PSR-02F3,1.378007,103.940714
PSR-02F4,1.377472,103.940798
PSR-02F5,1.377508,103.940182
PSR-02F6,1.377239,103.94054
PSR-02F7,1.377126,103.940727
PSR-02F8,1.376484,103.94062
PSR-02F9,1.376327,103.94078
PSR-02FA,1.376767,103.93975
PSR-02FB,1.375627,103.940642
PSR-02FC,1.376601,103.93933
PSR-02FD,1.376314,103.939701
PSR-02FE,1.377639,103.938463
PSR-02FF,1.377475,103.938249
PSR-0300,1.377456,103.938389
PSR-0301,1.377789,103.937852
PSR-0302,1.37795,103.937639
PSR-0303,1.378732,103.938547
PSR-0304,1.378811,103.938561
PSR-0305,1.3791,103.938167
PSR-0306,1.380293,103.938064
PSR-0307,1.380057,103.937761
PSR-0308,1.379939,103.938052
PSR-0309,1.38024,103.937688
PSR-030A,1.380464,103.93733
PSR-030B,1.380524,103.937833
PSR-030C,1.381055,103.938145
PSR-030D,1.381338,103.938589
PSR-030E,1.381274,103.939069
PSR-030F,1.381613,103.93835
PSR-0310,1.381947,103.937723
PSR-0311,1.381895,103.93789
PSR-0312,1.382053,103.938296
PSR-0313,1.382561,103.937442
PSR-0314,1.382518,103.937671
PSR-0315,1.382587,103.937705
PSR-0316,1.383041,103.936896
PSR-0317,1.383059,103.936903
PSR-0318,1.382655,103.936593
PSR-0319,1.382247,103.936245
PSR-031A,1.382305,103.936622
PSR-031B,1.381758,103.936468
PSR-031C,1.381289,103.936125
PSR-031D,1.380637,103.936686
PSR-031E,1.381057,103.936347
PSR-031F,1.381023,103.935982
PSR-0320,1.381538,103.935861
PSR-0321,1.381182,103.935864
PSR-0322,1.379526,103.937582
PSR-0323,1.379455,103.937639
PSR-0324,1.379503,103.937504
PSR-0325,1.37891,103.936426
PSR-0326,1.378851,103.936389
PSR-0327,1.378773,103.936658
PSR-0328,1.378491,103.936859
PSR-0329,1.377963,103.936008
PSR-032A,1.377909,103.936343
PSR-032B,1.377532,103.936369
PSR-032C,1.377307,103.936048
PSR-032D,1.377065,103.935731
PSR-032E,1.376948,103.935937
PSR-032F,1.377361,103.935571
PSR-0330,1.377397,103.935285
PSR-0331,1.377559,103.935125
PSR-0332,1.378304,103.935843
PSR-0333,1.378457,103.93578
PSR-0334,1.378547,103.93512
PSR-0335,1.379216,103.934571
PSR-0336,1.378699,103.934888
PSR-0337,1.378614,103.934353
PSR-0338,1.378089,103.934424
PSR-0339,1.377842,103.934299
PSR-033A,1.377065,103.934692
PSR-033B,1.377514,103.934192
PSR-033C,1.377182,103.934076
PSR-033D,1.377806,103.933286
PSR-033E,1.377855,103.933612
PSR-033F,1.377209,103.933393
PSR-0340,1.377051,103.933393
PSR-0341,1.376854,103.93326
PSR-0342,1.376778,103.933514
PSR-0343,1.376315,103.932929
PSR-0344,1.376364,103.933371
PSR-0345,1.376499,103.933295
PSR-0346,1.376023,103.933951
PSR-0347,1.375781,103.933786
PSR-0348,1.375718,103.933875
PSR-0349,1.37631,103.934183
PSR-034A,1.376261,103.934179
PSR-034B,1.376221,103.934442
PSR-034C,1.376881,103.934892
PSR-034D,1.375943,103.935994
PSR-034E,1.376096,103.935968
PSR-034F,1.375553,103.936003
PSR-0350,1.375665,103.935664
PSR-0351,1.375234,103.935691
PSR-0352,1.374978,103.935312
PSR-0353,1.374946,103.936003
PSR-0354,1.375808,103.936539
PSR-0355,1.375476,103.936432
PSR-0356,1.375458,103.937016
PSR-0357,1.374713,103.936289
PSR-0358,1.374434,103.936503
PSR-0359,1.374066,103.93715
PSR-035A,1.374794,103.937074
PSR-035B,1.375099,103.937239
PSR-035C,1.374973,103.93736
PSR-035D,1.374304,103.938167
PSR-035E,1.374457,103.938078
PSR-035F,1.374057,103.938096
PSR-0360,1.3739,103.938194
PSR-0361,1.373464,103.937752
PSR-0362,1.373752,103.938524
PSR-0363,1.373496,103.938939
PSR-0364,1.371234,103.947586
PSR-0365,1.371414,103.947611
PSR-0366,1.371478,103.947658
PSR-0367,1.36925,103.947279
PSR-0368,1.367643,103.947204
PSR-0369,1.367527,103.94739
PSR-036A,1.368624,103.947647
PSR-036B,1.370061,103.948138
PSR-036C,1.370214,103.947986
PSR-036D,1.370198,103.948104
PSR-036E,1.370173,103.948204
PSR-036F,1.370888,103.949541
PSR-0370,1.37084,103.949618
PSR-0371,1.370952,103.947515
PSR-0372,1.371037,103.947515
PSR-0373,1.369547,103.947338
PSR-0374,1.369604,103.947372
PSR-0375,1.367812,103.947258
PSR-0376,1.367792,103.947131
PSR-0377,1.367865,103.947038
PSR-0378,1.369015,103.94771
PSR-0379,1.369072,103.947638
PSR-037A,1.370589,103.948218
PSR-037B,1.370539,103.948152
PSR-037C,1.37066,103.948175
PSR-037D,1.371643,103.949472
PSR-037E,1.370738,103.947561
PSR-037F,1.370587,103.947458
PSR-0380,1.37069,103.947474
PSR-0381,1.370109,103.947363
PSR-0382,1.370196,103.94749
PSR-0383,1.368249,103.947129
PSR-0384,1.36835,103.947109
PSR-0385,1.369398,103.947754
PSR-0386,1.369481,103.947776
PSR-0387,1.371019,103.948232
PSR-0388,1.371003,103.948166
PSR-0389,1.371784,103.950315
PSR-038A,1.371663,103.950113
PSR-038B,1.368724,103.947079
PSR-038C,1.368795,103.947177
PSR-038D,1.368875,103.947324
PSR-038E,1.36978,103.947842
PSR-038F,1.369862,103.947874
PSR-0390,1.372088,103.950728
PSR-0391,1.371816,103.950488
PSR-0392,1.375416,103.957532
PSR-0393,1.375114,103.969454
PSR-0394,1.38461,103.974175
PSR-0395,1.372217,103.940732
PSR-0396,1.379981,103.973539
PSR-0398,1.388002,103.930404
PSR-039A,1.377539,103.937571
PSR-039B,1.379899,103.9385
PSR-03A2,1.373282,103.951744
PSR-03A4,1.376717,103.945766
PSR-03A5,1.383249,103.935997
PSR-03A7,1.376198,103.974775
PSR-03A8,1.363252,103.970114
PSR-03A9,1.368122,103.9568
PSR-03AA,1.365069,103.961956
PSR-03AB,1.372677,103.960814
PSR-03AC,1.373983,103.961142
PSR-03AD,1.373802,103.960903
PSR-03AE,1.37207,103.957406
PSR-03AF,1.369653,103.956927
PSR-03B0,1.373321,103.956173
PSR-03B1,1.367085,103.965687
PSR-03B2,1.364108,103.963406
PSR-03B3,1.364358,103.963476
PSR-03B4,1.373394,103.951329
PSR-03B5,1.37407,103.951326
PSR-03B6,1.364663,103.959156
PSR-03B7,1.367834,103.950294
PSR-03B8,1.372167,103.950402
PSR-03B9,1.372852,103.950756
PSR-03BA,1.375906,103.936776
PSR-03BB,1.374532,103.938476
PSR-03BC,1.374271,103.938796
PSR-03BD,1.377857,103.932694
PSR-03BE,1.381105,103.934884
PSR-03BF,1.380282,103.942784
PSR-03C0,1.377991,103.959303
PSR-03C1,1.372797,103.960642
PSR-03C2,1.380099,103.942824
PSR-03C5,1.377076,103.945697
PSR-03C6,1.373018,103.949832
PSR-03C7,1.374093,103.949441
PSR-03C8,1.374084,103.949537
PSR-03C9,1.374067,103.949636
PSR-03CA,1.373988,103.947429
PYL-0001,1.359008,103.930518
PYL-0002,1.368503,103.93016
PYL-0005,1.373305,103.925422
PYL-0006,1.365776,103.907695
PYL-0007,1.370764,103.90986
PYL-0009,1.368266,103.909835
PYL-000A,1.367433,103.909906
PYL-000B,1.365076,103.908934
PYL-000C,1.376566,103.91338
PYL-000D,1.37413,103.912838
PYL-000E,1.350593,103.898872
PYL-000F,1.364698,103.908225
PYL-0010,1.352056,103.899467
PYL-0011,1.363164,103.90657
PYL-0012,1.372276,103.911573
PYL-0013,1.371238,103.911429
PYL-0014,1.345987,103.89893
PYL-0015,1.350675,103.899153
PYL-0016,1.37435,103.912466
PYL-0017,1.376858,103.9139
PYL-0018,1.361432,103.93077
PYL-0019,1.346629,103.898425
PYL-001A,1.321116,103.89156
QST-0001,1.292593,103.784866
QST-0002,1.299167,103.800429
QST-0003,1.291986,103.769179
QST-0004,1.307728,103.784346
QST-0005,1.309485,103.78142
QST-0006,1.289265,103.774078
QST-0007,1.286548,103.778864
QST-0008,1.28738,103.791285
QST-0009,1.306444,103.79052
QST-000A,1.298834,103.800957
QST-000B,1.294575,103.805748
QST-000C,1.298124,103.803605
QST-000D,1.306203,103.794363
QST-000E,1.301986,103.798405
QST-000F,1.295406,103.769811
QST-0010,1.311623,103.77889
QST-0011,1.27337,103.80053
QST-0012,1.273897,103.79823
QST-0014,1.289862,103.775308
QST-0017,1.294093,103.815852
QST-0018,1.296645,103.815691
QST-0019,1.311112,103.789319
QST-001A,1.302661,103.801624
QST-001B,1.305418,103.80189
QST-001C,1.292883,103.807097
QST-001E,1.299387,103.803664
QST-001F,1.29809,103.806066
QST-0020,1.28866,103.805483
QST-0021,1.290872,103.8073
QST-0022,1.281322,103.786953
QST-0023,1.276885,103.789576
QST-0026,1.282692,103.782302
QST-0029,1.303668,103.78277
QST-002A,1.303419,103.783084
QST-002B,1.28008,103.80227
QST-002C,1.290032,103.769489
QST-002D,1.295649,103.804032
QST-002E,1.296247,103.805951
QST-002F,1.315573,103.775289
QST-0030,1.31268,103.779393
QST-0031,1.308394,103.787638
QST-0032,1.318119,103.771706
QST-0033,1.30914,103.788619
QST-0034,1.309506,103.788515
QST-0035,1.31145,103.788006
QST-0036,1.310205,103.788527
QST-0037,1.310533,103.788424
QST-0038,1.313009,103.787052
QST-0039,1.312387,103.788602
QST-003A,1.309046,103.785775
QST-003B,1.308565,103.786368
QST-003C,1.308335,103.785595
QST-003D,1.308339,103.785069
QST-003E,1.308734,103.785088
QST-0040,1.293227,103.799772
QST-0041,1.293702,103.800421
QST-0043,1.299007,103.798878
QST-0044,1.297437,103.801859
QST-0045,1.293305,103.808684
QST-0046,1.293226,103.808342
QST-0047,1.297382,103.79696
QST-0048,1.298348,103.797054
QST-0049,1.299158,103.797041
QST-004A,1.294683,103.809827
QST-004B,1.294642,103.809393
QST-004C,1.293581,103.803934
QST-004D,1.293072,103.80397
QST-004E,1.292062,103.804206
QST-004F,1.291618,103.803531
QST-0050,1.292223,103.803174
QST-0051,1.290057,103.802385
QST-0052,1.290588,103.803516
QST-0053,1.290672,103.803516
QST-0054,1.294039,103.805583
QST-0055,1.295734,103.804071
QST-0056,1.294909,103.803308
QST-0057,1.306483,103.796464
QST-0058,1.307371,103.793715
QST-005A,1.307945,103.792478
QST-005B,1.293247,103.810926
QST-005C,1.29323,103.811013
QST-005D,1.293039,103.812142
QST-005E,1.292999,103.812026
QST-005F,1.292984,103.81195
QST-0060,1.293935,103.81138
QST-0061,1.293558,103.812167
QST-0062,1.294364,103.811996
QST-0063,1.294046,103.812255
QST-0064,1.294138,103.812205
QST-0065,1.294485,103.81129
QST-0066,1.29437,103.811536
QST-0067,1.294544,103.810894
QST-0068,1.295659,103.810567
QST-0069,1.296645,103.812445
QST-006A,1.302721,103.801175
QST-006B,1.290702,103.773477
QST-006C,1.291282,103.771077
QST-006D,1.291515,103.770767
QST-006E,1.289267,103.779673
QST-006F,1.300866,103.762388
QST-0070,1.294861,103.784685
QST-0071,1.292051,103.815091
QST-0072,1.292847,103.81478
QST-0073,1.293314,103.814272
QST-0074,1.274524,103.801811
QST-0075,1.274716,103.801809
QST-0077,1.275826,103.79275
QST-0078,1.293225,103.810892
QST-0079,1.293548,103.812144
QST-007A,1.293538,103.812177
QST-007B,1.299863,103.787333
QST-007C,1.293128,103.811123
QST-007D,1.293385,103.810143
QST-007F,1.299807,103.790266
QST-0080,1.295163,103.793281
QST-0081,1.278185,103.801249
QST-0083,1.294366,103.763756
QST-0085,1.298621,103.760271
QST-0086,1.297458,103.763013
QST-0087,1.297393,103.763041
QST-0088,1.299036,103.762723
QST-0089,1.300053,103.761431
QST-008A,1.296721,103.762374
QST-008B,1.27592,103.791879
QST-008C,1.282902,103.782236
QST-008D,1.294166,103.784476
QST-008E,1.29888,103.787088
QST-008F,1.292575,103.78504
QST-0090,1.306913,103.790724
QST-0091,1.306332,103.79096
QST-0092,1.299142,103.786904
QST-0094,1.299801,103.787662
QST-0095,1.29993,103.787378
QST-0096,1.31183,103.778506
QST-0097,1.311047,103.778621
QST-0098,1.31102,103.778474
QST-0099,1.302295,103.798011
QST-009A,1.303103,103.798027
QST-009B,1.294128,103.805721
QST-009C,1.294341,103.805857
QST-009D,1.294987,103.805247
QST-009E,1.294578,103.806442
QST-009F,1.307883,103.776543
QST-00A0,1.296565,103.787364
QST-00A1,1.302483,103.783364
QST-00A2,1.302652,103.783035
QST-00A3,1.303037,103.783035
QST-00A4,1.303813,103.782283
QST-00A5,1.303349,103.78336
QST-00A6,1.303398,103.783302
QST-00A7,1.304067,103.782672
QST-00A8,1.304073,103.782591
QST-00A9,1.304935,103.785871
QST-00AA,1.305638,103.785532
QST-00AB,1.3078,103.782842
QST-00AC,1.308055,103.783034
QST-00AD,1.307766,103.783782
QST-00AE,1.3067,103.783763
QST-00AF,1.307032,103.784868
QST-00B0,1.307066,103.783641
QST-00B1,1.307356,103.783411
QST-00B2,1.30596,103.781649
QST-00B3,1.305339,103.78125
QST-00B4,1.305524,103.78218
QST-00B5,1.306269,103.782829
QST-00B6,1.305277,103.781988
QST-00B7,1.304594,103.782374
QST-00B8,1.306236,103.782589
QST-00B9,1.306272,103.78255
QST-00BA,1.292485,103.800233
QST-00BB,1.292901,103.800044
QST-00BC,1.293176,103.799767
QST-00BD,1.293843,103.79981
QST-00BE,1.294384,103.799562
QST-00BF,1.294317,103.79978
QST-00C0,1.294292,103.799855
QST-00C1,1.294374,103.799609
QST-00C2,1.294352,103.799672
QST-00CA,1.293731,103.807973
QST-00CB,1.294144,103.808192
QST-00CC,1.293744,103.808779
QST-00CD,1.293421,103.808951
QST-00CE,1.293339,103.809838
QST-00CF,1.297703,103.797324
QST-00D0,1.297703,103.796951
QST-00D1,1.297696,103.797151
QST-00D2,1.297696,103.797228
QST-00D3,1.304623,103.799009
QST-00D4,1.304777,103.798891
QST-00D5,1.305142,103.799475
QST-00D6,1.305886,103.799406
QST-00D7,1.305178,103.799756
QST-00D8,1.305477,103.801371
QST-00D9,1.306512,103.8015
QST-00DA,1.307705,103.80134
QST-00DB,1.308118,103.800785
QST-00DC,1.308304,103.799995
QST-00DD,1.30832,103.800067
QST-00DE,1.307955,103.799836
QST-00DF,1.307952,103.799776
QST-00E0,1.308235,103.799641
QST-00E1,1.30791,103.799471
QST-00E2,1.307894,103.799405
QST-00E3,1.307304,103.799183
QST-00E4,1.307,103.800644
QST-00E5,1.293079,103.814288
QST-00E6,1.293253,103.814477
QST-00E7,1.292946,103.814732
QST-00E8,1.292952,103.814894
QST-00E9,1.292484,103.815266
QST-00EA,1.292638,103.815209
QST-00EB,1.292071,103.815071
QST-00EC,1.29209,103.814841
QST-00ED,1.292156,103.814584
QST-00EE,1.293499,103.804486
QST-00EF,1.294378,103.804996
QST-00F0,1.294522,103.80427
QST-00F1,1.294822,103.804413
QST-00F2,1.294478,103.802756
QST-00F3,1.293576,103.803946
QST-00F4,1.29293,103.804895
QST-00F5,1.293074,103.804891
QST-00F6,1.293189,103.804339
QST-00F7,1.293097,103.804004
QST-00F8,1.293134,103.803932
QST-00F9,1.291886,103.804078
QST-00FA,1.291654,103.803274
QST-00FB,1.292365,103.802698
QST-00FC,1.292361,103.803054
QST-00FD,1.291892,103.802524
QST-00FE,1.291523,103.802401
QST-00FF,1.290978,103.802364
QST-0100,1.289931,103.802812
QST-0101,1.290066,103.802394
QST-0102,1.288784,103.803608
QST-0103,1.288976,103.803553
QST-0104,1.289208,103.803456
QST-0105,1.290684,103.80353
QST-0106,1.290478,103.803749
QST-0107,1.295646,103.804886
QST-0108,1.295581,103.80438
QST-0109,1.295717,103.804256
QST-010A,1.306869,103.79492
QST-010B,1.293564,103.800482
QST-010C,1.293375,103.800443
QST-010D,1.294114,103.79997
QST-010E,1.294072,103.800118
QST-010F,1.293975,103.800293
QST-0110,1.293744,103.800422
QST-0111,1.294079,103.799995
QST-0112,1.293596,103.80045
QST-0113,1.294037,103.800154
QST-0114,1.293997,103.80026
QST-0118,1.297091,103.79788
QST-0119,1.297324,103.797877
QST-011A,1.298343,103.798365
QST-011B,1.29844,103.798928
QST-011C,1.299158,103.798873
QST-011D,1.298088,103.801747
QST-011E,1.301342,103.797518
QST-011F,1.293194,103.808411
QST-0120,1.297402,103.796929
QST-0121,1.299142,103.79699
QST-0122,1.294602,103.809217
QST-0123,1.294569,103.808626
QST-0124,1.295204,103.810368
QST-0125,1.295094,103.810344
QST-0126,1.295632,103.810202
QST-0127,1.295656,103.810582
QST-0128,1.295587,103.810482
QST-0129,1.295707,103.809719
QST-012A,1.29566,103.809972
QST-012B,1.30129,103.798669
QST-012C,1.295746,103.80952
QST-012D,1.302236,103.797955
QST-012E,1.295779,103.809217
QST-012F,1.301306,103.799
QST-0130,1.300446,103.798874
QST-0131,1.295083,103.803344
QST-0132,1.290027,103.803076
QST-0133,1.290049,103.803514
QST-0138,1.296603,103.798031
QST-0139,1.296742,103.798028
QST-013A,1.298666,103.798928
QST-013B,1.299016,103.798895
QST-013C,1.301368,103.797228
QST-013D,1.301871,103.797075
QST-013E,1.302188,103.796386
QST-013F,1.293186,103.81067
QST-0140,1.293204,103.810765
QST-0141,1.293091,103.811134
QST-0142,1.292921,103.811958
QST-0143,1.292826,103.812104
QST-0144,1.292922,103.812055
QST-0145,1.293899,103.811742
QST-0146,1.293801,103.811642
QST-0147,1.293856,103.81147
QST-0148,1.293774,103.811805
QST-0149,1.293944,103.81137
QST-014A,1.294506,103.81129
QST-014B,1.295558,103.811806
QST-014C,1.295419,103.812342
QST-014D,1.29538,103.812342
QST-014E,1.295335,103.812736
QST-014F,1.300834,103.79953
QST-0150,1.295119,103.811006
QST-0151,1.295096,103.811692
QST-0152,1.297952,103.798918
QST-0153,1.293817,103.812124
QST-0154,1.293729,103.812193
QST-0155,1.293739,103.811886
QST-0156,1.294438,103.81077
QST-0157,1.294567,103.810793
QST-0158,1.294563,103.810921
QST-0159,1.294553,103.810959
QST-015A,1.294352,103.812163
QST-015B,1.294238,103.811964
QST-015C,1.294379,103.811988
QST-015D,1.312947,103.787168
QST-015E,1.312346,103.786669
QST-015F,1.312063,103.787468
QST-0160,1.313138,103.787921
QST-0161,1.313262,103.788515
QST-0162,1.312645,103.788022
QST-0163,1.312356,103.788695
QST-0164,1.31136,103.787315
QST-0165,1.310479,103.787556
QST-0166,1.310602,103.787532
QST-0167,1.309137,103.788472
QST-0168,1.309359,103.787926
QST-0169,1.309829,103.787218
QST-016A,1.310883,103.787804
QST-016B,1.309106,103.785718
QST-016C,1.308624,103.786292
QST-016D,1.308324,103.785772
QST-016E,1.308327,103.785579
QST-016F,1.308379,103.785251
QST-0170,1.308404,103.785031
QST-0171,1.308761,103.785058
QST-0172,1.309097,103.784801
QST-0173,1.308899,103.785004
QST-0174,1.310037,103.784532
QST-0175,1.306582,103.796404
QST-0176,1.307183,103.79361
QST-0178,1.307853,103.792716
QST-0179,1.307536,103.79264
QST-017B,1.308233,103.793141
QST-017C,1.308375,103.792393
QST-017D,1.309527,103.796428
QST-017E,1.309036,103.796925
QST-017F,1.30896,103.797
QST-0180,1.309199,103.795916
QST-0181,1.30915,103.795874
QST-0182,1.308177,103.796536
QST-0183,1.308086,103.795952
QST-0184,1.307007,103.79537
QST-0185,1.306747,103.794577
QST-0186,1.308185,103.794292
QST-0187,1.309102,103.793798
QST-0188,1.308708,103.794333
QST-0189,1.309359,103.793214
QST-018A,1.309291,103.793235
QST-018B,1.309434,103.793576
QST-018C,1.31045,103.792336
QST-018D,1.310419,103.792204
QST-018E,1.311065,103.792424
QST-018F,1.310903,103.792305
QST-0190,1.308709,103.784277
QST-0191,1.308527,103.784225
QST-0192,1.308706,103.784026
QST-0193,1.307673,103.796943
QST-0194,1.308875,103.78357
QST-0195,1.309035,103.783699
QST-0196,1.308823,103.783852
QST-0197,1.309727,103.784022
QST-0198,1.309533,103.78393
QST-0199,1.309684,103.784115
QST-019A,1.310125,103.784602
QST-019B,1.309827,103.784731
QST-019C,1.308746,103.796713
QST-019D,1.308798,103.796653
QST-019E,1.307625,103.796084
QST-019F,1.307571,103.794941
QST-01A0,1.307515,103.794903
QST-01A1,1.309274,103.79458
QST-01A2,1.30965,103.794455
QST-01A3,1.311192,103.791937
QST-01A4,1.311049,103.79142
QST-01A5,1.31033,103.791682
QST-01A6,1.310266,103.791701
QST-01A7,1.310108,103.792566
QST-01A8,1.309839,103.792421
QST-01A9,1.295692,103.794057
QST-01AA,1.28476,103.788787
QST-01AC,1.30442,103.79229
QST-01AD,1.30067,103.789649
QST-01AE,1.298563,103.788968
QST-01AF,1.299494,103.787868
QST-01B0,1.294217,103.797675
QST-01B1,1.294079,103.79613
QST-01B2,1.302888,103.79295
QST-01B3,1.303601,103.792118
QST-01B4,1.303946,103.791713
QST-01B5,1.295052,103.789584
QST-01B6,1.297713,103.787576
QST-01B7,1.297247,103.786894
QST-01B8,1.297704,103.786287
QST-01B9,1.29806,103.786534
QST-01BA,1.298261,103.78591
QST-01BB,1.296903,103.78698
QST-01BC,1.296266,103.786901
QST-01BD,1.295465,103.786929
QST-01BE,1.29412,103.786939
QST-01BF,1.29413,103.787898
QST-01C0,1.29631,103.789883
QST-01C1,1.296132,103.790199
QST-01C2,1.295066,103.806034
QST-01C4,1.463576,103.803074
QST-01C5,1.290944,103.787072
QST-01C7,1.304981,103.781317
QST-01C8,1.286432,103.777056
QST-01C9,1.311342,103.77821
QST-01CA,1.298479,103.80539
QST-01CB,1.275907,103.791906
QST-01CC,1.297072,103.807736
QST-01CD,1.300547,103.78811
QST-01CE,1.28937,103.802321
QST-01CF,1.280978,103.802
QST-01D0,1.293193,103.807317
QST-01D1,1.29745,103.785424
QST-01D2,1.307579,103.777713
QST-01D3,1.306231,103.780031
QST-01D4,1.300464,103.770107
QST-01D5,1.306544,103.797832
QST-01D6,1.30688,103.781808
QST-01D8,1.28917,103.792193
QST-01D9,1.300808,103.796933
QST-01DA,1.305307,103.794807
QST-01DB,1.295345,103.799526
QST-01DC,1.290201,103.801998
QST-01DD,1.307473,103.782094
QST-01DE,1.309492,103.782113
QST-01DF,1.30803,103.784814
QST-01E0,1.311843,103.787235
QST-01E1,1.277072,103.802359
QST-01E2,1.279141,103.785825
QST-01E3,1.300542,103.778288
QST-01E4,1.287427,103.791044
QST-01E5,1.294682,103.787647
QST-01E6,1.294729,103.787415
QST-01E7,1.29115,103.768736
QST-01E8,1.279426,103.783565
QST-01E9,1.289084,103.773514
QST-01EA,1.298736,103.763368
QST-01EB,1.287914,103.778781
QST-01EC,1.296462,103.787482
QST-01ED,1.311963,103.786996
QST-01EE,1.312078,103.787536
QST-01EF,1.313281,103.788557
QST-01F0,1.286413,103.778485
QST-01F1,1.290723,103.788434
QST-01F2,1.281279,103.784142
QST-01F3,1.309203,103.789701
QST-01F4,1.312311,103.775447
QST-01F5,1.31165,103.792588
QST-01F6,1.294043,103.805592
RCH-0001,1.300949,103.860751
RCH-0002,1.304659,103.854978
RCH-0004,1.305712,103.851222
RCH-0005,1.308806,103.85321
RCH-0006,1.29864,103.852074
RCH-0007,1.30376,103.852366
RCH-0008,1.307436,103.850052
RCH-0009,1.306664,103.849571
RCH-000A,1.31179,103.852672
RCH-000B,1.304812,103.85535
RCH-000C,1.304779,103.855374
RCH-000D,1.305556,103.855281
RCH-000E,1.299322,103.850844
RCH-000F,1.303331,103.852482
RCH-0010,1.306933,103.849128
RCH-0011,1.306466,103.849785
RCH-0012,1.307436,103.850366
RCH-0013,1.305608,103.849269
RCH-0014,1.300108,103.851476
RCH-0015,1.304744,103.855403
RCH-0016,1.305609,103.855308
RCH-0017,1.298939,103.852455
RCH-0018,1.301339,103.853809
RCH-0019,1.300291,103.853643
RCH-001A,1.30598,103.858365
RCH-001B,1.306605,103.857957
RCH-001C,1.306334,103.857485
RCH-001D,1.306114,103.85771
RCH-001E,1.305898,103.857947
RCH-001F,1.306446,103.857723
RCH-0020,1.306509,103.857776
RCH-0021,1.305872,103.857624
RCH-0022,1.306172,103.857289
RCH-0023,1.306239,103.85714
RCH-0024,1.305614,103.857378
RCH-0025,1.305735,103.856928
RCH-0026,1.305907,103.856839
RCH-0027,1.30564,103.856846
RCH-0028,1.305378,103.857127
RCH-0029,1.305968,103.854563
RCH-002A,1.306573,103.855219
RCH-002B,1.30715,103.855494
RCH-002C,1.30772,103.855187
RCH-002D,1.307803,103.855257
RCH-002E,1.308141,103.855067
RCH-002F,1.308176,103.8552
RCH-0030,1.306383,103.850994
RCH-0031,1.306519,103.850836
RCH-0032,1.306591,103.850747
RCH-0033,1.306671,103.850646
RCH-0034,1.307639,103.851122
RCH-0035,1.307572,103.851117
RCH-0037,1.307521,103.849416
RCH-0039,1.311429,103.85299
RCH-003A,1.311801,103.853377
RCH-003B,1.307106,103.856764
RCH-003C,1.307562,103.857039
RCH-003D,1.298734,103.850146
RCH-003E,1.303386,103.8509
RCH-003F,1.303454,103.850898
RCH-0040,1.303496,103.850314
RCH-0041,1.302868,103.850831
RCH-0042,1.302738,103.850715
RCH-0043,1.301805,103.854491
RCH-0044,1.301448,103.85255
RCH-0045,1.310226,103.859551
RCH-0046,1.298566,103.850206
RCH-0047,1.299453,103.850931
RCH-0048,1.304204,103.853263
RCH-0049,1.298206,103.849886
RCH-004A,1.298203,103.849883
RIV-0001,1.303933,103.827016
RIV-0002,1.304514,103.829047
RIV-0005,1.29595,103.839192
RIV-0006,1.300494,103.823875
RIV-0008,1.296166,103.832586
RIV-000A,1.296357,103.832438
RIV-000C,1.295746,103.836025
RIV-000D,1.297947,103.830538
RIV-000E,1.290467,103.842602
RIV-000F,1.302516,103.823906
RIV-0010,1.303301,103.830825
RIV-0011,1.295964,103.833041
RIV-0012,1.292751,103.833984
RIV-0013,1.295833,103.832859
RIV-0014,1.293645,103.833736
RIV-0015,1.293609,103.833707
SBS-0721,1.39236,103.86627
SBW-0001,1.448939,103.820433
SBW-0002,1.435844,103.825591
SBW-0003,1.458763,103.836364
SBW-0004,1.440983,103.824688
SBW-0005,1.461513,103.837591
SBW-0006,1.455876,103.834427
SBW-0007,1.443187,103.823998
SBW-0008,1.447827,103.819072
SBW-0009,1.440808,103.824753
SBW-000A,1.441269,103.824227
SBW-000B,1.437912,103.825619
SBW-000C,1.438172,103.825285
SBW-000D,1.443139,103.823672
SBW-000E,1.46285,103.838371
SBW-000F,1.462796,103.838331
SBW-0010,1.444349,103.822554
SBW-0011,1.456399,103.820779
SBW-0012,1.460002,103.815176
SBW-0013,1.46339,103.816536
SBW-0014,1.460505,103.82045
SBW-0015,1.459776,103.820905
SBW-0017,1.452252,103.821472
SBW-0018,1.451446,103.821899
SBW-0019,1.450974,103.821246
SBW-001A,1.451265,103.822349
SBW-001B,1.451521,103.823007
SBW-001C,1.452178,103.823192
SBW-001D,1.452906,103.823231
SBW-001E,1.453079,103.823891
SBW-001F,1.452082,103.823865
SBW-0020,1.450488,103.821671
SBW-0021,1.450566,103.82209
SBW-0022,1.450662,103.822481
SBW-0023,1.45143,103.823877
SBW-0024,1.450814,103.82396
SBW-0025,1.450289,103.82341
SBW-0026,1.449958,103.824162
SBW-0027,1.449781,103.824703
SBW-0028,1.449706,103.825281
SBW-0029,1.449767,103.825968
SBW-002A,1.45424,103.820272
SBW-002B,1.453899,103.820207
SBW-002C,1.452534,103.82043
SBW-002D,1.452844,103.821386
SBW-002E,1.453242,103.82114
SBW-002F,1.45314,103.820694
SBW-0030,1.453765,103.82085
SBW-0031,1.450603,103.825629
SBW-0032,1.450572,103.825009
SBW-0033,1.450765,103.824545
SBW-0034,1.45057,103.826707
SBW-0035,1.450034,103.826701
SBW-0036,1.45096,103.826298
SBW-0037,1.450966,103.827238
SBW-0038,1.450873,103.827796
SBW-0039,1.451399,103.828368
SBW-003A,1.451737,103.827994
SBW-003B,1.445933,103.818697
SBW-003C,1.44494,103.818225
SBW-003D,1.444588,103.818084
SBW-003E,1.445191,103.818502
SBW-003F,1.445343,103.818744
SBW-0040,1.446202,103.8175
SBW-0041,1.447553,103.816453
SBW-0042,1.446562,103.817267
SBW-0043,1.447019,103.816293
SBW-0044,1.447401,103.815986
SBW-0045,1.447456,103.814842
SBW-0046,1.447006,103.815686
SBW-0047,1.44615,103.815468
SBW-0048,1.44615,103.81515
SBW-0049,1.448002,103.817794
SBW-004A,1.447967,103.817517
SBW-004B,1.44794,103.818244
SBW-004C,1.44964,103.815459
SBW-004D,1.449336,103.815955
SBW-004E,1.454289,103.815914
SBW-004F,1.453896,103.815852
SBW-0050,1.453914,103.81602
SBW-0051,1.453516,103.816464
SBW-0052,1.453249,103.816759
SBW-0053,1.45346,103.817767
SBW-0054,1.453019,103.817577
SBW-0055,1.452627,103.817639
SBW-0056,1.45218,103.817847
SBW-0057,1.451877,103.818103
SBW-0058,1.451784,103.818
SBW-0059,1.451719,103.818578
SBW-005A,1.451875,103.81887
SBW-005B,1.451949,103.819256
SBW-005C,1.452353,103.819208
SBW-005D,1.452699,103.818962
SBW-005E,1.453147,103.81876
SBW-005F,1.453453,103.818501
SBW-0060,1.45364,103.818136
SBW-0061,1.454091,103.818737
SBW-0062,1.455008,103.813725
SBW-0063,1.45604,103.813149
SBW-0064,1.455979,103.81363
SBW-0065,1.452119,103.813942
SBW-0066,1.451658,103.81391
SBW-0067,1.450453,103.813999
SBW-0068,1.45019,103.814141
SBW-0069,1.448705,103.813808
SBW-006A,1.449377,103.813617
SBW-006B,1.448912,103.813545
SBW-006C,1.451604,103.815042
SBW-006D,1.452184,103.815956
SBW-006E,1.45693,103.815871
SBW-006F,1.45633,103.81626
SBW-0070,1.455103,103.816531
SBW-0071,1.455178,103.816958
SBW-0072,1.455276,103.817066
SBW-0073,1.45604,103.817795
SBW-0074,1.456631,103.817155
SBW-0075,1.456462,103.817428
SBW-0076,1.456579,103.816722
SBW-0077,1.448385,103.832953
SBW-0078,1.448072,103.833311
SBW-0079,1.449762,103.833052
SBW-007A,1.449274,103.833199
SBW-007B,1.44856,103.833775
SBW-007C,1.450639,103.831949
SBW-007D,1.45018,103.831332
SBW-007E,1.44979,103.831608
SBW-007F,1.449838,103.832472
SBW-0080,1.447929,103.83144
SBW-0081,1.448137,103.83194
SBW-0082,1.446612,103.829175
SBW-0083,1.446255,103.829483
SBW-0084,1.446086,103.829713
SBW-0085,1.445541,103.829115
SBW-0086,1.447612,103.83349
SBW-0087,1.447918,103.834036
SBW-0088,1.447265,103.83433
SBW-0089,1.447019,103.833854
SBW-008A,1.44567,103.833361
SBW-008B,1.445329,103.833913
SBW-008C,1.444655,103.833733
SBW-008D,1.445311,103.832794
SBW-008E,1.445223,103.833173
SBW-008F,1.444196,103.833018
SBW-0090,1.444769,103.831677
SBW-0091,1.444392,103.831914
SBW-0092,1.444298,103.832876
SBW-0093,1.44582,103.822936
SBW-0094,1.444976,103.822996
SBW-0095,1.444932,103.822373
SBW-0096,1.445088,103.822293
SBW-0097,1.445496,103.822135
SBW-0098,1.446221,103.822313
SBW-0099,1.445862,103.821716
SBW-009A,1.446491,103.821715
SBW-009B,1.446887,103.821536
SBW-009C,1.447,103.822438
SBW-009D,1.446216,103.822602
SBW-009E,1.444394,103.8207
SBW-009F,1.444533,103.821891
SBW-00A0,1.443676,103.821058
SBW-00A1,1.446902,103.820873
SBW-00A2,1.446157,103.821015
SBW-00A3,1.446109,103.820628
SBW-00A4,1.446427,103.819935
SBW-00A5,1.446204,103.831037
SBW-00A6,1.44645,103.831578
SBW-00A7,1.446207,103.832278
SBW-00A8,1.446217,103.832677
SBW-00A9,1.44696,103.832631
SBW-00AA,1.4468,103.832064
SBW-00AB,1.450442,103.820596
SBW-00AC,1.449973,103.820728
SBW-00AD,1.449858,103.820341
SBW-00AE,1.450276,103.820178
SBW-00AF,1.450966,103.819922
SBW-00B0,1.451271,103.819804
SBW-00B1,1.451246,103.819451
SBW-00B2,1.450634,103.8197
SBW-00B3,1.450262,103.81988
SBW-00B4,1.449862,103.820072
SBW-00B5,1.450515,103.819118
SBW-00B6,1.450121,103.819291
SBW-00B7,1.449594,103.819329
SBW-00B8,1.449966,103.818982
SBW-00B9,1.450429,103.818751
SBW-00BA,1.45052,103.818229
SBW-00BB,1.450894,103.81866
SBW-00BC,1.458989,103.827972
SBW-00BD,1.455292,103.830598
SBW-00BE,1.447804,103.813771
SBW-00BF,1.452774,103.8243
SBW-00C0,1.460138,103.815425
SBW-00C1,1.460471,103.80617
SBW-00C2,1.451437,103.81876
SBW-00C3,1.449281,103.819868
SBW-00C4,1.444413,103.81933
SBW-00C5,1.464141,103.813062
SBW-00C6,1.450028,103.818171
SBW-00C7,1.453109,103.807988
SBW-00C8,1.452614,103.816629
SBW-00C9,1.451732,103.805574
SBW-00CB,1.450823,103.823178
SBW-00CD,1.460789,103.805764
SBW-00CE,1.462259,103.837723
SBW-00CF,1.459338,103.835659
SBW-00D0,1.448716,103.819531
SBW-00D1,1.448715,103.819522
SBW-00D2,1.449348,103.821245
SBW-00D3,1.449345,103.820465
SBW-00D4,1.449258,103.820098
SBW-00D7,1.445954,103.822708
SBW-00D8,1.445759,103.822953
SBW-00D9,1.444862,103.822932
SBW-00DA,1.44526,103.823106
SBW-00DB,1.444576,103.822482
SBW-00DC,1.444896,103.822352
SBW-00DD,1.444716,103.822426
SBW-00DE,1.445006,103.822303
SBW-00DF,1.444938,103.822092
SBW-00E0,1.445141,103.822246
SBW-00E1,1.445426,103.821944
SBW-00E2,1.445469,103.821831
SBW-00E3,1.445699,103.822422
SBW-00E4,1.446064,103.821868
SBW-00E5,1.445944,103.821662
SBW-00E6,1.445886,103.82174
SBW-00E7,1.446521,103.821666
SBW-00E8,1.446226,103.821771
SBW-00E9,1.446605,103.821607
SBW-00EA,1.446948,103.821489
SBW-00EB,1.4467,103.821617
SBW-00EC,1.447062,103.822171
SBW-00ED,1.446461,103.822653
SBW-00EE,1.444394,103.821071
SBW-00EF,1.444417,103.820754
SBW-00F0,1.444469,103.821771
SBW-00F1,1.443952,103.820922
SBW-00F2,1.446904,103.820777
SBW-00F3,1.446622,103.820954
SBW-00F4,1.445935,103.820394
SBW-00F5,1.445734,103.820185
SBW-00F6,1.445876,103.820148
SBW-00F7,1.446772,103.820115
SBW-00F8,1.446074,103.820054
SBW-00F9,1.446106,103.819342
SBW-00FA,1.446631,103.818638
SBW-00FB,1.446042,103.818484
SBW-00FC,1.4457,103.818337
SBW-00FD,1.445261,103.818136
SBW-00FE,1.445036,103.818054
SBW-00FF,1.444737,103.817906
SBW-0100,1.444494,103.818758
SBW-0101,1.444653,103.819124
SBW-0102,1.445156,103.819037
SBW-0103,1.445448,103.818943
SBW-0104,1.446342,103.817511
SBW-0105,1.446663,103.818089
SBW-0106,1.446873,103.817624
SBW-0107,1.447607,103.81652
SBW-0108,1.446615,103.817256
SBW-0109,1.446883,103.816636
SBW-010A,1.447761,103.816181
SBW-010B,1.447353,103.815879
SBW-010C,1.447157,103.815013
SBW-010D,1.447442,103.814874
SBW-010E,1.446903,103.815385
SBW-010F,1.44693,103.815772
SBW-0110,1.446078,103.815652
SBW-0111,1.445711,103.815504
SBW-0112,1.446144,103.815211
SBW-0113,1.44708,103.818644
SBW-0114,1.449914,103.816715
SBW-0115,1.450071,103.816704
SBW-0116,1.449783,103.815817
SBW-0117,1.454331,103.81586
SBW-0118,1.454285,103.815483
SBW-0119,1.453817,103.81553
SBW-011A,1.453846,103.815818
SBW-011B,1.454005,103.816499
SBW-011C,1.453871,103.816074
SBW-011D,1.453981,103.816356
SBW-011E,1.454031,103.816681
SBW-011F,1.453179,103.816432
SBW-0120,1.453569,103.815835
SBW-0121,1.453301,103.816795
SBW-0122,1.453606,103.817628
SBW-0123,1.4534,103.817736
SBW-0124,1.453346,103.817536
SBW-0125,1.452982,103.817639
SBW-0126,1.453196,103.817814
SBW-0127,1.452649,103.817688
SBW-0128,1.452192,103.817888
SBW-0129,1.451899,103.818162
SBW-012A,1.451762,103.817978
SBW-012B,1.451428,103.818187
SBW-012C,1.451537,103.818586
SBW-012D,1.451473,103.818397
SBW-012E,1.451843,103.819185
SBW-012F,1.451736,103.818998
SBW-0130,1.452379,103.819231
SBW-0131,1.45213,103.81876
SBW-0132,1.452287,103.818992
SBW-0133,1.452412,103.818586
SBW-0134,1.452688,103.818951
SBW-0135,1.453123,103.818728
SBW-0136,1.452929,103.818407
SBW-0137,1.453328,103.818191
SBW-0138,1.453438,103.818479
SBW-0139,1.453831,103.818128
SBW-013A,1.453876,103.818776
SBW-013B,1.453764,103.818533
SBW-013C,1.454337,103.818693
SBW-013D,1.454468,103.814096
SBW-013E,1.452586,103.814371
SBW-013F,1.448554,103.814049
SBW-0140,1.448406,103.813879
SBW-0141,1.451523,103.814995
SBW-0142,1.451766,103.81494
SBW-0143,1.451965,103.815922
SBW-0144,1.451845,103.815583
SBW-0145,1.451643,103.816232
SBW-0146,1.451508,103.816179
SBW-0147,1.451068,103.816272
SBW-0148,1.451387,103.816379
SBW-0149,1.45072,103.816636
SBW-014A,1.450778,103.81634
SBW-014B,1.45094,103.816903
SBW-014C,1.451183,103.817198
SBW-014D,1.451588,103.817026
SBW-014E,1.452151,103.816348
SBW-014F,1.452741,103.815912
SBW-0150,1.452382,103.816634
SBW-0151,1.452693,103.815671
SBW-0152,1.452413,103.815019
SBW-0153,1.452045,103.814969
SBW-0154,1.452816,103.814874
SBW-0155,1.453032,103.81528
SBW-0156,1.455325,103.815469
SBW-0157,1.456127,103.815402
SBW-0158,1.455917,103.815284
SBW-0159,1.455939,103.815606
SBW-015A,1.456996,103.81497
SBW-015B,1.457145,103.815196
SBW-015C,1.456544,103.815711
SBW-015D,1.456457,103.815788
SBW-015E,1.456051,103.816072
SBW-015F,1.45613,103.816268
SBW-0160,1.455586,103.816054
SBW-0161,1.455164,103.816279
SBW-0162,1.455159,103.816469
SBW-0163,1.454965,103.816863
SBW-0164,1.455106,103.816834
SBW-0165,1.455268,103.817079
SBW-0166,1.456345,103.817892
SBW-0167,1.456551,103.817218
SBW-0168,1.456564,103.81701
SBW-0169,1.456444,103.816651
SBW-016A,1.453826,103.820096
SBW-016B,1.450597,103.832073
SBW-016C,1.447991,103.832613
SBW-016D,1.448205,103.832877
SBW-016E,1.44833,103.832817
SBW-016F,1.449868,103.832986
SBW-0170,1.448063,103.831323
SBW-0171,1.44667,103.8291
SBW-0172,1.446228,103.831121
SBW-0173,1.445983,103.830989
SBW-0174,1.4462,103.83247
SBW-0175,1.446052,103.832021
SBW-0176,1.447589,103.833463
SBW-0177,1.445639,103.833004
SBW-0178,1.445208,103.832568
SBW-0179,1.444698,103.831598
SBW-017A,1.447895,103.81776
SBW-017B,1.447528,103.817853
SBW-017C,1.447481,103.818529
SBW-017D,1.450555,103.820737
SBW-017E,1.450307,103.820191
SBW-017F,1.450662,103.819737
SBW-0180,1.450475,103.819092
SBW-0181,1.450024,103.818962
SBW-0182,1.449548,103.816975
SBW-0183,1.449424,103.817016
SBW-0184,1.450038,103.816865
SBW-0185,1.449517,103.815414
SBW-0186,1.44914,103.815857
SBW-0187,1.446997,103.81382
SBW-0188,1.445819,103.814058
SBW-0189,1.44487,103.815654
SBW-018A,1.444473,103.815493
SBW-018B,1.44478,103.815756
SBW-018C,1.444069,103.81706
SBW-018D,1.444232,103.816914
SBW-018E,1.443715,103.81617
SBW-018F,1.443548,103.816517
SBW-0190,1.443674,103.816248
SBW-0191,1.455432,103.814201
SBW-0192,1.455239,103.813606
SBW-0193,1.452643,103.813695
SBW-0194,1.452715,103.813934
SBW-0195,1.450512,103.814022
SBW-0196,1.450468,103.813733
SBW-0197,1.449902,103.813473
SBW-0198,1.449989,103.813683
SBW-0199,1.451397,103.821057
SBW-019A,1.451079,103.82163
SBW-019B,1.450341,103.821658
SBW-019C,1.451428,103.823763
SBW-019D,1.451811,103.823779
SBW-019E,1.452442,103.823984
SBW-019F,1.452731,103.823996
SBW-01A0,1.452409,103.820487
SBW-01A1,1.453064,103.820767
SBW-01A2,1.453526,103.820293
SBW-01A3,1.453603,103.820478
SBW-01A4,1.450646,103.825875
SBW-01A5,1.449766,103.826088
SBW-01A6,1.449705,103.825702
SBW-01A7,1.450419,103.826875
SBW-01A8,1.450304,103.826708
SBW-01A9,1.450957,103.827027
SBW-01AA,1.451705,103.827655
SBW-01AB,1.451547,103.827952
SBW-01AC,1.450307,103.831631
SBW-01AD,1.449966,103.831409
SBW-01AE,1.448064,103.832958
SBW-01AF,1.44833,103.833459
SBW-01B0,1.447987,103.832615
SBW-01B1,1.44927,103.833365
SBW-01B2,1.448278,103.83172
SBW-01B3,1.446298,103.829363
SBW-01B4,1.446363,103.831364
SBW-01B5,1.44622,103.831414
SBW-01B6,1.446481,103.831762
SBW-01B7,1.446545,103.833052
SBW-01B8,1.447903,103.833958
SBW-01B9,1.445359,103.83374
SBW-01BA,1.445476,103.833703
SBW-01BB,1.444759,103.833116
SBW-01BC,1.444772,103.833291
SBW-01BD,1.444187,103.831901
SBW-01BE,1.447871,103.817378
SBW-01BF,1.447288,103.818214
SBW-01C0,1.448019,103.818378
SBW-01C1,1.448055,103.818197
SBW-01C2,1.449994,103.820734
SBW-01C3,1.450998,103.82006
SBW-01C4,1.45023,103.81993
SBW-01C5,1.450146,103.819232
SBW-01C6,1.450398,103.818772
SBW-01C7,1.449334,103.817289
SBW-01C8,1.45042,103.817462
SBW-01C9,1.449257,103.815028
SBW-01CA,1.449228,103.815118
SBW-01CB,1.448865,103.815235
SBW-01CC,1.445669,103.813873
SBW-01CD,1.445763,103.813846
SBW-01CE,1.445639,103.813755
SBW-01CF,1.444132,103.815435
SBW-01D0,1.443904,103.817186
SBW-01D1,1.443944,103.815734
SBW-01D2,1.44397,103.816037
SBW-01D3,1.456249,103.814066
SBW-01D4,1.455178,103.813334
SBW-01D5,1.451107,103.813858
SBW-01D6,1.451154,103.813632
SBW-01D7,1.450203,103.814204
SBW-01D8,1.450038,103.814117
SBW-01D9,1.449069,103.813538
SBW-01DA,1.448464,103.813221
SBW-01DB,1.44833,103.813426
SBW-01DC,1.452044,103.821099
SBW-01DD,1.450215,103.821952
SBW-01DE,1.450714,103.823267
SBW-01DF,1.450801,103.823203
SBW-01E0,1.452899,103.82326
SBW-01E1,1.452947,103.823474
SBW-01E2,1.452538,103.820889
SBW-01E3,1.452646,103.821147
SBW-01E4,1.453272,103.82124
SBW-01E5,1.453823,103.820936
SBW-01E6,1.450529,103.82535
SBW-01E7,1.449705,103.825166
SBW-01E8,1.449689,103.825547
SBW-01E9,1.449844,103.826517
SBW-01EA,1.450034,103.827052
SBW-01EB,1.450605,103.827583
SBW-01EC,1.450886,103.827776
SBW-01ED,1.451277,103.828476
SBW-01EE,1.451407,103.828146
SBW-01EF,1.449526,103.831984
SBW-01F0,1.449759,103.83186
SBW-01F1,1.44954,103.831875
SBW-01F2,1.448782,103.833524
SBW-01F3,1.447471,103.831977
SBW-01F4,1.445948,103.829606
SBW-01F5,1.446999,103.832477
SBW-01F6,1.447506,103.834523
SBW-01F7,1.444588,103.833647
SBW-01F8,1.444449,103.833732
SBW-01F9,1.444141,103.832954
SBW-01FA,1.448518,103.814795
SBW-01FB,1.449847,103.820327
SBW-01FC,1.449942,103.820474
SBW-01FD,1.451309,103.819872
SBW-01FE,1.449859,103.820109
SBW-01FF,1.449714,103.819425
SBW-0200,1.450656,103.818152
SBW-0201,1.44922,103.817807
SBW-0202,1.449707,103.817756
SBW-0203,1.449094,103.814772
SBW-0204,1.449374,103.814596
SBW-0205,1.448684,103.814916
SBW-0206,1.446293,103.813117
SBW-0207,1.446593,103.813339
SBW-0208,1.445689,103.812992
SBW-0209,1.445718,103.812973
SBW-020A,1.445782,103.813053
SBW-020B,1.443619,103.817177
SBW-020C,1.443431,103.816859
SBW-020D,1.456149,103.814495
SBW-020E,1.455811,103.813224
SBW-020F,1.450555,103.814784
SBW-0210,1.451755,103.82172
SBW-0211,1.450723,103.822413
SBW-0212,1.450094,103.8238
SBW-0213,1.452322,103.823212
SBW-0214,1.452993,103.821543
SBW-0215,1.450631,103.82475
SBW-0216,1.449804,103.824586
SBW-0217,1.450858,103.827994
SBW-0218,1.449756,103.832243
SBW-0219,1.450132,103.832392
SBW-021A,1.445762,103.829179
SBW-021B,1.446662,103.831992
SBW-021C,1.446909,103.832214
SBW-021D,1.446774,103.832311
SBW-021E,1.446898,103.833688
SBW-021F,1.45131,103.819508
SBW-0220,1.450878,103.818644
SBW-0221,1.455853,103.813526
SBW-0222,1.450733,103.814402
SBW-0223,1.451347,103.822637
SBW-0224,1.450406,103.823911
SBW-0225,1.451562,103.823172
SBW-0226,1.449867,103.824422
SBW-0227,1.449984,103.82408
SBW-0228,1.461558,103.813463
SBW-0229,1.460698,103.811992
SBW-022A,1.457737,103.799212
SBW-022B,1.466614,103.802185
SBW-022C,1.461232,103.812807
SBW-022D,1.469469,103.811532
SBW-022E,1.468449,103.813319
SBW-022F,1.469453,103.811106
SBW-0230,1.44474,103.81635
SBW-0231,1.452856,103.81666
SBW-0233,1.444358,103.818831
SBW-0234,1.449878,103.830909
SBW-0235,1.44954,103.831574
SBW-0236,1.448056,103.832675
SBW-0237,1.448174,103.832348
SBW-0238,1.445324,103.832145
SBW-0239,1.445844,103.832444
SBW-023A,1.45038,103.816234
SBW-023C,1.466458,103.810663
SBW-023D,1.462229,103.80392
SBW-023E,1.462085,103.803797
SBW-023F,1.45775,103.80289
SBW-0240,1.445714,103.819731
SBW-0241,1.446405,103.814821
SBW-0242,1.446491,103.811802
SBW-0243,1.446274,103.812065
SBW-0244,1.466621,103.809152
SBW-0245,1.458306,103.835965
SBW-0246,1.454593,103.816469
SBW-0247,1.456164,103.818137
SBW-0248,1.467607,103.803729
SBW-0249,1.444977,103.816352
SBW-024A,1.462027,103.817766
SBW-024B,1.448015,103.813608
SBW-024C,1.449253,103.826757
SBW-024D,1.464553,103.805929
SBW-024E,1.451396,103.819224
SBW-024F,1.448131,103.80719
SBW-0250,1.449778,103.805284
SBW-0251,1.446846,103.822747
SBW-0252,1.450128,103.815904
SBW-0253,1.446656,103.809825
SBW-0254,1.460592,103.815365
SBW-0255,1.461456,103.81454
SBW-0257,1.455867,103.818084
SBW-0258,1.451608,103.828619
SBW-0259,1.445218,103.819674
SBW-025C,1.45134,103.821025
SBW-025D,1.445147,103.82635
SBW-025E,1.447096,103.821087
SBW-025F,1.455751,103.814983
SBW-0260,1.449994,103.822792
SBW-0261,1.436281,103.828556
SBW-0262,1.443111,103.829386
SBW-0265,1.443487,103.829982
SBW-0266,1.444024,103.830757
SBW-0267,1.444037,103.830731
SBW-0268,1.444049,103.830739
SBW-0269,1.443781,103.830355
SBW-026A,1.443775,103.830345
SBW-026B,1.443303,103.831029
SBW-026C,1.443381,103.831258
SBW-026D,1.443389,103.831251
SBW-026E,1.443404,103.831238
SBW-026F,1.443412,103.831238
SBW-0270,1.442652,103.831012
SBW-0271,1.442711,103.830956
SBW-0272,1.442716,103.830967
SBW-0273,1.445479,103.834999
SBW-0274,1.444398,103.829778
SBW-0275,1.445424,103.829875
SBW-0276,1.445427,103.829825
SBW-0277,1.444716,103.83014
SBW-0278,1.44499,103.830582
SBW-0279,1.444524,103.829631
SBW-027A,1.444438,103.829696
SBW-027B,1.445222,103.829494
SBW-027C,1.44524,103.829574
SBW-027D,1.445272,103.835076
SBW-027E,1.445715,103.835154
SBW-027F,1.445709,103.83525
SBW-0280,1.445783,103.835356
SBW-0281,1.445844,103.835414
SBW-0282,1.446084,103.835311
SBW-0283,1.446135,103.835366
SBW-0284,1.446161,103.834951
SBW-0285,1.446776,103.835019
SBW-0286,1.446646,103.835118
SBW-0287,1.446643,103.834707
SBW-0288,1.451094,103.832189
SBW-0289,1.451071,103.832311
SBW-028A,1.451151,103.831588
SBW-028B,1.451136,103.831524
SBW-028C,1.451089,103.831604
SBW-028D,1.451729,103.831693
SBW-028E,1.45186,103.831682
SBW-028F,1.45171,103.830745
SBW-0290,1.451858,103.830729
SBW-0291,1.450874,103.830994
SBW-0292,1.450821,103.831054
SBW-0293,1.45064,103.831257
SBW-0294,1.450634,103.831205
SBW-0295,1.450616,103.83118
SBW-0296,1.450588,103.831177
SBW-0297,1.449254,103.821216
SBW-0298,1.449277,103.821268
SBW-0299,1.448372,103.830064
SBW-029A,1.449101,103.829377
SBW-029B,1.447813,103.829728
SBW-029C,1.448612,103.829169
SBW-029D,1.457223,103.81533
SBW-029E,1.454032,103.820533
SBW-029F,1.454072,103.819849
SBW-02A0,1.451593,103.830284
SBW-02A1,1.451576,103.830319
SBW-02A2,1.451216,103.832219
SBW-02A3,1.451062,103.832283
SBW-02A4,1.451163,103.832425
SBW-02A5,1.450847,103.830916
SBW-02A6,1.450356,103.832145
SBW-02A7,1.45034,103.832159
SBW-02A8,1.449723,103.833061
SBW-02A9,1.452024,103.820938
SBW-02AA,1.451274,103.821173
SBW-02AB,1.450892,103.821413
SBW-02AC,1.452288,103.823915
SBW-02AD,1.453078,103.823956
SBW-02AE,1.452631,103.820527
SBW-02AF,1.452598,103.820415
SBW-02B0,1.453204,103.82074
SBW-02B1,1.453632,103.82045
SBW-02B2,1.450326,103.82581
SBW-02B3,1.449928,103.825965
SBW-02B4,1.449832,103.826049
SBW-02B5,1.451711,103.8276
SBW-02B6,1.451855,103.83139
SBW-02B7,1.451214,103.831488
SBW-02B8,1.451204,103.831396
SBW-02B9,1.450462,103.831206
SBW-02BA,1.450142,103.831482
SBW-02BB,1.450131,103.831455
SBW-02BC,1.449144,103.833401
SBW-02BD,1.452094,103.821662
SBW-02BE,1.452783,103.822951
SBW-02BF,1.453335,103.821167
SBW-02C0,1.453864,103.820902
SBW-02C1,1.450463,103.824878
SBW-02C2,1.449866,103.825465
SBW-02C3,1.45022,103.82724
SBW-02C4,1.450858,103.827148
SBW-02C5,1.450904,103.827807
SBW-02C6,1.451403,103.82843
SBW-02C7,1.449723,103.831951
SBW-02C8,1.451606,103.823391
SBW-02C9,1.453018,103.821444
SBW-02CA,1.452969,103.821333
SBW-02CB,1.450438,103.824555
SBW-02CC,1.449929,103.824895
SBW-02CD,1.44977,103.826401
SBW-02CE,1.449558,103.832222
SBW-02CF,1.449571,103.832238
SBW-02D0,1.451141,103.822199
SBW-02D1,1.45124,103.822901
SBW-02D2,1.451246,103.82312
SBW-02D3,1.450076,103.824386
SBW-02D4,1.443237,103.821947
SBW-02D5,1.443636,103.82289
SBW-02D6,1.442625,103.822103
SBW-02D7,1.443534,103.823201
SBW-02D8,1.442402,103.822551
SBW-02D9,1.442974,103.823236
SBW-02DA,1.44226,103.822729
SBW-02DB,1.442419,103.823431
SGK-0001,1.424896,103.762289
SGK-0002,1.425168,103.762507
SGK-0003,1.411637,103.761309
SGK-0005,1.411873,103.757655
SGK-0006,1.389075,103.753012
SGK-0007,1.438162,103.742859
SGK-0009,1.410327,103.769921
SGK-000A,1.424644,103.760964
SGK-000B,1.424363,103.761543
SGK-000C,1.438701,103.766553
SGK-000D,1.433699,103.761952
SGK-000E,1.433287,103.755542
SGK-000F,1.429211,103.750416
SGK-0010,1.408076,103.746316
SGK-0011,1.414729,103.751517
SGK-0013,1.423074,103.750222
SGK-0014,1.428833,103.74744
SGK-0015,1.423732,103.749876
SGK-0016,1.417947,103.754792
SGK-0017,1.406965,103.758741
SGK-0018,1.416456,103.759199
SGK-001A,1.416986,103.748269
SGK-001B,1.420383,103.742647
SGK-001C,1.410305,103.763609
SGK-001E,1.413558,103.745189
SGK-001F,1.424472,103.761062
SGK-0020,1.424879,103.762266
SGK-0021,1.425179,103.7625
SGK-0022,1.425273,103.761136
SGK-0023,1.411359,103.76093
SGK-0024,1.406064,103.755202
SGK-0025,1.405962,103.755352
SGK-0026,1.403228,103.754597
SGK-0027,1.431822,103.747588
SGK-0028,1.410003,103.766445
SGK-0029,1.431926,103.747465
SGK-002A,1.369057,103.694147
SGK-002B,1.40085,103.754295
SGK-002C,1.400849,103.754108
SGK-002D,1.424965,103.756968
SGK-002E,1.434778,103.755225
SGK-002F,1.419258,103.750714
SGK-0030,1.426423,103.748885
SGK-0031,1.429327,103.747238
SGK-0032,1.433944,103.748643
SGK-0033,1.436665,103.746886
SGK-0034,1.435372,103.75493
SGK-0035,1.392939,103.754172
SGK-0036,1.423779,103.758622
SGK-0037,1.429102,103.766788
SGK-0038,1.413514,103.751908
SGK-0039,1.42281,103.750081
SGK-003A,1.41994,103.750769
SGR-0001,1.289388,103.84009
SGR-0003,1.294212,103.832524
SGR-0004,1.290722,103.834472
SGR-0005,1.286814,103.846048
SGR-0006,1.288684,103.837355
SGR-0007,1.29338,103.8314
SGR-000B,1.291981,103.844014
SGR-000C,1.291969,103.84404
SGR-000D,1.286301,103.846687
SGR-000E,1.289734,103.83867
SGR-000F,1.2902,103.836892
SGR-0010,1.289536,103.847471
SGR-0011,1.28952,103.847496
SIP-0001,1.444491,103.841285
SIP-0002,1.443475,103.840736
SJC-0010,1.35317,103.69146
SKG-0001,1.383528,103.902421
SKG-0002,1.383674,103.902481
SKG-0003,1.384032,103.901898
SKG-0004,1.384143,103.902027
SKG-0005,1.383349,103.897633
SKG-0006,1.38342,103.897591
SKG-0007,1.384172,103.896942
SKG-0008,1.383771,103.898126
SKG-0009,1.396668,103.889894
SKG-000A,1.397412,103.889638
SKG-000B,1.397647,103.889242
SKG-000C,1.397547,103.889024
SKG-000D,1.397512,103.889316
SKG-000E,1.392048,103.87656
SKG-000F,1.392204,103.876456
SKG-0010,1.397861,103.881233
SKG-0011,1.387329,103.89012
SKG-0012,1.387009,103.89042
SKG-0013,1.39454,103.873662
SKG-0014,1.396176,103.8883
SKG-0015,1.390462,103.876405
SKG-0016,1.397798,103.88134
SKG-0017,1.393268,103.878801
SKG-0018,1.388573,103.888501
SKG-0019,1.39568,103.890449
SKG-001B,1.392208,103.880029
SKG-001C,1.382034,103.899374
SKG-001D,1.391471,103.89947
SKG-001E,1.390967,103.876943
SKG-001F,1.390992,103.900094
SKG-0020,1.379707,103.898038
SKG-0021,1.388042,103.870365
SKG-0022,1.395055,103.874915
SKG-0023,1.380178,103.901239
SKG-0024,1.395048,103.901991
SKG-0025,1.389585,103.905104
SKG-0026,1.387752,103.905361
SKG-0027,1.383622,103.902189
SKG-0028,1.391039,103.906174
SKG-0029,1.388241,103.892119
SKG-002A,1.387239,103.8896
SKG-002B,1.388054,103.887721
SKG-002C,1.390614,103.884203
SKG-002D,1.389975,103.884664
SKG-002F,1.389991,103.890586
SKG-0030,1.393111,103.887137
SKG-0031,1.385838,103.891258
SKG-0032,1.385239,103.890703
SKG-0034,1.388834,103.89683
SKG-0035,1.393003,103.903805
SKG-0036,1.381031,103.89017
SKG-0037,1.399417,103.872372
SKG-0038,1.399932,103.872417
SKG-0039,1.385789,103.906505
SKG-003A,1.384324,103.904475
SKG-003B,1.381426,103.897465
SKG-003C,1.392951,103.901294
SKG-003D,1.392805,103.895723
SKG-003E,1.398202,103.88404
SKG-003F,1.394687,103.885052
SKG-0041,1.395514,103.89741
SKG-0042,1.383447,103.903569
SKG-0043,1.389247,103.890977
SKG-0044,1.387717,103.88969
SKG-0045,1.388746,103.889137
SKG-0046,1.389549,103.888669
SKG-0047,1.389934,103.885839
SKG-0048,1.389965,103.886426
SKG-0049,1.391822,103.885953
SKG-004B,1.391694,103.888313
SKG-004C,1.392082,103.887617
SKG-004D,1.391061,103.888693
SKG-004E,1.392819,103.888814
SKG-004F,1.393977,103.887626
SKG-0050,1.393783,103.889821
SKG-0051,1.391118,103.890046
SKG-0052,1.391224,103.891201
SKG-0053,1.390803,103.891875
SKG-0054,1.390091,103.891857
SKG-0055,1.390998,103.892153
SKG-0056,1.391434,103.892157
SKG-0057,1.391827,103.892005
SKG-0058,1.392348,103.892423
SKG-0059,1.392742,103.891689
SKG-005A,1.392721,103.891491
SKG-005B,1.39331,103.890695
SKG-005C,1.395424,103.887924
SKG-005D,1.395661,103.888014
SKG-005E,1.395669,103.889224
SKG-005F,1.398491,103.888966
SKG-0060,1.397684,103.888835
SKG-0061,1.397894,103.888039
SKG-0062,1.399218,103.888819
SKG-0063,1.39995,103.890124
SKG-0064,1.399773,103.889029
SKG-0065,1.389043,103.876137
SKG-0066,1.389082,103.87803
SKG-0067,1.389808,103.878747
SKG-0068,1.38949,103.87956
SKG-0069,1.389406,103.880552
SKG-006A,1.388482,103.872915
SKG-006B,1.388468,103.873836
SKG-006D,1.388066,103.874442
SKG-006E,1.388434,103.874733
SKG-006F,1.388637,103.875376
SKG-0070,1.388851,103.875282
SKG-0071,1.391087,103.875109
SKG-0072,1.392063,103.875408
SKG-0073,1.391285,103.874451
SKG-0074,1.391323,103.873835
SKG-0075,1.391338,103.873663
SKG-0076,1.391785,103.873271
SKG-0077,1.39229,103.873527
SKG-0078,1.393753,103.874018
SKG-0079,1.393559,103.875157
SKG-007A,1.393572,103.87559
SKG-007B,1.396059,103.887536
SKG-007C,1.382872,103.899254
SKG-007D,1.382092,103.901236
SKG-007E,1.38277,103.901394
SKG-007F,1.382556,103.899996
SKG-0080,1.383008,103.90022
SKG-0081,1.383037,103.899845
SKG-0082,1.383255,103.899568
SKG-0083,1.383741,103.900109
SKG-0084,1.382036,103.90222
SKG-0085,1.38214,103.902865
SKG-0086,1.383464,103.902755
SKG-0087,1.383439,103.903323
SKG-0088,1.383976,103.90065
SKG-0089,1.38456,103.901496
SKG-008A,1.386388,103.902806
SKG-008B,1.386811,103.902496
SKG-008C,1.388196,103.903229
SKG-008D,1.388169,103.902634
SKG-008E,1.388248,103.905115
SKG-008F,1.387943,103.904525
SKG-0090,1.388617,103.903657
SKG-0091,1.388922,103.90288
SKG-0092,1.390344,103.902019
SKG-0093,1.389868,103.903757
SKG-0094,1.390392,103.908201
SKG-0095,1.390039,103.907245
SKG-0096,1.389049,103.908785
SKG-0097,1.388699,103.91035
SKG-0098,1.390291,103.909056
SKG-0099,1.393044,103.905821
SKG-009A,1.39271,103.905466
SKG-009B,1.392816,103.905029
SKG-009C,1.393356,103.905295
SKG-009D,1.395219,103.905043
SKG-009E,1.395188,103.905104
SKG-009F,1.393105,103.903252
SKG-00A0,1.393147,103.903287
SKG-00A1,1.394478,103.902103
SKG-00A2,1.387651,103.906182
SKG-00A3,1.387354,103.905927
SKG-00A4,1.384321,103.902871
SKG-00A5,1.381802,103.895602
SKG-00A6,1.382121,103.896358
SKG-00A7,1.383299,103.897328
SKG-00A8,1.383364,103.897341
SKG-00A9,1.384051,103.896648
SKG-00AA,1.384844,103.896159
SKG-00AB,1.38387,103.895474
SKG-00AC,1.385304,103.898082
SKG-00AD,1.384668,103.898856
SKG-00AE,1.383455,103.898534
SKG-00AF,1.384092,103.899225
SKG-00B0,1.384993,103.900046
SKG-00B1,1.385068,103.898716
SKG-00B2,1.385392,103.899417
SKG-00B3,1.386441,103.899901
SKG-00B4,1.385506,103.900877
SKG-00B6,1.382037,103.890572
SKG-00B7,1.391963,103.880116
SKG-00B8,1.398193,103.884202
SKG-00B9,1.390958,103.897349
SKG-00BA,1.391298,103.895189
SKG-00BB,1.391061,103.895104
SKG-00BC,1.382664,103.892846
SKG-00BE,1.382766,103.893348
SKG-00BF,1.393082,103.895575
SKG-00C0,1.392772,103.896198
SKG-00C2,1.390953,103.895384
SKG-00C3,1.390779,103.895164
SKG-00C4,1.38295,103.893417
SKG-00C5,1.383184,103.893354
SKG-00C6,1.393048,103.895559
SKG-00C7,1.391465,103.876688
SKG-00C8,1.397432,103.889498
SKG-00C9,1.393989,103.900115
SKG-00CA,1.394253,103.899875
SKG-00CB,1.394424,103.89967
SKG-00CC,1.394301,103.899627
SKG-00CD,1.393867,103.900878
SKG-00CE,1.394015,103.900738
SKG-00CF,1.394031,103.900683
SKG-00D0,1.395259,103.900706
SKG-00D1,1.394912,103.900475
SKG-00D2,1.394815,103.90117
SKG-00D3,1.394978,103.901265
SKG-00D4,1.391568,103.905252
SKG-00D5,1.391539,103.905392
SKG-00D6,1.391432,103.905159
SKG-00D7,1.392082,103.905862
SKG-00D8,1.391713,103.906145
SKG-00D9,1.391439,103.906324
SKG-00DA,1.39131,103.906537
SKG-00DB,1.387868,103.905995
SKG-00DC,1.387902,103.906117
SKG-00DD,1.383371,103.902398
SKG-00DE,1.394295,103.900377
SKG-00DF,1.391588,103.906172
SKG-00E0,1.388337,103.905237
SKG-00E1,1.392815,103.895689
SKG-00E2,1.392794,103.895751
SKG-00E3,1.392784,103.895779
SKG-00E4,1.392774,103.895809
SKG-00E5,1.394074,103.893746
SKG-00E6,1.382984,103.899368
SKG-00E7,1.381926,103.901181
SKG-00E8,1.382678,103.901448
SKG-00E9,1.382738,103.901501
SKG-00EA,1.382764,103.900847
SKG-00EB,1.382154,103.900659
SKG-00EC,1.382535,103.900137
SKG-00ED,1.383019,103.90042
SKG-00EE,1.383007,103.899804
SKG-00EF,1.383405,103.899616
SKG-00F0,1.383408,103.900374
SKG-00F1,1.384236,103.900601
SKG-00F2,1.384384,103.90073
SKG-00F3,1.383418,103.901403
SKG-00F4,1.384085,103.901336
SKG-00F5,1.384201,103.901177
SKG-00F6,1.384549,103.900982
SKG-00F7,1.384733,103.901136
SKG-00F8,1.384647,103.901188
SKG-00F9,1.386623,103.904653
SKG-00FA,1.386594,103.904543
SKG-00FB,1.386814,103.904522
SKG-00FC,1.386487,103.906603
SKG-00FD,1.386874,103.906818
SKG-00FE,1.386414,103.90316
SKG-00FF,1.387384,103.902403
SKG-0100,1.388972,103.902727
SKG-0101,1.389063,103.902433
SKG-0102,1.39059,103.902127
SKG-0103,1.390091,103.902969
SKG-0104,1.390187,103.902541
SKG-0105,1.390155,103.902507
SKG-0106,1.389543,103.902695
SKG-0107,1.389573,103.902655
SKG-0108,1.389722,103.902952
SKG-0109,1.389667,103.903142
SKG-010A,1.389934,103.903239
SKG-010B,1.388715,103.90348
SKG-010C,1.387953,103.904545
SKG-010D,1.38907,103.904995
SKG-010E,1.389159,103.904919
SKG-010F,1.38856,103.904685
SKG-0110,1.389004,103.90429
SKG-0111,1.389263,103.903891
SKG-0112,1.389375,103.904115
SKG-0113,1.390443,103.905062
SKG-0114,1.390235,103.904826
SKG-0115,1.39001,103.904948
SKG-0116,1.390048,103.904826
SKG-0117,1.390133,103.905687
SKG-0118,1.390031,103.905611
SKG-0119,1.389114,103.90594
SKG-011A,1.389111,103.906109
SKG-011B,1.38946,103.905742
SKG-011C,1.389683,103.906368
SKG-011D,1.389515,103.906364
SKG-011E,1.389833,103.906056
SKG-011F,1.389581,103.906339
SKG-0120,1.390271,103.90644
SKG-0121,1.390156,103.906438
SKG-0122,1.390084,103.906463
SKG-0123,1.390468,103.9057
SKG-0124,1.390439,103.905522
SKG-0125,1.390566,103.905446
SKG-0126,1.390961,103.905012
SKG-0127,1.39114,103.905003
SKG-0128,1.391212,103.905176
SKG-0129,1.392235,103.906488
SKG-012A,1.392431,103.906296
SKG-012B,1.39098,103.906965
SKG-012C,1.390634,103.907145
SKG-012D,1.390968,103.90759
SKG-012E,1.390687,103.909447
SKG-012F,1.393552,103.90157
SKG-0130,1.393616,103.90168
SKG-0131,1.393284,103.901583
SKG-0132,1.392584,103.901553
SKG-0133,1.392711,103.901992
SKG-0134,1.393004,103.902136
SKG-0135,1.392821,103.902562
SKG-0136,1.393046,103.903204
SKG-0137,1.392732,103.903431
SKG-0138,1.392634,103.903533
SKG-0139,1.392809,103.903921
SKG-013A,1.388729,103.893032
SKG-013B,1.388726,103.893006
SKG-013C,1.388807,103.900776
SKG-013D,1.38887,103.900899
SKG-013E,1.388679,103.901468
SKG-013F,1.388406,103.901476
SKG-0140,1.388354,103.901434
SKG-0141,1.389437,103.901495
SKG-0142,1.3905,103.901185
SKG-0143,1.390468,103.901172
SKG-0144,1.390254,103.900643
SKG-0145,1.390638,103.900329
SKG-0146,1.390885,103.899503
SKG-0147,1.390533,103.899305
SKG-0148,1.390634,103.899199
SKG-0149,1.389997,103.898616
SKG-014A,1.390826,103.898574
SKG-014B,1.391334,103.898237
SKG-014C,1.391245,103.898503
SKG-014D,1.390621,103.901847
SKG-014E,1.390676,103.897908
SKG-014F,1.390986,103.898062
SKG-0150,1.389957,103.897736
SKG-0151,1.389912,103.89789
SKG-0152,1.393341,103.898942
SKG-0153,1.393377,103.898817
SKG-0154,1.392924,103.899163
SKG-0155,1.393048,103.899154
SKG-0156,1.392373,103.898511
SKG-0157,1.392339,103.898582
SKG-0158,1.392146,103.898466
SKG-0159,1.392196,103.89848
SKG-015A,1.391673,103.899474
SKG-015B,1.391702,103.89948
SKG-015C,1.393748,103.899896
SKG-015D,1.393052,103.899969
SKG-015E,1.393657,103.899816
SKG-015F,1.394312,103.899254
SKG-0160,1.394318,103.899194
SKG-0161,1.394127,103.899219
SKG-0162,1.394179,103.899092
SKG-0163,1.393884,103.899217
SKG-0164,1.39384,103.899294
SKG-0165,1.381717,103.895171
SKG-0166,1.382269,103.897036
SKG-0167,1.392989,103.886698
SKG-0168,1.382529,103.902171
SKG-0169,1.384006,103.903197
SKG-016A,1.386236,103.904252
SKG-016B,1.386657,103.905075
SKG-016C,1.38664,103.905341
SKG-016D,1.386585,103.905826
SKG-016E,1.386938,103.906126
SKG-016F,1.386213,103.903014
SKG-0170,1.388403,103.902426
SKG-0171,1.387768,103.908309
SKG-0172,1.387804,103.908379
SKG-0173,1.387873,103.90844
SKG-0174,1.388827,103.906748
SKG-0175,1.387756,103.907421
SKG-0176,1.387822,103.907187
SKG-0177,1.387909,103.907143
SKG-0178,1.390458,103.907807
SKG-0179,1.389392,103.908418
SKG-017A,1.390078,103.907588
SKG-017B,1.38923,103.909542
SKG-017C,1.390392,103.909466
SKG-017D,1.390286,103.909774
SKG-017E,1.391586,103.907852
SKG-017F,1.392048,103.907571
SKG-0180,1.392308,103.907645
SKG-0181,1.392042,103.907413
SKG-0182,1.39318,103.907295
SKG-0183,1.393327,103.905746
SKG-0184,1.394096,103.905714
SKG-0185,1.39421,103.905172
SKG-0186,1.395098,103.902786
SKG-0187,1.39523,103.902931
SKG-0188,1.393824,103.903739
SKG-0189,1.3942,103.903503
SKG-018A,1.387339,103.892101
SKG-018B,1.387048,103.89227
SKG-018C,1.386985,103.892336
SKG-018D,1.388703,103.892433
SKG-018E,1.388319,103.892994
SKG-018F,1.388354,103.892977
SKG-0190,1.386705,103.895879
SKG-0191,1.388152,103.895065
SKG-0192,1.388207,103.89462
SKG-0193,1.387809,103.894699
SKG-0194,1.385967,103.89721
SKG-0195,1.385837,103.897265
SKG-0196,1.386557,103.896643
SKG-0197,1.386658,103.896584
SKG-0198,1.38659,103.896631
SKG-0199,1.384623,103.898521
SKG-019A,1.383597,103.898412
SKG-019B,1.383482,103.898699
SKG-019C,1.384942,103.900205
SKG-019D,1.384917,103.900158
SKG-019E,1.384764,103.899073
SKG-019F,1.386545,103.900061
SKG-01A0,1.386555,103.899973
SKG-01A1,1.385821,103.900155
SKG-01A2,1.389572,103.893295
SKG-01A3,1.389449,103.893269
SKG-01A4,1.390609,103.893283
SKG-01A5,1.390683,103.893266
SKG-01A6,1.389336,103.893932
SKG-01A7,1.389378,103.893894
SKG-01A8,1.388078,103.897391
SKG-01A9,1.388128,103.897216
SKG-01AA,1.387872,103.898081
SKG-01AB,1.387859,103.898233
SKG-01AC,1.387618,103.898814
SKG-01AD,1.387691,103.898665
SKG-01AE,1.38738,103.899365
SKG-01AF,1.38735,103.899567
SKG-01B0,1.387152,103.900186
SKG-01B1,1.38707,103.900301
SKG-01B2,1.387051,103.900394
SKG-01B3,1.386979,103.900541
SKG-01B4,1.387586,103.901322
SKG-01B5,1.387652,103.901421
SKG-01B6,1.392135,103.898977
SKG-01B7,1.392122,103.899024
SKG-01B8,1.392441,103.897417
SKG-01B9,1.393166,103.896912
SKG-01BA,1.392877,103.897017
SKG-01BB,1.394101,103.896949
SKG-01BC,1.393274,103.895696
SKG-01BD,1.394159,103.894557
SKG-01BE,1.394071,103.894312
SKG-01BF,1.394017,103.894336
SKG-01C0,1.395386,103.894745
SKG-01C1,1.395561,103.894855
SKG-01C2,1.381364,103.896833
SKG-01C3,1.382478,103.895306
SKG-01C4,1.382464,103.89677
SKG-01C5,1.384168,103.896712
SKG-01C6,1.38385,103.89574
SKG-01C7,1.383908,103.895706
SKG-01C8,1.383938,103.895626
SKG-01C9,1.38588,103.893983
SKG-01CA,1.38583,103.894866
SKG-01CB,1.385273,103.89396
SKG-01CC,1.385313,103.8939
SKG-01CD,1.383947,103.895025
SKG-01CE,1.381578,103.890388
SKG-01CF,1.381599,103.890539
SKG-01D0,1.381928,103.894549
SKG-01D1,1.381868,103.890188
SKG-01D2,1.381886,103.890329
SKG-01D3,1.385792,103.893211
SKG-01D4,1.385755,103.893253
SKG-01D5,1.386275,103.892252
SKG-01D6,1.386249,103.891792
SKG-01D7,1.385372,103.891872
SKG-01D8,1.397383,103.896347
SKG-01D9,1.397299,103.896552
SKG-01DA,1.397384,103.896377
SKG-01DB,1.398012,103.895678
SKG-01DC,1.397989,103.895683
SKG-01DD,1.397996,103.895636
SKG-01DE,1.398025,103.895742
SKG-01DF,1.398662,103.896995
SKG-01E0,1.398576,103.897364
SKG-01E1,1.398021,103.898147
SKG-01E2,1.397698,103.897601
SKG-01E3,1.397818,103.897645
SKG-01E4,1.396087,103.897035
SKG-01E5,1.396136,103.897064
SKG-01E6,1.396207,103.897135
SKG-01E7,1.396182,103.896614
SKG-01E8,1.395585,103.897959
SKG-01E9,1.395578,103.898054
SKG-01EA,1.39562,103.897892
SKG-01EB,1.395915,103.899098
SKG-01EC,1.395934,103.899105
SKG-01ED,1.396047,103.899129
SKG-01EE,1.395928,103.899052
SKG-01EF,1.396462,103.89594
SKG-01F0,1.396498,103.895817
SKG-01F1,1.396471,103.895892
SKG-01F2,1.396126,103.895809
SKG-01F3,1.396205,103.895694
SKG-01F4,1.396169,103.895782
SKG-01F5,1.398217,103.899418
SKG-01F6,1.398088,103.899605
SKG-01F7,1.398255,103.899256
SKG-01F8,1.398094,103.899627
SKG-01F9,1.397368,103.899062
SKG-01FA,1.397019,103.899364
SKG-01FB,1.397353,103.89911
SKG-01FC,1.397024,103.899326
SKG-01FD,1.395245,103.901745
SKG-01FE,1.395335,103.901614
SKG-01FF,1.396386,103.902486
SKG-0200,1.38929,103.891816
SKG-0201,1.38936,103.891659
SKG-0202,1.389282,103.891583
SKG-0203,1.389229,103.891866
SKG-0204,1.386986,103.890967
SKG-0205,1.38784,103.889029
SKG-0206,1.38873,103.888298
SKG-0207,1.388698,103.888245
SKG-0208,1.388503,103.888386
SKG-0209,1.388743,103.888356
SKG-020A,1.389942,103.888819
SKG-020B,1.390029,103.888851
SKG-020C,1.390192,103.889122
SKG-020D,1.390331,103.889055
SKG-020E,1.38962,103.887868
SKG-020F,1.389505,103.888056
SKG-0210,1.38961,103.887742
SKG-0211,1.389608,103.887819
SKG-0212,1.390112,103.88598
SKG-0213,1.389663,103.88603
SKG-0214,1.391771,103.885985
SKG-0215,1.391704,103.885982
SKG-0216,1.391667,103.885923
SKG-0217,1.390997,103.884923
SKG-0218,1.391066,103.885051
SKG-0219,1.391026,103.884262
SKG-021A,1.390976,103.884328
SKG-021B,1.391648,103.885259
SKG-021C,1.391591,103.885253
SKG-021D,1.391847,103.887366
SKG-021E,1.391049,103.889424
SKG-021F,1.391932,103.889112
SKG-0220,1.393887,103.887781
SKG-0221,1.391975,103.888899
SKG-0222,1.393723,103.889702
SKG-0223,1.390615,103.889956
SKG-0224,1.390576,103.890043
SKG-0225,1.390569,103.890064
SKG-0226,1.390593,103.890009
SKG-0227,1.390252,103.891035
SKG-0228,1.390264,103.890971
SKG-0229,1.391337,103.892253
SKG-022A,1.391334,103.892289
SKG-022B,1.391896,103.892462
SKG-022C,1.391964,103.89242
SKG-022D,1.393192,103.893083
SKG-022E,1.393002,103.893173
SKG-022F,1.393176,103.893127
SKG-0230,1.393506,103.89221
SKG-0231,1.393523,103.892159
SKG-0232,1.393525,103.892076
SKG-0233,1.393492,103.890829
SKG-0234,1.393798,103.891055
SKG-0235,1.393432,103.890849
SKG-0236,1.393802,103.891011
SKG-0237,1.393762,103.89078
SKG-0238,1.394928,103.887768
SKG-0239,1.394934,103.888123
SKG-023A,1.395964,103.889643
SKG-023B,1.395985,103.889696
SKG-023C,1.396206,103.889685
SKG-023D,1.396611,103.890029
SKG-023E,1.396692,103.890033
SKG-023F,1.395859,103.890493
SKG-0240,1.39586,103.890446
SKG-0241,1.396127,103.890326
SKG-0242,1.395421,103.891229
SKG-0243,1.395466,103.891014
SKG-0244,1.394477,103.891098
SKG-0245,1.39452,103.890884
SKG-0246,1.398559,103.889449
SKG-0247,1.398329,103.889499
SKG-0248,1.398342,103.889388
SKG-0249,1.398515,103.889444
SKG-024A,1.398312,103.889025
SKG-024B,1.398295,103.889134
SKG-024C,1.398613,103.889203
SKG-024D,1.399204,103.888882
SKG-024E,1.399522,103.890035
SKG-024F,1.39959,103.890119
SKG-0250,1.399222,103.888778
SKG-0251,1.382207,103.902143
SKG-0252,1.384137,103.902886
SKG-0253,1.384058,103.902951
SKG-0254,1.386054,103.904484
SKG-0255,1.385582,103.904242
SKG-0256,1.386487,103.904704
SKG-0257,1.386432,103.904999
SKG-0258,1.387362,103.906518
SKG-0259,1.38698,103.906476
SKG-025A,1.386152,103.902652
SKG-025B,1.388347,103.902947
SKG-025C,1.387727,103.90828
SKG-025D,1.387555,103.908073
SKG-025E,1.387548,103.908254
SKG-025F,1.388368,103.906729
SKG-0260,1.388646,103.906655
SKG-0261,1.390466,103.907913
SKG-0262,1.389095,103.908917
SKG-0263,1.389547,103.90732
SKG-0264,1.388674,103.910198
SKG-0265,1.390071,103.909415
SKG-0266,1.390023,103.909223
SKG-0267,1.391067,103.90829
SKG-0268,1.391418,103.908396
SKG-0269,1.392378,103.907096
SKG-026A,1.392272,103.907206
SKG-026B,1.392354,103.907292
SKG-026C,1.39293,103.90698
SKG-026D,1.393013,103.906989
SKG-026E,1.392686,103.905503
SKG-026F,1.394312,103.905845
SKG-0270,1.394608,103.905581
SKG-0271,1.395863,103.903805
SKG-0272,1.394397,103.902102
SKG-0273,1.394238,103.9021
SKG-0274,1.394338,103.902047
SKG-0275,1.394501,103.902159
SKG-0276,1.394593,103.902066
SKG-0277,1.394344,103.904045
SKG-0278,1.394081,103.90307
SKG-0279,1.387079,103.892411
SKG-027A,1.388209,103.893786
SKG-027B,1.387999,103.89278
SKG-027C,1.387972,103.892718
SKG-027D,1.386967,103.894475
SKG-027E,1.387101,103.89438
SKG-027F,1.385544,103.896638
SKG-0280,1.385638,103.896658
SKG-0281,1.387453,103.896742
SKG-0282,1.387434,103.89682
SKG-0283,1.384675,103.8989
SKG-0284,1.383685,103.898999
SKG-0285,1.383802,103.898647
SKG-0286,1.384475,103.899912
SKG-0287,1.385107,103.898844
SKG-0288,1.386374,103.900628
SKG-0289,1.386321,103.900706
SKG-028A,1.39014,103.893602
SKG-028B,1.390196,103.8936
SKG-028C,1.390469,103.89378
SKG-028D,1.390455,103.893726
SKG-028E,1.38918,103.89405
SKG-028F,1.388276,103.897668
SKG-0290,1.388441,103.897685
SKG-0291,1.388256,103.898119
SKG-0292,1.387932,103.899106
SKG-0293,1.387756,103.899512
SKG-0294,1.387291,103.900556
SKG-0295,1.388015,103.901294
SKG-0296,1.387939,103.901444
SKG-0297,1.382494,103.890834
SKG-0298,1.392536,103.897152
SKG-0299,1.392862,103.897268
SKG-029A,1.39297,103.897545
SKG-029B,1.392904,103.897531
SKG-029C,1.392925,103.897287
SKG-029D,1.392956,103.897317
SKG-029E,1.39385,103.897592
SKG-029F,1.393473,103.896937
SKG-02A0,1.393642,103.897166
SKG-02A1,1.39376,103.897737
SKG-02A2,1.393916,103.897313
SKG-02A3,1.393886,103.897475
SKG-02A4,1.393616,103.895186
SKG-02A5,1.393699,103.895428
SKG-02A6,1.393634,103.895412
SKG-02A7,1.393502,103.89435
SKG-02A8,1.393738,103.894223
SKG-02A9,1.395343,103.895473
SKG-02AA,1.3951,103.895535
SKG-02AB,1.395145,103.895575
SKG-02AC,1.381288,103.896436
SKG-02AD,1.382339,103.895842
SKG-02AE,1.38268,103.897069
SKG-02AF,1.383214,103.897831
SKG-02B0,1.384474,103.896239
SKG-02B1,1.38539,103.894733
SKG-02B2,1.385409,103.894741
SKG-02B3,1.384833,103.893756
SKG-02B4,1.384604,103.895049
SKG-02B5,1.382106,103.890895
SKG-02B6,1.38215,103.89097
SKG-02B7,1.38337,103.894436
SKG-02B8,1.382282,103.894579
SKG-02B9,1.382468,103.890764
SKG-02BA,1.385281,103.892934
SKG-02BB,1.38629,103.89194
SKG-02BC,1.386285,103.892161
SKG-02BD,1.385801,103.891765
SKG-02BE,1.384966,103.89187
SKG-02BF,1.397527,103.895483
SKG-02C0,1.397512,103.895525
SKG-02C1,1.397544,103.895545
SKG-02C2,1.39733,103.896614
SKG-02C3,1.398798,103.896144
SKG-02C4,1.398564,103.897499
SKG-02C5,1.398465,103.897828
SKG-02C6,1.397693,103.897437
SKG-02C7,1.397691,103.897265
SKG-02C8,1.397814,103.897304
SKG-02C9,1.396961,103.897212
SKG-02CA,1.39697,103.897228
SKG-02CB,1.397018,103.897237
SKG-02CC,1.396982,103.897035
SKG-02CD,1.396004,103.898336
SKG-02CE,1.395857,103.89849
SKG-02CF,1.395391,103.898659
SKG-02D0,1.39542,103.898777
SKG-02D1,1.395523,103.898996
SKG-02D2,1.397084,103.89598
SKG-02D3,1.397046,103.896052
SKG-02D4,1.396943,103.896019
SKG-02D5,1.396928,103.896331
SKG-02D6,1.396972,103.895934
SKG-02D7,1.39691,103.896324
SKG-02D8,1.39767,103.9003
SKG-02D9,1.398005,103.899788
SKG-02DA,1.397706,103.900319
SKG-02DB,1.397952,103.900129
SKG-02DC,1.398032,103.899764
SKG-02DD,1.397831,103.899433
SKG-02DE,1.397891,103.899421
SKG-02DF,1.395473,103.902045
SKG-02E0,1.397021,103.90125
SKG-02E1,1.39687,103.901183
SKG-02E2,1.396755,103.901256
SKG-02E3,1.389222,103.891123
SKG-02E4,1.389221,103.891014
SKG-02E5,1.387867,103.890724
SKG-02E6,1.387884,103.8908
SKG-02E7,1.387837,103.890768
SKG-02E8,1.387815,103.890711
SKG-02E9,1.387632,103.88985
SKG-02EA,1.387611,103.889522
SKG-02EB,1.38764,103.889782
SKG-02EC,1.388445,103.889107
SKG-02ED,1.388544,103.888957
SKG-02EE,1.389172,103.888436
SKG-02EF,1.389062,103.888463
SKG-02F0,1.38937,103.888782
SKG-02F1,1.388999,103.888443
SKG-02F2,1.389184,103.888702
SKG-02F3,1.389868,103.888707
SKG-02F4,1.389816,103.888549
SKG-02F5,1.3897,103.888467
SKG-02F6,1.389688,103.888445
SKG-02F7,1.389507,103.888576
SKG-02F8,1.389726,103.8887
SKG-02F9,1.389817,103.887444
SKG-02FA,1.389633,103.887294
SKG-02FB,1.389729,103.887584
SKG-02FC,1.38965,103.887603
SKG-02FD,1.390101,103.886392
SKG-02FE,1.391457,103.885797
SKG-02FF,1.391536,103.885867
SKG-0300,1.391581,103.885796
SKG-0301,1.390995,103.884785
SKG-0302,1.391069,103.88478
SKG-0303,1.391131,103.884326
SKG-0304,1.391092,103.884398
SKG-0305,1.391878,103.885444
SKG-0306,1.391649,103.885394
SKG-0307,1.391592,103.885396
SKG-0308,1.39131,103.888073
SKG-0309,1.391128,103.888566
SKG-030A,1.393861,103.888523
SKG-030B,1.393777,103.889246
SKG-030C,1.393808,103.889237
SKG-030D,1.391414,103.890577
SKG-030E,1.39165,103.89016
SKG-030F,1.391635,103.890131
SKG-0310,1.391685,103.890317
SKG-0311,1.391164,103.890946
SKG-0312,1.391187,103.890676
SKG-0313,1.391132,103.892436
SKG-0314,1.391143,103.892393
SKG-0315,1.390956,103.892485
SKG-0316,1.391136,103.892035
SKG-0317,1.39131,103.891919
SKG-0318,1.391404,103.891938
SKG-0319,1.391602,103.891853
SKG-031A,1.391976,103.892727
SKG-031B,1.391997,103.892684
SKG-031C,1.392092,103.892875
SKG-031D,1.392038,103.892847
SKG-031E,1.392529,103.892429
SKG-031F,1.392543,103.892228
SKG-0320,1.392585,103.89231
SKG-0321,1.39262,103.892263
SKG-0322,1.392646,103.892274
SKG-0323,1.39255,103.892454
SKG-0324,1.392833,103.890678
SKG-0325,1.392977,103.8906
SKG-0326,1.392843,103.891042
SKG-0327,1.392961,103.890576
SKG-0328,1.395532,103.888614
SKG-0329,1.395745,103.888896
SKG-032A,1.395614,103.888745
SKG-032B,1.395679,103.888802
SKG-032C,1.395701,103.889114
SKG-032D,1.395745,103.889282
SKG-032E,1.3957,103.88928
SKG-032F,1.396592,103.890181
SKG-0330,1.396674,103.890188
SKG-0331,1.396715,103.890505
SKG-0332,1.395754,103.890136
SKG-0333,1.395669,103.890051
SKG-0334,1.395582,103.890045
SKG-0335,1.395254,103.891359
SKG-0336,1.395401,103.891255
SKG-0337,1.395356,103.89147
SKG-0338,1.394426,103.891341
SKG-0339,1.394469,103.891128
SKG-033A,1.398458,103.890067
SKG-033B,1.398474,103.890201
SKG-033C,1.398508,103.890121
SKG-033D,1.398535,103.88851
SKG-033E,1.398536,103.888461
SKG-033F,1.398617,103.888493
SKG-0340,1.397656,103.888905
SKG-0341,1.397673,103.888822
SKG-0342,1.382239,103.90303
SKG-0343,1.383333,103.903272
SKG-0344,1.383525,103.903448
SKG-0345,1.385114,103.9033
SKG-0346,1.385166,103.903383
SKG-0347,1.385133,103.904001
SKG-0348,1.385068,103.903848
SKG-0349,1.386296,103.905535
SKG-034A,1.386386,103.905227
SKG-034B,1.387541,103.906071
SKG-034C,1.387468,103.906463
SKG-034D,1.38666,103.90212
SKG-034E,1.388076,103.902875
SKG-034F,1.38795,103.907808
SKG-0350,1.387976,103.907717
SKG-0351,1.387879,103.907583
SKG-0352,1.388156,103.90717
SKG-0353,1.388326,103.90713
SKG-0354,1.388277,103.907193
SKG-0355,1.390146,103.90832
SKG-0356,1.389572,103.908453
SKG-0357,1.389819,103.908029
SKG-0358,1.388761,103.910464
SKG-0359,1.388619,103.910546
SKG-035A,1.389426,103.909761
SKG-035B,1.389458,103.90971
SKG-035C,1.389751,103.909567
SKG-035D,1.390868,103.908672
SKG-035E,1.391133,103.908746
SKG-035F,1.392815,103.90756
SKG-0360,1.393044,103.90643
SKG-0361,1.39286,103.905037
SKG-0362,1.392813,103.905056
SKG-0363,1.395353,103.904315
SKG-0364,1.395389,103.90453
SKG-0365,1.395544,103.903326
SKG-0366,1.39454,103.902199
SKG-0367,1.394599,103.90279
SKG-0368,1.387746,103.893526
SKG-0369,1.38758,103.892568
SKG-036A,1.386828,103.895324
SKG-036B,1.38735,103.894757
SKG-036C,1.386137,103.896535
SKG-036D,1.386098,103.896428
SKG-036E,1.386123,103.896499
SKG-036F,1.386076,103.896419
SKG-0370,1.387162,103.897774
SKG-0371,1.387131,103.897737
SKG-0372,1.387028,103.897779
SKG-0373,1.384102,103.899242
SKG-0374,1.384093,103.899197
SKG-0375,1.384379,103.899649
SKG-0376,1.384356,103.899606
SKG-0378,1.385241,103.899452
SKG-0379,1.386189,103.9011
SKG-037A,1.386132,103.901175
SKG-037B,1.390546,103.894318
SKG-037C,1.389913,103.894099
SKG-037D,1.389947,103.894168
SKG-037E,1.388807,103.897835
SKG-037F,1.388715,103.8978
SKG-0380,1.388574,103.898206
SKG-0381,1.388725,103.899051
SKG-0382,1.388434,103.899024
SKG-0383,1.388429,103.900035
SKG-0384,1.386834,103.90102
SKG-0385,1.386827,103.901154
SKG-0386,1.387832,103.900681
SKG-0387,1.392703,103.900015
SKG-0388,1.39284,103.896595
SKG-0389,1.392964,103.896224
SKG-038A,1.392844,103.896537
SKG-038B,1.392856,103.896307
SKG-038C,1.392962,103.896252
SKG-038D,1.392794,103.896528
SKG-038E,1.393422,103.897534
SKG-038F,1.393251,103.897655
SKG-0390,1.39332,103.897692
SKG-0391,1.393434,103.897457
SKG-0392,1.393734,103.897969
SKG-0393,1.393684,103.897959
SKG-0394,1.393636,103.897995
SKG-0395,1.393526,103.898201
SKG-0396,1.394242,103.895367
SKG-0397,1.394272,103.895452
SKG-0398,1.393991,103.895521
SKG-0399,1.393413,103.894659
SKG-039A,1.393292,103.894934
SKG-039B,1.394809,103.894979
SKG-039C,1.394882,103.89502
SKG-039D,1.381445,103.89611
SKG-039E,1.382302,103.895988
SKG-039F,1.382684,103.897359
SKG-03A0,1.384894,103.896098
SKG-03A1,1.38501,103.896065
SKG-03A2,1.385154,103.894649
SKG-03A3,1.385141,103.894602
SKG-03A4,1.385153,103.894689
SKG-03A5,1.385008,103.894337
SKG-03A6,1.385051,103.894364
SKG-03A7,1.38508,103.894676
SKG-03A8,1.384332,103.893635
SKG-03A9,1.384646,103.894574
SKG-03AA,1.382391,103.891283
SKG-03AB,1.382362,103.891201
SKG-03AC,1.383228,103.894079
SKG-03AD,1.383284,103.894083
SKG-03AE,1.382247,103.894011
SKG-03AF,1.382925,103.891008
SKG-03B0,1.382906,103.890974
SKG-03B1,1.382899,103.890948
SKG-03B2,1.385684,103.892424
SKG-03B3,1.385679,103.892469
SKG-03B4,1.38496,103.892324
SKG-03B5,1.397807,103.896184
SKG-03B6,1.39786,103.89617
SKG-03B7,1.39791,103.896243
SKG-03B8,1.398259,103.896572
SKG-03B9,1.398721,103.896779
SKG-03BA,1.398824,103.896338
SKG-03BB,1.398237,103.898255
SKG-03BC,1.398367,103.898053
SKG-03BD,1.396716,103.897353
SKG-03BE,1.396754,103.897401
SKG-03BF,1.396712,103.897399
SKG-03C0,1.396448,103.898646
SKG-03C1,1.396238,103.898452
SKG-03C2,1.397152,103.895324
SKG-03C3,1.397084,103.895496
SKG-03C4,1.397173,103.895382
SKG-03C5,1.397162,103.895488
SKG-03C6,1.397213,103.899922
SKG-03C7,1.397426,103.900299
SKG-03C8,1.39747,103.900307
SKG-03C9,1.397723,103.899727
SKG-03CA,1.397656,103.89968
SKG-03CB,1.396148,103.901058
SKG-03CC,1.396133,103.901146
SKG-03CD,1.396347,103.901739
SKG-03CE,1.388502,103.891086
SKG-03CF,1.388572,103.891108
SKG-03D0,1.388015,103.890155
SKG-03D1,1.387622,103.890173
SKG-03D2,1.387599,103.890241
SKG-03D3,1.389184,103.887847
SKG-03D4,1.389124,103.887747
SKG-03D5,1.38902,103.887908
SKG-03D6,1.389131,103.887771
SKG-03D7,1.388976,103.888216
SKG-03D8,1.389014,103.887947
SKG-03D9,1.389117,103.888192
SKG-03DA,1.390101,103.888248
SKG-03DB,1.389902,103.887924
SKG-03DC,1.390067,103.888352
SKG-03DD,1.390108,103.887794
SKG-03DE,1.390151,103.887834
SKG-03DF,1.389964,103.887136
SKG-03E0,1.38988,103.887215
SKG-03E1,1.389236,103.88671
SKG-03E2,1.389261,103.886668
SKG-03E3,1.389227,103.886727
SKG-03E4,1.391144,103.885594
SKG-03E5,1.391091,103.885603
SKG-03E6,1.391165,103.885606
SKG-03E7,1.391628,103.884639
SKG-03E8,1.391582,103.884704
SKG-03E9,1.39169,103.888264
SKG-03EA,1.391545,103.888662
SKG-03EB,1.393601,103.888396
SKG-03EC,1.392441,103.887927
SKG-03ED,1.39258,103.88776
SKG-03EE,1.393274,103.88918
SKG-03EF,1.390872,103.890502
SKG-03F0,1.390873,103.890534
SKG-03F1,1.390745,103.890812
SKG-03F2,1.390786,103.890763
SKG-03F3,1.391149,103.891145
SKG-03F4,1.391195,103.891469
SKG-03F5,1.391253,103.891449
SKG-03F6,1.39129,103.89138
SKG-03F7,1.391299,103.891183
SKG-03F8,1.390596,103.891825
SKG-03F9,1.389949,103.891989
SKG-03FA,1.390566,103.891838
SKG-03FB,1.39049,103.891691
SKG-03FC,1.390547,103.891492
SKG-03FD,1.392166,103.892213
SKG-03FE,1.391953,103.892129
SKG-03FF,1.392102,103.892198
SKG-0400,1.392131,103.892004
SKG-0401,1.392948,103.892568
SKG-0402,1.392936,103.892536
SKG-0403,1.393041,103.892274
SKG-0404,1.392504,103.891896
SKG-0405,1.392578,103.891941
SKG-0406,1.392586,103.891976
SKG-0407,1.393278,103.89146
SKG-0408,1.3933,103.891137
SKG-0409,1.392588,103.891638
SKG-040A,1.393304,103.891444
SKG-040B,1.393347,103.891195
SKG-040C,1.395623,103.888027
SKG-040D,1.395796,103.888039
SKG-040E,1.395604,103.887962
SKG-040F,1.395819,103.887937
SKG-0410,1.395996,103.888519
SKG-0411,1.395951,103.888505
SKG-0412,1.395981,103.888452
SKG-0413,1.395606,103.889596
SKG-0414,1.39556,103.889593
SKG-0415,1.395558,103.889826
SKG-0416,1.395255,103.891992
SKG-0417,1.395215,103.892032
SKG-0418,1.395203,103.892236
SKG-0419,1.394311,103.891907
SKG-041A,1.394356,103.891692
SKG-041B,1.397545,103.889658
SKG-041C,1.397529,103.889817
SKG-041D,1.397456,103.890044
SKG-041E,1.398509,103.888289
SKG-041F,1.398505,103.888224
SKG-0420,1.39837,103.888269
SKG-0421,1.397756,103.88831
SKG-0422,1.397553,103.888347
SKG-0423,1.397781,103.888369
SKG-0424,1.397537,103.888424
SKG-0425,1.400048,103.889771
SKG-0426,1.400015,103.889867
SKG-0427,1.385428,103.903495
SKG-0428,1.385287,103.903453
SKG-0429,1.387175,103.905885
SKG-042A,1.387426,103.905885
SKG-042B,1.385927,103.90567
SKG-042C,1.386811,103.902099
SKG-042D,1.388047,103.907862
SKG-042E,1.388201,103.907775
SKG-042F,1.388411,103.907339
SKG-0430,1.388402,103.907176
SKG-0431,1.38922,103.910597
SKG-0432,1.389012,103.910618
SKG-0433,1.389328,103.910388
SKG-0434,1.389368,103.910573
SKG-0435,1.391318,103.908862
SKG-0436,1.393569,103.906142
SKG-0437,1.393414,103.905596
SKG-0438,1.395285,103.903906
SKG-0439,1.387214,103.893329
SKG-043A,1.387318,103.893457
SKG-043B,1.38704,103.895473
SKG-043C,1.38744,103.895613
SKG-043D,1.387578,103.895217
SKG-043E,1.387641,103.895148
SKG-043F,1.386844,103.897052
SKG-0440,1.384247,103.897635
SKG-0441,1.385606,103.899898
SKG-0442,1.385473,103.89965
SKG-0443,1.384388,103.897729
SKG-0444,1.390447,103.894621
SKG-0445,1.389108,103.897405
SKG-0446,1.388972,103.897366
SKG-0447,1.388826,103.898597
SKG-0448,1.388938,103.898652
SKG-0449,1.387114,103.901407
SKG-044A,1.386972,103.901403
SKG-044B,1.387139,103.901413
SKG-044C,1.393074,103.900054
SKG-044D,1.39311,103.900055
SKG-044E,1.393567,103.896943
SKG-044F,1.394229,103.896139
SKG-0450,1.393952,103.894715
SKG-0451,1.393874,103.894668
SKG-0452,1.393782,103.894892
SKG-0453,1.394402,103.895018
SKG-0454,1.394375,103.89512
SKG-0455,1.394224,103.894823
SKG-0456,1.381564,103.895831
SKG-0457,1.382161,103.896532
SKG-0458,1.385156,103.895832
SKG-0459,1.383483,103.896883
SKG-045A,1.383376,103.896871
SKG-045B,1.383813,103.893632
SKG-045C,1.383859,103.893567
SKG-045D,1.38408,103.894406
SKG-045E,1.384108,103.8942
SKG-045F,1.382874,103.893985
SKG-0460,1.382841,103.894207
SKG-0461,1.38283,103.893618
SKG-0462,1.381895,103.893969
SKG-0463,1.396854,103.898259
SKG-0464,1.396823,103.898511
SKG-0465,1.396724,103.895226
SKG-0466,1.396818,103.895255
SKG-0467,1.396796,103.895224
SKG-0468,1.395777,103.901012
SKG-0469,1.388393,103.89133
SKG-046A,1.388373,103.891295
SKG-046B,1.388416,103.891286
SKG-046C,1.388227,103.889705
SKG-046D,1.388906,103.887259
SKG-046E,1.388835,103.887373
SKG-046F,1.39032,103.886572
SKG-0470,1.390854,103.885428
SKG-0471,1.390872,103.885468
SKG-0472,1.390841,103.885419
SKG-0473,1.391742,103.884707
SKG-0474,1.391697,103.884774
SKG-0475,1.392194,103.887489
SKG-0476,1.391404,103.889577
SKG-0477,1.393594,103.88765
SKG-0478,1.393104,103.889556
SKG-0479,1.391026,103.891749
SKG-047A,1.390869,103.891685
SKG-047B,1.392948,103.891455
SKG-047C,1.392757,103.891414
SKG-047D,1.3942,103.892118
SKG-047E,1.397656,103.888024
SKG-047F,1.39781,103.888266
SKG-0480,1.397798,103.888202
SKG-0481,1.397733,103.888138
SKG-0482,1.397621,103.88819
SKG-0483,1.399728,103.88902
SKG-0484,1.399749,103.889086
SKG-0485,1.387545,103.905801
SKG-0486,1.387926,103.89574
SKG-0487,1.384656,103.897331
SKG-0488,1.38162,103.895606
SKG-0489,1.382124,103.89668
SKG-048A,1.391654,103.880284
SKG-048B,1.388965,103.873164
SKG-048C,1.389041,103.873172
SKG-048D,1.388314,103.873836
SKG-048E,1.388333,103.873884
SKG-048F,1.388357,103.87381
SKG-0490,1.388495,103.873904
SKG-0491,1.388505,103.873865
SKG-0492,1.388787,103.873873
SKG-0493,1.388811,103.873846
SKG-0494,1.388838,103.873928
SKG-0495,1.387912,103.87431
SKG-0496,1.388052,103.874412
SKG-0497,1.388493,103.875458
SKG-0498,1.388485,103.875497
SKG-0499,1.388446,103.875457
SKG-049A,1.388346,103.875418
SKG-049B,1.388634,103.875328
SKG-049C,1.388896,103.876184
SKG-049D,1.389217,103.8772
SKG-049E,1.38929,103.877101
SKG-049F,1.389257,103.877081
SKG-04A0,1.389222,103.877107
SKG-04A1,1.390279,103.876073
SKG-04A2,1.390254,103.876004
SKG-04A3,1.390359,103.876051
SKG-04A4,1.390631,103.876875
SKG-04A5,1.390576,103.876733
SKG-04A6,1.389007,103.878168
SKG-04A7,1.389172,103.878162
SKG-04A8,1.389062,103.878111
SKG-04A9,1.389175,103.878113
SKG-04AA,1.38905,103.878172
SKG-04AB,1.389136,103.878548
SKG-04AC,1.389204,103.878542
SKG-04AD,1.389102,103.87849
SKG-04AE,1.389164,103.878485
SKG-04AF,1.389471,103.879734
SKG-04B0,1.389532,103.87974
SKG-04B1,1.389416,103.879684
SKG-04B2,1.38959,103.879711
SKG-04B3,1.388927,103.87943
SKG-04B4,1.389033,103.879476
SKG-04B5,1.388884,103.879507
SKG-04B6,1.388983,103.879347
SKG-04B7,1.389078,103.879415
SKG-04B8,1.38895,103.879387
SKG-04B9,1.388896,103.879471
SKG-04BA,1.38906,103.879438
SKG-04BB,1.38901,103.879508
SKG-04BC,1.390715,103.880042
SKG-04BD,1.390508,103.879979
SKG-04BE,1.391204,103.879595
SKG-04BF,1.391166,103.879849
SKG-04C0,1.393876,103.878751
SKG-04C1,1.39382,103.878711
SKG-04C2,1.393966,103.878524
SKG-04C3,1.393776,103.878509
SKG-04C4,1.394694,103.877244
SKG-04C5,1.394889,103.877435
SKG-04C6,1.394947,103.87753
SKG-04C7,1.394823,103.87744
SKG-04C8,1.394853,103.87755
SKG-04C9,1.394749,103.877456
SKG-04CA,1.394434,103.876207
SKG-04CB,1.394254,103.876429
SKG-04CC,1.394517,103.876194
SKG-04CD,1.394259,103.876316
SKG-04CE,1.39448,103.876287
SKG-04CF,1.394533,103.876248
SKG-04D0,1.394225,103.876317
SKG-04D1,1.393483,103.87627
SKG-04D2,1.393492,103.876245
SKG-04D3,1.393467,103.876317
SKG-04D4,1.393572,103.876255
SKG-04D5,1.393225,103.876232
SKG-04D6,1.392897,103.876646
SKG-04D7,1.392749,103.876537
SKG-04D8,1.392861,103.876443
SKG-04D9,1.392714,103.876508
SKG-04DA,1.392809,103.876417
SKG-04DB,1.392653,103.877336
SKG-04DC,1.392857,103.877335
SKG-04DD,1.39281,103.877599
SKG-04DE,1.392834,103.877465
SKG-04DF,1.392661,103.877509
SKG-04E0,1.392659,103.877638
SKG-04E1,1.392858,103.877507
SKG-04E2,1.39266,103.877834
SKG-04E3,1.391931,103.877723
SKG-04E4,1.391933,103.877842
SKG-04E5,1.391938,103.87768
SKG-04E6,1.39185,103.877522
SKG-04E7,1.391899,103.878215
SKG-04E8,1.391792,103.877888
SKG-04E9,1.393428,103.878585
SKG-04EA,1.393395,103.878628
SKG-04EB,1.391352,103.875102
SKG-04EC,1.391359,103.87518
SKG-04ED,1.39137,103.875023
SKG-04EE,1.391307,103.874252
SKG-04EF,1.39115,103.87424
SKG-04F0,1.392203,103.874525
SKG-04F1,1.392077,103.874399
SKG-04F2,1.391719,103.873036
SKG-04F3,1.391956,103.872622
SKG-04F4,1.392335,103.872805
SKG-04F5,1.392308,103.872753
SKG-04F6,1.392856,103.872935
SKG-04F7,1.392875,103.872879
SKG-04F8,1.39456,103.873569
SKG-04F9,1.394519,103.873606
SKG-04FA,1.394582,103.873513
SKG-04FB,1.394504,103.873927
SKG-04FC,1.394601,103.873972
SKG-04FD,1.393659,103.87462
SKG-04FE,1.393494,103.874363
SKG-04FF,1.393509,103.874408
SKG-0500,1.393674,103.874654
SKG-0501,1.39444,103.875392
SKG-0502,1.394342,103.875366
SKG-0503,1.394342,103.875407
SKG-0504,1.397918,103.878604
SKG-0505,1.397916,103.878644
SKG-0506,1.397936,103.878505
SKG-0507,1.398184,103.878472
SKG-0508,1.397644,103.878579
SKG-0509,1.397621,103.878512
SKG-050A,1.396101,103.878125
SKG-050B,1.396138,103.878045
SKG-050C,1.39611,103.878016
SKG-050D,1.396435,103.87933
SKG-050E,1.39657,103.87955
SKG-050F,1.396561,103.879195
SKG-0510,1.396407,103.87926
SKG-0511,1.396503,103.879181
SKG-0512,1.396104,103.880765
SKG-0513,1.39618,103.880733
SKG-0514,1.396004,103.880431
SKG-0515,1.39601,103.880368
SKG-0516,1.396004,103.880763
SKG-0517,1.397386,103.881214
SKG-0518,1.397528,103.881151
SKG-0519,1.397489,103.881232
SKG-051A,1.397565,103.881182
SKG-051B,1.397408,103.881084
SKG-051C,1.397451,103.881048
SKG-051D,1.397328,103.88115
SKG-051E,1.388967,103.873037
SKG-051F,1.388924,103.873041
SKG-0520,1.388827,103.872947
SKG-0521,1.388915,103.872959
SKG-0522,1.388202,103.873612
SKG-0523,1.388254,103.873614
SKG-0524,1.388373,103.873634
SKG-0525,1.389017,103.873615
SKG-0526,1.389122,103.873672
SKG-0527,1.388579,103.874454
SKG-0528,1.388605,103.874292
SKG-0529,1.388455,103.874248
SKG-052A,1.388944,103.875259
SKG-052B,1.388966,103.875295
SKG-052C,1.389032,103.87527
SKG-052D,1.388814,103.875252
SKG-052E,1.389036,103.87604
SKG-052F,1.388984,103.876057
SKG-0530,1.38901,103.87615
SKG-0531,1.389446,103.877091
SKG-0532,1.38941,103.877152
SKG-0533,1.389349,103.877077
SKG-0534,1.389431,103.877047
SKG-0535,1.389786,103.876021
SKG-0536,1.389842,103.875881
SKG-0537,1.390082,103.877069
SKG-0538,1.389945,103.876985
SKG-0539,1.390338,103.87713
SKG-053A,1.389871,103.878121
SKG-053B,1.389272,103.877981
SKG-053C,1.389747,103.878131
SKG-053D,1.389586,103.877887
SKG-053E,1.389769,103.878043
SKG-053F,1.389696,103.877882
SKG-0540,1.389776,103.878492
SKG-0541,1.389655,103.878573
SKG-0542,1.389901,103.878417
SKG-0543,1.38978,103.87843
SKG-0544,1.390064,103.879835
SKG-0545,1.390015,103.879831
SKG-0546,1.390132,103.879715
SKG-0547,1.390132,103.879841
SKG-0548,1.389976,103.879791
SKG-0549,1.388862,103.880125
SKG-054A,1.388786,103.880093
SKG-054B,1.388822,103.880005
SKG-054C,1.388926,103.880417
SKG-054D,1.390501,103.880597
SKG-054E,1.390403,103.88044
SKG-054F,1.390531,103.880286
SKG-0550,1.390591,103.880377
SKG-0551,1.391051,103.880538
SKG-0552,1.391115,103.880613
SKG-0553,1.393869,103.878352
SKG-0554,1.39401,103.878264
SKG-0555,1.394018,103.878391
SKG-0556,1.393979,103.878279
SKG-0557,1.393888,103.878106
SKG-0558,1.39398,103.878133
SKG-0559,1.393907,103.878302
SKG-055A,1.394049,103.878292
SKG-055B,1.393928,103.877258
SKG-055C,1.394025,103.877276
SKG-055D,1.393907,103.877238
SKG-055E,1.393999,103.877381
SKG-055F,1.394023,103.87772
SKG-0560,1.393938,103.877705
SKG-0561,1.393835,103.877445
SKG-0562,1.393969,103.87752
SKG-0563,1.393969,103.877552
SKG-0564,1.39397,103.87758
SKG-0565,1.393836,103.877746
SKG-0566,1.394023,103.877774
SKG-0567,1.394023,103.877669
SKG-0568,1.394652,103.876503
SKG-0569,1.394455,103.876602
SKG-056A,1.394441,103.876663
SKG-056B,1.394596,103.876515
SKG-056C,1.393429,103.876563
SKG-056D,1.393394,103.87658
SKG-056E,1.39352,103.876541
SKG-056F,1.393474,103.87663
SKG-0570,1.393234,103.876706
SKG-0571,1.392899,103.876766
SKG-0572,1.392953,103.87686
SKG-0573,1.392775,103.877005
SKG-0574,1.392775,103.877041
SKG-0575,1.392982,103.877024
SKG-0576,1.392045,103.87821
SKG-0577,1.392019,103.878156
SKG-0578,1.392215,103.878414
SKG-0579,1.392179,103.878295
SKG-057A,1.392068,103.878118
SKG-057B,1.393485,103.878342
SKG-057C,1.393433,103.878488
SKG-057D,1.393521,103.878406
SKG-057E,1.393442,103.878449
SKG-057F,1.391284,103.874628
SKG-0580,1.391292,103.874673
SKG-0581,1.39115,103.874013
SKG-0582,1.391146,103.874096
SKG-0583,1.391136,103.874049
SKG-0584,1.392262,103.873877
SKG-0585,1.392137,103.873881
SKG-0586,1.391682,103.873368
SKG-0587,1.392402,103.873051
SKG-0588,1.392402,103.873014
SKG-0589,1.393603,103.873137
SKG-058A,1.393445,103.873372
SKG-058B,1.394293,103.87452
SKG-058C,1.394507,103.87465
SKG-058D,1.393813,103.873916
SKG-058E,1.393629,103.874102
SKG-058F,1.393599,103.873946
SKG-0590,1.394293,103.875232
SKG-0591,1.393706,103.874657
SKG-0592,1.398005,103.877965
SKG-0593,1.398005,103.878059
SKG-0594,1.398025,103.877885
SKG-0595,1.39808,103.877872
SKG-0596,1.397692,103.877852
SKG-0597,1.39766,103.877985
SKG-0598,1.395779,103.877523
SKG-0599,1.395804,103.877707
SKG-059A,1.395814,103.877732
SKG-059B,1.397039,103.880023
SKG-059C,1.396995,103.880041
SKG-059D,1.396959,103.880071
SKG-059E,1.396832,103.880076
SKG-059F,1.396876,103.880116
SKG-05A0,1.396767,103.879999
SKG-05A1,1.397019,103.880066
SKG-05A2,1.396979,103.8801
SKG-05A3,1.396921,103.880147
SKG-05A4,1.396441,103.880731
SKG-05A5,1.396373,103.880687
SKG-05A6,1.396582,103.880718
SKG-05A7,1.396505,103.880782
SKG-05A8,1.396848,103.881112
SKG-05A9,1.396908,103.881182
SKG-05AA,1.39697,103.881121
SKG-05AB,1.396916,103.881056
SKG-05AC,1.388434,103.872924
SKG-05AD,1.388352,103.872912
SKG-05AE,1.38829,103.872929
SKG-05AF,1.388335,103.87298
SKG-05B0,1.388512,103.872883
SKG-05B1,1.389144,103.873467
SKG-05B2,1.389205,103.873472
SKG-05B3,1.389146,103.873373
SKG-05B4,1.389218,103.873361
SKG-05B5,1.388712,103.874778
SKG-05B6,1.38876,103.874671
SKG-05B7,1.38918,103.876623
SKG-05B8,1.389141,103.876507
SKG-05B9,1.389298,103.876517
SKG-05BA,1.38917,103.87656
SKG-05BB,1.38931,103.876553
SKG-05BC,1.389859,103.876498
SKG-05BD,1.389721,103.876428
SKG-05BE,1.389339,103.88059
SKG-05BF,1.389374,103.880712
SKG-05C0,1.38924,103.880333
SKG-05C1,1.389363,103.880279
SKG-05C2,1.389424,103.880372
SKG-05C3,1.390096,103.880388
SKG-05C4,1.389993,103.880494
SKG-05C5,1.389939,103.880597
SKG-05C6,1.389885,103.880335
SKG-05C7,1.390938,103.880863
SKG-05C8,1.390883,103.88089
SKG-05C9,1.394619,103.878259
SKG-05CA,1.394633,103.878286
SKG-05CB,1.39465,103.878414
SKG-05CC,1.394541,103.878287
SKG-05CD,1.394511,103.878337
SKG-05CE,1.393705,103.876923
SKG-05CF,1.393465,103.876862
SKG-05D0,1.393463,103.877064
SKG-05D1,1.393766,103.876924
SKG-05D2,1.393592,103.877065
SKG-05D3,1.392334,103.877049
SKG-05D4,1.392361,103.877021
SKG-05D5,1.392208,103.87687
SKG-05D6,1.392391,103.877118
SKG-05D7,1.392111,103.878566
SKG-05D8,1.392225,103.878551
SKG-05D9,1.392312,103.878733
SKG-05DA,1.392486,103.878205
SKG-05DB,1.392759,103.878083
SKG-05DC,1.392129,103.874715
SKG-05DD,1.392115,103.874774
SKG-05DE,1.391216,103.87338
SKG-05DF,1.391208,103.873448
SKG-05E0,1.3912,103.87341
SKG-05E1,1.392211,103.873536
SKG-05E2,1.39238,103.873543
SKG-05E3,1.393708,103.873528
SKG-05E4,1.393832,103.87333
SKG-05E5,1.39343,103.875049
SKG-05E6,1.393423,103.875157
SKG-05E7,1.397114,103.877916
SKG-05E8,1.397075,103.877886
SKG-05E9,1.396468,103.877609
SKG-05EA,1.396105,103.880086
SKG-05EB,1.396241,103.880049
SKG-05EC,1.39616,103.879914
SKG-05ED,1.39617,103.880011
SKG-05EE,1.396186,103.880057
SKG-05EF,1.396116,103.880007
SKG-05F0,1.396243,103.880016
SKG-05F1,1.39612,103.879937
SKG-05F2,1.395917,103.881761
SKG-05F3,1.395849,103.881653
SKG-05F4,1.395913,103.881728
SKG-05F5,1.395909,103.881627
SKG-05F6,1.39577,103.881684
SKG-05F7,1.395807,103.881727
SKG-05F8,1.396299,103.881036
SKG-05F9,1.396384,103.881136
SKG-05FA,1.396357,103.880972
SKG-05FB,1.396202,103.881061
SKG-05FC,1.396458,103.881086
SKG-05FD,1.388263,103.873093
SKG-05FE,1.388342,103.873091
SKG-05FF,1.388306,103.87312
SKG-0600,1.395056,103.877888
SKG-0601,1.394732,103.878103
SKG-0602,1.394795,103.87788
SKG-0603,1.395114,103.877955
SKG-0604,1.394786,103.878111
SKG-0605,1.394967,103.877837
SKG-0606,1.392172,103.876775
SKG-0607,1.391976,103.875079
SKG-0608,1.391974,103.87514
SKG-0609,1.393464,103.875538
SKG-060A,1.393524,103.875314
SKG-060B,1.393037,103.869004
SKG-060E,1.382578,103.893276
SKG-060F,1.383599,103.8929
SKG-0610,1.391122,103.902167
SKG-0611,1.392777,103.894336
SKG-0612,1.395106,103.873962
SKG-0613,1.380175,103.894806
SKG-0614,1.392464,103.895512
SKG-0615,1.392513,103.895344
SKG-0616,1.392971,103.895972
SKG-0617,1.392959,103.89584
SKG-0618,1.386447,103.894917
SKG-0619,1.386675,103.89629
SKG-061A,1.387303,103.899054
SKG-061B,1.393858,103.898546
SKG-061C,1.390523,103.903195
SKG-061D,1.389052,103.897097
SKG-061E,1.386935,103.8962
SKG-061F,1.390717,103.874428
SKG-0620,1.390464,103.885719
SKG-0621,1.390929,103.874076
SKG-0622,1.39113,103.886327
SKG-0623,1.386059,103.895099
SKG-0624,1.38836,103.895376
SKG-0625,1.387178,103.908416
SKG-0626,1.389385,103.904964
SKG-0627,1.395249,103.897351
SKG-0628,1.387042,103.889332
SKG-0629,1.388841,103.887005
SKG-062A,1.38647,103.892671
SKG-062B,1.391553,103.877796
SKG-062C,1.394589,103.888504
SKG-062D,1.394245,103.888576
SKG-062E,1.392533,103.8871
SKG-062F,1.390645,103.897684
SKG-0630,1.392988,103.895161
SKG-0631,1.392925,103.872607
SKG-0632,1.382486,103.899285
SKG-0633,1.393882,103.891572
SKG-0634,1.394295,103.891151
SKG-0635,1.383809,103.897788
SKG-0636,1.382959,103.889133
SKG-0637,1.391464,103.9058
SKG-0638,1.388188,103.891701
SKG-0639,1.389217,103.872937
SKG-063A,1.390953,103.889722
SKG-063B,1.392039,103.869807
SKG-063C,1.392039,103.869824
SKG-063D,1.39164,103.869677
SKG-063E,1.392019,103.86966
SKG-063F,1.391739,103.86985
SKG-0640,1.391742,103.869781
SKG-0641,1.391661,103.870333
SKG-0642,1.391559,103.870316
SKG-0643,1.39404,103.884654
SKG-0644,1.39167,103.870411
SKG-0645,1.392303,103.870948
SKG-0646,1.392186,103.871148
SKG-0647,1.392228,103.87106
SKG-0648,1.392556,103.870183
SKG-0649,1.392541,103.870303
SKG-064A,1.391996,103.870442
SKG-064B,1.39251,103.870179
SKG-064C,1.393757,103.886223
SKG-064D,1.393795,103.88619
SKG-064E,1.39379,103.886743
SKG-064F,1.39366,103.886451
SKG-0650,1.393675,103.886837
SKG-0651,1.393724,103.886753
SKG-0652,1.39381,103.887048
SKG-0653,1.39379,103.887058
SKG-0654,1.394204,103.887081
SKG-0655,1.394188,103.887111
SKG-0656,1.394209,103.886789
SKG-0657,1.394171,103.887091
SKG-0658,1.394306,103.886426
SKG-0659,1.394286,103.886565
SKG-065A,1.393539,103.884602
SKG-065B,1.394064,103.884691
SKG-065C,1.393088,103.884791
SKG-065D,1.393046,103.884711
SKG-065E,1.393129,103.884979
SKG-065F,1.393158,103.884906
SKG-0660,1.394258,103.885923
SKG-0661,1.394247,103.886004
SKG-0662,1.394357,103.885936
SKG-0663,1.394352,103.886022
SKG-0664,1.39389,103.885563
SKG-0665,1.39438,103.885827
SKG-0666,1.393772,103.885598
SKG-0667,1.393884,103.885634
SKG-0668,1.393757,103.885794
SKG-0669,1.393764,103.885664
SKG-066A,1.391994,103.870284
SKG-066B,1.391994,103.870353
SKG-066C,1.392006,103.87022
SKG-066D,1.392006,103.870241
SKG-066E,1.392019,103.869871
SKG-066F,1.392022,103.869937
SKG-0670,1.392286,103.870978
SKG-0671,1.392236,103.871108
SKG-0672,1.389688,103.873315
SKG-0673,1.392853,103.898436
SKG-0674,1.391279,103.906324
SKG-0675,1.388287,103.870836
SKG-0676,1.388772,103.871281
SKG-0677,1.388945,103.871424
SKG-0678,1.397223,103.886524
SKG-0679,1.397483,103.889699
SKG-067A,1.396031,103.893514
SKG-067B,1.383304,103.90232
SKG-067C,1.384144,103.901889
SKG-067D,1.390542,103.87034
SKG-067E,1.390501,103.870926
SKG-067F,1.390768,103.869497
SKG-0680,1.390676,103.870007
SKG-0681,1.389914,103.871415
SKG-0682,1.389773,103.870924
SKG-0683,1.390511,103.871321
SKG-0684,1.39055,103.87142
SKG-0685,1.390173,103.870244
SKG-0686,1.390237,103.870129
SKG-0687,1.389973,103.870898
SKG-0688,1.390099,103.87046
SKG-0689,1.389899,103.869403
SKG-068A,1.393206,103.871181
SKG-068B,1.39317,103.871049
SKG-068C,1.393098,103.871344
SKG-068D,1.393031,103.871324
SKG-068E,1.393375,103.869874
SKG-068F,1.39338,103.869793
SKG-0690,1.393334,103.870937
SKG-0691,1.393303,103.869956
SKG-0692,1.393693,103.869497
SKG-0693,1.39379,103.869599
SKG-0694,1.393298,103.869752
SKG-0695,1.393318,103.869594
SKG-0696,1.393703,103.869788
SKG-0697,1.393775,103.869839
SKG-0698,1.393688,103.869686
SKG-0699,1.39379,103.869747
SKG-069B,1.394019,103.87101
SKG-069C,1.394567,103.871674
SKG-069D,1.394316,103.870155
SKG-069E,1.393612,103.871409
SKG-069F,1.393502,103.871466
SKG-06A0,1.393722,103.871078
SKG-06A1,1.39357,103.871269
SKG-06A2,1.393184,103.872166
SKG-06A3,1.393111,103.872213
SKG-06A4,1.393528,103.871539
SKG-06A5,1.393445,103.871803
SKG-06A6,1.39298,103.871534
SKG-06A7,1.393006,103.871385
SKG-06A8,1.392756,103.872078
SKG-06A9,1.392767,103.871995
SKG-06AA,1.394702,103.870404
SKG-06AB,1.394666,103.87073
SKG-06AC,1.394864,103.869416
SKG-06AD,1.39476,103.869434
SKG-06AE,1.387329,103.89012
SKG-06AF,1.387425,103.910143
SKG-06B0,1.387288,103.910415
SKG-06B1,1.387521,103.910554
SKG-06B2,1.387447,103.911034
SKG-06B3,1.38736,103.911478
SKG-06B4,1.387403,103.911848
SKG-06B5,1.386837,103.912369
SKG-06B6,1.38685,103.911853
SKG-06B7,1.386819,103.910475
SKG-06B8,1.386822,103.910053
SKG-06B9,1.38643,103.908164
SKG-06BA,1.386249,103.908219
SKG-06BB,1.386686,103.909108
SKG-06BC,1.386371,103.911228
SKG-06BD,1.386514,103.911677
SKG-06BE,1.386207,103.912259
SKG-06BF,1.386173,103.912702
SKG-06C0,1.39651,103.888487
SKG-06C1,1.396515,103.888196
SKG-06C2,1.396526,103.887984
SKG-06C3,1.397247,103.875956
SKG-06C4,1.397378,103.876238
SKG-06C5,1.39743,103.876286
SKG-06C6,1.397342,103.876714
SKG-06C7,1.39717,103.876692
SKG-06C8,1.397277,103.8767
SKG-06C9,1.397643,103.877048
SKG-06CA,1.397804,103.876757
SKG-06CB,1.398284,103.877014
SKG-06CC,1.39818,103.877171
SKG-06CD,1.398021,103.877408
SKG-06CE,1.398258,103.877432
SKG-06CF,1.397591,103.877275
SKG-06D0,1.39756,103.877474
SKG-06D1,1.396948,103.891957
SKG-06D2,1.394115,103.869984
SKY-0001,1.325111,103.932158
SLT-0001,1.403527,103.871395
SLT-0002,1.419002,103.862856
SLT-0003,1.414883,103.861999
SLT-0004,1.408985,103.860856
SLT-0005,1.415823,103.895254
SLT-0006,1.423449,103.866235
SLT-0007,1.411822,103.871752
SLT-000A,1.407569,103.867846
SLT-000B,1.407208,103.867324
SLT-000C,1.408853,103.868344
SLT-000D,1.406479,103.866974
SLT-000E,1.42265,103.86384
SLT-000F,1.420578,103.863598
SLT-0010,1.404108,103.864029
SLT-0011,1.422496,103.865891
SLT-0012,1.416127,103.861738
SLT-0013,1.406087,103.866924
SOI-0001,1.250799,103.818199
SOI-0002,1.251332,103.817805
SOI-0003,1.257046,103.811424
SOI-0004,1.248803,103.822489
SOI-0005,1.243232,103.8285
SOI-0006,1.256624,103.823506
SRG-0001,1.373663,103.871615
SRG-0002,1.373445,103.8726
SRG-0003,1.372052,103.873884
SRG-0004,1.346844,103.871972
SRG-0005,1.351425,103.875099
SRG-0006,1.36985,103.863041
SRG-0007,1.343741,103.882519
SRG-0008,1.345173,103.881706
SRG-0009,1.351781,103.877649
SRG-000A,1.346911,103.871626
SRG-000C,1.360869,103.873422
SRG-000D,1.350201,103.861483
SRG-000E,1.343721,103.867471
SRG-000F,1.343046,103.869801
SRG-0010,1.358347,103.868205
SRG-0011,1.361279,103.86812
SRG-0012,1.369344,103.871894
SRG-0013,1.36595,103.872274
SRG-0014,1.378701,103.86832
SRG-0015,1.378495,103.870968
SRG-0016,1.378818,103.870935
SRG-0017,1.378981,103.874481
SRG-0018,1.389725,103.8627
SRG-0019,1.388254,103.868149
SRG-001A,1.387715,103.870058
SRG-001B,1.356803,103.874139
SRG-001C,1.381301,103.860961
SRG-001D,1.378018,103.862685
SRG-001E,1.350608,103.875031
SRG-001F,1.350468,103.876697
SRG-0020,1.350218,103.877063
SRG-0021,1.349186,103.877531
SRG-0022,1.34892,103.877226
SRG-0023,1.34637,103.87328
SRG-0024,1.346638,103.872844
SRG-0025,1.346658,103.872377
SRG-0026,1.346861,103.872421
SRG-0027,1.347671,103.872856
SRG-0028,1.347217,103.873001
SRG-0029,1.347124,103.873508
SRG-002A,1.348542,103.876708
SRG-002B,1.347831,103.876407
SRG-002C,1.354256,103.868575
SRG-002D,1.354279,103.868887
SRG-002E,1.354037,103.869203
SRG-002F,1.353566,103.869204
SRG-0030,1.353213,103.868502
SRG-0031,1.353285,103.869208
SRG-0032,1.352906,103.86869
SRG-0033,1.352366,103.868809
SRG-0034,1.352666,103.86913
SRG-0035,1.35316,103.867186
SRG-0036,1.353553,103.867084
SRG-0037,1.353817,103.867034
SRG-0038,1.354201,103.866792
SRG-0039,1.35444,103.866649
SRG-003A,1.35413,103.865999
SRG-003B,1.353778,103.8653
SRG-003C,1.353605,103.865382
SRG-003D,1.353329,103.865921
SRG-003E,1.3529,103.865705
SRG-003F,1.35258,103.865872
SRG-0040,1.352815,103.867373
SRG-0041,1.352278,103.868172
SRG-0042,1.3513,103.868161
SRG-0043,1.35507,103.868423
SRG-0044,1.354794,103.868852
SRG-0045,1.355115,103.869312
SRG-0046,1.354843,103.869377
SRG-0047,1.355115,103.869972
SRG-0048,1.353809,103.869828
SRG-0049,1.353258,103.870159
SRG-004A,1.352497,103.869573
SRG-004B,1.351964,103.869828
SRG-004C,1.351656,103.869016
SRG-004D,1.351445,103.869421
SRG-004E,1.351199,103.868994
SRG-004F,1.351031,103.868491
SRG-0050,1.350508,103.868706
SRG-0051,1.350122,103.868602
SRG-0052,1.349605,103.867863
SRG-0053,1.350048,103.869427
SRG-0054,1.350264,103.869952
SRG-0055,1.351125,103.870066
SRG-0056,1.350698,103.870727
SRG-0057,1.350082,103.870748
SRG-0058,1.349546,103.871162
SRG-0059,1.350964,103.873425
SRG-005A,1.351349,103.873542
SRG-005B,1.351481,103.873029
SRG-005C,1.352746,103.873049
SRG-005D,1.352794,103.873294
SRG-005E,1.353254,103.87307
SRG-005F,1.354156,103.873222
SRG-0060,1.354118,103.873551
SRG-0061,1.354243,103.874432
SRG-0062,1.354903,103.873812
SRG-0063,1.353007,103.872211
SRG-0064,1.348289,103.874383
SRG-0065,1.347825,103.873886
SRG-0066,1.348763,103.874096
SRG-0067,1.348568,103.873412
SRG-0068,1.349119,103.87417
SRG-0069,1.349029,103.874218
SRG-006A,1.349496,103.874668
SRG-006B,1.350394,103.875012
SRG-006C,1.350012,103.875202
SRG-006D,1.349839,103.875501
SRG-006E,1.349494,103.876185
SRG-006F,1.348416,103.875031
SRG-0070,1.34895,103.876379
SRG-0071,1.348447,103.875741
SRG-0072,1.348133,103.875899
SRG-0073,1.347762,103.875451
SRG-0074,1.355187,103.870651
SRG-0075,1.355257,103.871322
SRG-0076,1.355288,103.871876
SRG-0077,1.35531,103.872747
SRG-0078,1.371142,103.869933
SRG-0079,1.370671,103.870236
SRG-007A,1.370243,103.870077
SRG-007D,1.365995,103.871669
SRG-007E,1.367149,103.875078
SRG-007F,1.368088,103.874926
SRG-0080,1.367716,103.875127
SRG-0082,1.367736,103.872931
SRG-0083,1.356056,103.872976
SRG-0084,1.357996,103.873396
SRG-0085,1.357573,103.872911
SRG-0086,1.358038,103.871941
SRG-0087,1.358672,103.871426
SRG-0088,1.35673,103.869854
SRG-0089,1.355921,103.869544
SRG-008A,1.374863,103.874328
SRG-008B,1.37372,103.875185
SRG-008C,1.37409,103.873269
SRG-008D,1.374388,103.871181
SRG-008E,1.374238,103.870707
SRG-008F,1.375095,103.870111
SRG-0090,1.374874,103.871432
SRG-0092,1.373853,103.870423
SRG-0093,1.37275,103.870305
SRG-0094,1.372328,103.871553
SRG-0095,1.372056,103.870025
SRG-0096,1.372933,103.870874
SRG-0097,1.348691,103.876919
SRG-0098,1.344472,103.876258
SRG-0099,1.344092,103.877938
SRG-009A,1.344217,103.878316
SRG-009B,1.385595,103.873381
SRG-009C,1.347765,103.878946
SRG-009E,1.350587,103.873785
SRG-009F,1.349529,103.8732
SRG-00A1,1.350858,103.871228
SRG-00A2,1.351613,103.862969
SRG-00A3,1.343618,103.878912
SRG-00A4,1.350979,103.873652
SRG-00A5,1.349995,103.874527
SRG-00A6,1.351448,103.865061
SRG-00A7,1.351314,103.864912
SRG-00A9,1.35966,103.86356
SRG-00AA,1.35106,103.875556
SRG-00AB,1.350342,103.876565
SRG-00AC,1.349582,103.877197
SRG-00AD,1.349103,103.87707
SRG-00AE,1.349057,103.876639
SRG-00AF,1.371103,103.87015
SRG-00B0,1.371162,103.869997
SRG-00B1,1.37061,103.870504
SRG-00B2,1.370267,103.87018
SRG-00B3,1.370283,103.870907
SRG-00B4,1.37027,103.871183
SRG-00B5,1.369881,103.871132
SRG-00B6,1.369893,103.870861
SRG-00B7,1.369886,103.871275
SRG-00B8,1.369431,103.87035
SRG-00B9,1.369411,103.870049
SRG-00BA,1.369436,103.87057
SRG-00BB,1.369033,103.870686
SRG-00BC,1.369027,103.870559
SRG-00BD,1.368832,103.871517
SRG-00BE,1.368453,103.871416
SRG-00BF,1.368405,103.871306
SRG-00C0,1.36794,103.870679
SRG-00C1,1.368029,103.871024
SRG-00C2,1.367518,103.870712
SRG-00C3,1.367531,103.870762
SRG-00C4,1.367227,103.870867
SRG-00C5,1.367276,103.871204
SRG-00C6,1.367268,103.871142
SRG-00C7,1.366982,103.871485
SRG-00C8,1.366868,103.872286
SRG-00C9,1.366411,103.871961
SRG-00CA,1.36608,103.871862
SRG-00CB,1.366102,103.872066
SRG-00CC,1.367262,103.875145
SRG-00CD,1.367346,103.874977
SRG-00CE,1.368125,103.875135
SRG-00CF,1.3683,103.87561
SRG-00D0,1.368561,103.875689
SRG-00D1,1.368504,103.875168
SRG-00D2,1.368395,103.874206
SRG-00D3,1.367284,103.872702
SRG-00D4,1.367724,103.87292
SRG-00D5,1.367864,103.873328
SRG-00D6,1.368067,103.872646
SRG-00D7,1.368623,103.872515
SRG-00D8,1.366896,103.87362
SRG-00D9,1.367016,103.873565
SRG-00DA,1.369651,103.873879
SRG-00DB,1.36962,103.872283
SRG-00DC,1.370166,103.872563
SRG-00DD,1.370196,103.873263
SRG-00DE,1.371131,103.869414
SRG-00DF,1.351812,103.8736
SRG-00E0,1.351506,103.873054
SRG-00E1,1.351973,103.872956
SRG-00E2,1.352461,103.873067
SRG-00E3,1.353051,103.873686
SRG-00E4,1.353431,103.873067
SRG-00E5,1.353848,103.873235
SRG-00E6,1.354348,103.873949
SRG-00E7,1.35408,103.874491
SRG-00E8,1.354802,103.873415
SRG-00E9,1.356333,103.873473
SRG-00EA,1.356835,103.872859
SRG-00EB,1.357142,103.873273
SRG-00EC,1.357186,103.872919
SRG-00ED,1.357863,103.873399
SRG-00EE,1.357554,103.873283
SRG-00EF,1.357661,103.871795
SRG-00F0,1.358053,103.871905
SRG-00F1,1.358297,103.87246
SRG-00F2,1.35876,103.872207
SRG-00F3,1.359546,103.872061
SRG-00F4,1.358833,103.87147
SRG-00F5,1.358412,103.87137
SRG-00F6,1.357759,103.870691
SRG-00F7,1.357201,103.870667
SRG-00F8,1.357229,103.871008
SRG-00F9,1.356925,103.870178
SRG-00FA,1.356804,103.870552
SRG-00FB,1.356812,103.870817
SRG-00FC,1.356827,103.871048
SRG-00FD,1.356315,103.870853
SRG-00FE,1.356175,103.87084
SRG-00FF,1.356342,103.869995
SRG-0100,1.356356,103.87011
SRG-0101,1.355962,103.86999
SRG-0102,1.355986,103.870473
SRG-0103,1.356097,103.869667
SRG-0104,1.356375,103.869609
SRG-0105,1.35474,103.868502
SRG-0106,1.355103,103.868962
SRG-0107,1.354794,103.870143
SRG-0108,1.353868,103.869861
SRG-0109,1.353576,103.869418
SRG-010A,1.353538,103.868982
SRG-010B,1.353217,103.868555
SRG-010C,1.353217,103.868659
SRG-010D,1.353267,103.869592
SRG-010E,1.352975,103.870243
SRG-010F,1.353084,103.870255
SRG-0110,1.353021,103.869907
SRG-0111,1.352278,103.868991
SRG-0112,1.351945,103.869782
SRG-0113,1.355265,103.871265
SRG-0114,1.35517,103.871864
SRG-0115,1.355228,103.872882
SRG-0117,1.353101,103.866835
SRG-0118,1.353431,103.866757
SRG-0119,1.353778,103.866671
SRG-011A,1.35391,103.867184
SRG-011B,1.354129,103.866683
SRG-011C,1.354505,103.867471
SRG-011D,1.354596,103.867295
SRG-011E,1.35441,103.866531
SRG-011F,1.354208,103.866166
SRG-0120,1.354047,103.86571
SRG-0121,1.35389,103.865366
SRG-0122,1.353473,103.865037
SRG-0123,1.353336,103.865985
SRG-0124,1.352969,103.86608
SRG-0125,1.352795,103.867052
SRG-0126,1.351383,103.869412
SRG-0127,1.351383,103.868583
SRG-0128,1.351065,103.868427
SRG-0129,1.350478,103.868747
SRG-012A,1.35042,103.868103
SRG-012B,1.349677,103.868284
SRG-012C,1.350127,103.869463
SRG-012D,1.349685,103.870206
SRG-012E,1.351023,103.869919
SRG-012F,1.350511,103.870177
SRG-0130,1.350329,103.870998
SRG-0131,1.349404,103.87074
SRG-0132,1.346438,103.873376
SRG-0133,1.34662,103.872995
SRG-0134,1.346649,103.872293
SRG-0135,1.347294,103.872568
SRG-0136,1.347731,103.87283
SRG-0137,1.347203,103.872929
SRG-0138,1.347108,103.873454
SRG-0139,1.348343,103.874419
SRG-013A,1.347785,103.87391
SRG-013B,1.34859,103.873803
SRG-013C,1.348768,103.873951
SRG-013D,1.348326,103.873146
SRG-013E,1.34883,103.873573
SRG-013F,1.349152,103.874144
SRG-0140,1.34954,103.874616
SRG-0141,1.350338,103.874969
SRG-0142,1.350024,103.874628
SRG-0143,1.350061,103.87519
SRG-0144,1.349809,103.875432
SRG-0145,1.349462,103.876134
SRG-0146,1.349136,103.875034
SRG-0147,1.348846,103.875244
SRG-0148,1.348855,103.875892
SRG-0149,1.348504,103.87549
SRG-014A,1.348161,103.875752
SRG-014B,1.347946,103.876598
SRG-014C,1.347797,103.875711
SRG-014D,1.348082,103.875022
SRG-014E,1.374525,103.875683
SRG-014F,1.374795,103.875894
SRG-0150,1.374182,103.876077
SRG-0151,1.374171,103.876251
SRG-0152,1.374458,103.876057
SRG-0153,1.374759,103.87651
SRG-0154,1.374768,103.876322
SRG-0155,1.374467,103.876523
SRG-0156,1.373866,103.876075
SRG-0157,1.373244,103.876369
SRG-0158,1.373253,103.876251
SRG-0159,1.372699,103.876256
SRG-015A,1.372818,103.876363
SRG-015B,1.371984,103.875059
SRG-015C,1.372102,103.875756
SRG-015D,1.3721,103.875984
SRG-015E,1.371726,103.875734
SRG-015F,1.371448,103.876173
SRG-0160,1.37175,103.876222
SRG-0161,1.372304,103.876191
SRG-0162,1.370611,103.875627
SRG-0163,1.370629,103.875458
SRG-0164,1.371194,103.875444
SRG-0165,1.371183,103.875839
SRG-0166,1.37167,103.875348
SRG-0167,1.371497,103.875444
SRG-0168,1.371517,103.87503
SRG-0169,1.370983,103.873991
SRG-016A,1.371024,103.874709
SRG-016B,1.370936,103.8742
SRG-016C,1.371371,103.873208
SRG-016D,1.371131,103.873409
SRG-016E,1.371308,103.874394
SRG-016F,1.371347,103.873848
SRG-0170,1.371622,103.874372
SRG-0171,1.371629,103.874254
SRG-0172,1.371997,103.874559
SRG-0173,1.37167,103.874742
SRG-0174,1.371706,103.873385
SRG-0175,1.372031,103.87375
SRG-0176,1.373345,103.873244
SRG-0177,1.373363,103.873026
SRG-0178,1.372444,103.873422
SRG-0179,1.372998,103.873104
SRG-017A,1.372684,103.873148
SRG-017B,1.372702,103.872642
SRG-017C,1.37237,103.872551
SRG-017D,1.372105,103.872908
SRG-017E,1.372179,103.872513
SRG-017F,1.371981,103.873137
SRG-0180,1.371255,103.872952
SRG-0181,1.371441,103.872903
SRG-0182,1.371272,103.872883
SRG-0183,1.371403,103.873048
SRG-0184,1.372728,103.872223
SRG-0185,1.373386,103.87268
SRG-0186,1.374828,103.874916
SRG-0187,1.374819,103.87513
SRG-0188,1.374465,103.875208
SRG-0189,1.374738,103.874042
SRG-018A,1.374505,103.874907
SRG-018B,1.374512,103.874827
SRG-018C,1.374223,103.87425
SRG-018D,1.374171,103.873835
SRG-018E,1.374175,103.875195
SRG-018F,1.373594,103.87519
SRG-0190,1.374063,103.873287
SRG-0191,1.374191,103.87338
SRG-0192,1.374943,103.872845
SRG-0193,1.374914,103.873213
SRG-0194,1.374781,103.871722
SRG-0195,1.374965,103.872197
SRG-0196,1.374617,103.872364
SRG-0197,1.374319,103.872197
SRG-0198,1.374315,103.872281
SRG-0199,1.373882,103.872388
SRG-019A,1.374398,103.871104
SRG-019B,1.374579,103.871439
SRG-019C,1.374418,103.870884
SRG-019D,1.374218,103.870852
SRG-019E,1.375006,103.871229
SRG-019F,1.375008,103.871381
SRG-01A0,1.374539,103.870255
SRG-01A1,1.37508,103.870349
SRG-01A2,1.373763,103.870424
SRG-01A3,1.373951,103.870875
SRG-01A4,1.373745,103.870545
SRG-01A5,1.372953,103.87073
SRG-01A6,1.372948,103.870888
SRG-01A7,1.373186,103.870451
SRG-01A8,1.37269,103.870908
SRG-01A9,1.372657,103.871245
SRG-01AA,1.372524,103.870438
SRG-01AB,1.372365,103.87077
SRG-01AC,1.372125,103.871572
SRG-01AD,1.372311,103.871432
SRG-01AE,1.371753,103.871091
SRG-01AF,1.372044,103.870155
SRG-01B0,1.357915,103.87114
SRG-01B1,1.358006,103.87114
SRG-01B2,1.373244,103.875783
SRG-01B3,1.373031,103.875701
SRG-01B4,1.373572,103.874272
SRG-01B5,1.373552,103.87464
SRG-01B6,1.37269,103.875832
SRG-01B7,1.372477,103.875825
SRG-01B8,1.372482,103.875667
SRG-01BB,1.385692,103.865842
SRG-01BC,1.385896,103.858773
SRG-01BD,1.348746,103.86189
SRG-01BF,1.349208,103.873024
SRG-01C0,1.350722,103.873369
SRG-01C1,1.383587,103.863658
SRG-01C2,1.35087,103.871212
SRG-01C3,1.350395,103.874503
SRG-01C4,1.34945,103.874048
SRG-01C5,1.366565,103.862139
SRG-01C6,1.36095,103.859551
SRG-01C7,1.354895,103.865402
SRG-01C8,1.355532,103.866083
SRG-01C9,1.357052,103.867655
SRG-01CA,1.360465,103.865601
SRG-01CB,1.360447,103.866253
SRG-01CC,1.378384,103.870379
SRG-01CD,1.377715,103.870032
SRG-01CE,1.377981,103.870122
SRG-01CF,1.377958,103.870599
SRG-01D0,1.377998,103.871458
SRG-01D1,1.378048,103.871454
SRG-01D2,1.377283,103.871456
SRG-01D3,1.377353,103.869803
SRG-01D4,1.377365,103.86929
SRG-01D5,1.371198,103.86351
SRG-01D6,1.372313,103.861908
SRG-01D7,1.374219,103.859817
SRG-01D8,1.374683,103.861799
SRG-01D9,1.374987,103.860437
SRG-01DA,1.351303,103.864817
SRG-01DB,1.363512,103.866659
SRG-01DC,1.353293,103.862033
SRG-01DD,1.369969,103.873854
SRG-01DE,1.36638,103.866536
SRG-01DF,1.34366,103.873943
SRG-01E0,1.359194,103.864462
SRG-01E1,1.347336,103.867217
SRG-01E2,1.371668,103.870416
SRG-01E3,1.369994,103.874579
SRG-01E4,1.368405,103.873885
SRG-01E5,1.345838,103.877652
SRG-01E6,1.350846,103.864885
SRG-01E7,1.347614,103.876516
SRG-01E8,1.345769,103.877533
SRG-01E9,1.350363,103.861238
SRG-01EA,1.347373,103.859935
SRG-01EB,1.376991,103.86052
SRG-01EC,1.377573,103.862521
SRG-01ED,1.373542,103.86285
SRG-01EE,1.368353,103.875837
SRG-01EF,1.370753,103.865244
SRG-01F0,1.373386,103.875337
SRG-01F1,1.375136,103.873029
SRG-01F2,1.390491,103.859839
SRG-01F3,1.354921,103.874568
SRG-01F4,1.355867,103.872012
SRG-01F5,1.353936,103.872702
SRG-01F6,1.375708,103.871649
SRG-01F7,1.373502,103.868403
SRG-01F8,1.365131,103.87253
SRG-01F9,1.371363,103.870154
SRG-01FA,1.348193,103.87462
SRG-01FB,1.348553,103.874834
SRG-01FC,1.373498,103.872354
SRG-01FD,1.385566,103.875097
SRG-01FE,1.372415,103.87662
SRG-01FF,1.366137,103.874874
SRG-0200,1.379815,103.876467
SRG-0201,1.387084,103.872862
SRG-0202,1.351501,103.863154
SRG-0203,1.389015,103.865214
SRG-0204,1.342226,103.883308
SRG-0205,1.362426,103.867734
SRG-0206,1.362714,103.88764
SRG-0207,1.349325,103.866123
SRG-0208,1.382472,103.876708
SRG-0209,1.364101,103.866323
SRG-020A,1.342033,103.881768
SRG-020B,1.352468,103.863085
SRG-020C,1.35204,103.863065
SRG-020D,1.350708,103.873074
SRG-020E,1.364403,103.864842
STL-5549,1.372187,103.868063
STV-0001,1.271314,103.863683
STV-0002,1.270416,103.8624
STV-0004,1.267371,103.860181
STV-0005,1.266886,103.859414
STV-0006,1.271661,103.86308
TEG-0001,1.364356,103.743248
TEG-0002,1.377126,103.734097
TEG-0004,1.355263,103.734395
TEG-0005,1.355051,103.734626
TEG-0006,1.355792,103.732034
TEG-0007,1.35587,103.732379
TEG-0008,1.355916,103.732329
TEG-0009,1.356007,103.732269
TEG-000A,1.356113,103.733722
TEG-000B,1.355406,103.733225
TEG-000C,1.35402,103.734651
TEG-000D,1.35391,103.734735
TEG-000E,1.354947,103.734704
TEG-000F,1.354747,103.734419
TEG-0010,1.35512,103.734074
TEG-0011,1.355402,103.734288
TEG-0012,1.35846,103.734908
TEG-0013,1.358641,103.73516
TEG-0014,1.358667,103.735314
TEG-0015,1.358734,103.73545
TEG-0016,1.353826,103.735209
TEG-0017,1.354499,103.735192
TEG-0018,1.358798,103.734084
TEG-0019,1.35906,103.734472
TEG-001A,1.359904,103.735317
TEG-001B,1.360015,103.735252
TEG-001C,1.360135,103.734806
TEG-001D,1.359436,103.734132
TEG-001E,1.359389,103.735858
TEG-001F,1.359449,103.735792
TEG-0020,1.359627,103.735606
TEG-0021,1.359695,103.735535
TEG-0022,1.358133,103.733444
TEG-0024,1.358294,103.734602
TEG-0025,1.35806,103.734545
TEG-0026,1.359344,103.734074
TEG-0027,1.359064,103.73377
TEG-0028,1.359131,103.733818
TEG-0029,1.358607,103.733278
TEG-002A,1.356852,103.735532
TEG-002B,1.356892,103.73531
TEG-002C,1.35705,103.735347
TEG-002D,1.357024,103.735956
TEG-002E,1.357943,103.733774
TEG-0030,1.356089,103.735323
TEG-0031,1.356232,103.735248
TEG-0032,1.356642,103.736305
TEG-0033,1.355985,103.736114
TEG-0034,1.355473,103.735984
TEG-0035,1.36081,103.734307
TEG-0036,1.356428,103.731946
TEG-0037,1.356384,103.731975
TEG-0038,1.356447,103.732187
TEG-0039,1.360494,103.733743
TEG-003A,1.360847,103.733761
TEG-003B,1.360793,103.734186
TEG-003C,1.357369,103.732765
TEG-003D,1.357502,103.732671
TEG-003E,1.357739,103.732395
TEG-003F,1.357608,103.732262
TEG-0040,1.356545,103.732288
TEG-0041,1.356597,103.732341
TEG-0042,1.356839,103.733226
TEG-0043,1.357314,103.732719
TEG-0044,1.356927,103.732059
TEG-0045,1.357145,103.731786
TEG-0046,1.357051,103.731684
TEG-0047,1.356924,103.731586
TEG-0048,1.357418,103.732228
TEG-0049,1.357485,103.732144
TEG-004A,1.357355,103.732027
TEG-004B,1.357263,103.732091
TEG-004C,1.356118,103.731041
TEG-004D,1.355743,103.731554
TEG-004E,1.355822,103.731634
TEG-004F,1.355919,103.731725
TEG-0050,1.356789,103.731424
TEG-0051,1.356681,103.731514
TEG-0052,1.356473,103.731207
TEG-0053,1.356327,103.731053
TEG-0054,1.356477,103.73276
TEG-0055,1.356685,103.733329
TEG-0056,1.359003,103.729355
TEG-0057,1.361965,103.733144
TEG-0058,1.3573,103.731199
TEG-0059,1.362274,103.736028
TEG-005A,1.363441,103.734116
TEG-005B,1.363729,103.734135
TEG-005C,1.364244,103.734788
TEG-005D,1.358575,103.736899
TEG-005E,1.35698,103.736386
TEG-005F,1.357082,103.736294
TEG-0060,1.357985,103.73727
TEG-0061,1.35737,103.735984
TEG-0062,1.358353,103.736252
TEG-0063,1.357373,103.736805
TEG-0064,1.358833,103.736435
TEG-0065,1.36132,103.731258
TEG-0066,1.362147,103.733672
TEG-0067,1.36184,103.73579
TEG-0068,1.357575,103.730145
TEG-0069,1.357544,103.731239
TEG-006A,1.357616,103.731098
TEG-006B,1.357804,103.731058
TEG-006C,1.357879,103.730971
TEG-006D,1.358036,103.731601
TEG-006E,1.358428,103.731641
TEG-006F,1.358507,103.731558
TEG-0070,1.360223,103.732251
TEG-0071,1.361396,103.732435
TEG-0072,1.361759,103.732229
TEG-0073,1.361721,103.732685
TEG-0074,1.359839,103.733018
TEG-0075,1.359993,103.733244
TEG-0076,1.360491,103.731395
TEG-0077,1.360876,103.7315
TEG-0078,1.361056,103.731715
TEG-0079,1.360746,103.732295
TEG-007A,1.361282,103.731861
TEG-007B,1.361342,103.732122
TEG-007C,1.361661,103.733641
TEG-007D,1.359653,103.731608
TEG-007E,1.36147,103.7359
TEG-007F,1.362963,103.737646
TEG-0080,1.363294,103.737999
TEG-0081,1.363792,103.738626
TEG-0082,1.364148,103.73897
TEG-0083,1.363766,103.739193
TEG-0084,1.363541,103.739746
TEG-0085,1.363244,103.739276
TEG-0086,1.362786,103.738835
TEG-0087,1.362156,103.738695
TEG-0088,1.362525,103.738205
TEG-0089,1.358413,103.730166
TEG-008A,1.358614,103.729352
TEG-008B,1.358521,103.729107
TEG-008C,1.358474,103.729063
TEG-008D,1.357968,103.729512
TEG-008E,1.359082,103.72966
TEG-008F,1.359128,103.729705
TEG-0090,1.359219,103.731247
TEG-0091,1.357567,103.729445
TEG-0092,1.360051,103.728306
TEG-0093,1.360041,103.72905
TEG-0094,1.360115,103.729533
TEG-0095,1.360565,103.729784
TEG-0096,1.360486,103.729225
TEG-0097,1.360894,103.728642
TEG-0098,1.360794,103.729092
TEG-0099,1.359053,103.729966
TEG-009A,1.361781,103.735425
TEG-009B,1.361694,103.734773
TEG-009C,1.361836,103.734359
TEG-009D,1.362795,103.734312
TEG-009E,1.362427,103.734798
TEG-009F,1.357062,103.73475
TEG-00A0,1.356569,103.734589
TEG-00A1,1.358177,103.733455
TEG-00A2,1.357928,103.733905
TEG-00A3,1.356983,103.72942
TEG-00A4,1.361423,103.731696
TEG-00A5,1.359446,103.729377
TEG-00A6,1.361675,103.738129
TEG-00A7,1.361113,103.737595
TEG-00A8,1.361052,103.737577
TEG-00A9,1.361518,103.737449
TEG-00AA,1.361602,103.737282
TEG-00AB,1.36032,103.735933
TEG-00AC,1.3599,103.736407
TEG-00AD,1.360532,103.737287
TEG-00AE,1.360657,103.735575
TEG-00AF,1.361355,103.735929
TEG-00B0,1.360769,103.736142
TEG-00B1,1.360666,103.736321
TEG-00B2,1.362053,103.737639
TEG-00B3,1.362211,103.736792
TEG-00B4,1.36204,103.736626
TEG-00B5,1.361748,103.736378
TEG-00B6,1.362669,103.732442
TEG-00B7,1.362358,103.733629
TEG-00B8,1.36359,103.732478
TEG-00B9,1.362957,103.732941
TEG-00BA,1.360685,103.738381
TEG-00BB,1.360393,103.738147
TEG-00BC,1.359597,103.73869
TEG-00BD,1.359456,103.73866
TEG-00BE,1.35976,103.7382
TEG-00BF,1.360005,103.737997
TEG-00C0,1.360267,103.738128
TEG-00C1,1.35907,103.738498
TEG-00C2,1.359852,103.737754
TEG-00C3,1.35989,103.738436
TEG-00C4,1.359974,103.738421
TEG-00C5,1.358787,103.738043
TEG-00C6,1.359484,103.737161
TEG-00C7,1.360105,103.739367
TEG-00C8,1.360192,103.73927
TEG-00C9,1.358795,103.737667
TEG-00CA,1.358906,103.737474
TEG-00CB,1.359118,103.737243
TEG-00CC,1.360264,103.738984
TEG-00CD,1.360445,103.738496
TGL-0002,1.320803,103.812457
TGL-0003,1.304042,103.822097
TGL-0005,1.309915,103.807216
TGL-0007,1.306733,103.814501
TGL-000B,1.306325,103.814175
TGL-000C,1.299802,103.817437
TGL-000D,1.29332,103.826669
TGL-000E,1.299074,103.826547
TGL-000F,1.304522,103.822104
TGL-0010,1.318095,103.832526
TGL-0011,1.313486,103.827539
TGL-0012,1.319444,103.810636
TGL-0013,1.308367,103.809368
TGL-0015,1.316525,103.8074
TGL-0016,1.296807,103.811905
TGL-0017,1.294174,103.822485
TGL-0018,1.316567,103.825794
TGL-0019,1.315088,103.816703
TGL-001A,1.316371,103.818559
TGL-001B,1.319874,103.825942
TGL-001C,1.321854,103.814551
TGL-001D,1.322521,103.816399
TGL-001E,1.317466,103.80796
TGL-001F,1.29504,103.822115
TGL-0020,1.311723,103.818556
TGL-0021,1.308035,103.827662
TGL-0022,1.318295,103.81438
TGL-0023,1.305427,103.807495
TGL-0024,1.316476,103.807231
TGL-0025,1.316535,103.80737
TGL-0026,1.316982,103.80775
TGL-0028,1.306226,103.825932
TGL-0029,1.320631,103.825667
TGL-002A,1.295486,103.829606
TGL-002B,1.319152,103.829239
TGL-002C,1.321845,103.823404
TGL-002D,1.299273,103.826664
TGL-002E,1.299109,103.828478
TGL-002F,1.306944,103.819327
TGL-0030,1.306446,103.819386
TGL-0031,1.30444,103.809355
TGL-0032,1.304364,103.810529
TGL-0033,1.323454,103.815031
TGL-0034,1.323454,103.815033
TKK-0001,1.325296,103.80839
TNG-0001,1.348444,103.736073
TPN-0002,1.349563,103.927796
TPN-0003,1.355965,103.938813
TPN-0004,1.356324,103.933664
TPN-0005,1.355644,103.935937
TPN-0006,1.350701,103.952694
TPN-0007,1.35328,103.954914
TPN-0008,1.349121,103.949134
TPN-0009,1.347904,103.945689
TPN-000A,1.351621,103.940498
TPN-000C,1.349062,103.928046
TPN-000D,1.351868,103.940001
TPN-000E,1.346672,103.963157
TPN-000F,1.341967,103.953411
TPN-0010,1.34346,103.962196
TPN-0011,1.340959,103.961463
TPN-0012,1.33546,103.95363
TPN-0013,1.336511,103.956012
TPN-0014,1.336794,103.957999
TPN-0015,1.336598,103.957912
TPN-0016,1.336308,103.951096
TPN-0017,1.337472,103.950592
TPN-0018,1.3477,103.957845
TPN-0019,1.342708,103.95782
TPN-001A,1.343702,103.957786
TPN-001C,1.349046,103.92924
TPN-001D,1.347826,103.931508
TPN-001E,1.348622,103.932561
TPN-001F,1.345621,103.937637
TPN-0020,1.34944,103.931424
TPN-0021,1.346945,103.933674
TPN-0022,1.348104,103.940498
TPN-0023,1.347682,103.940712
TPN-0024,1.345185,103.939762
TPN-0025,1.355324,103.962323
TPN-0026,1.357214,103.960089
TPN-0027,1.357683,103.960665
TPN-0028,1.358431,103.961449
TPN-0029,1.351945,103.958385
TPN-002A,1.351443,103.959878
TPN-002B,1.353122,103.9627
TPN-002C,1.352865,103.956519
TPN-002D,1.351145,103.956381
TPN-002E,1.348805,103.95459
TPN-002F,1.350818,103.955272
TPN-0031,1.347918,103.950667
TPN-0032,1.346678,103.945643
TPN-0033,1.34812,103.9475
TPN-0034,1.351376,103.931622
TPN-0035,1.353718,103.931956
TPN-0036,1.356873,103.933566
TPN-0037,1.358782,103.934422
TPN-0038,1.356139,103.937651
TPN-0039,1.358824,103.935679
TPN-003A,1.35427,103.935829
TPN-003C,1.352569,103.936676
TPN-003D,1.357062,103.944743
TPN-003E,1.359724,103.950102
TPN-003F,1.360864,103.951426
TPN-0040,1.359086,103.952182
TPN-0041,1.357579,103.951605
TPN-0042,1.357602,103.954227
TPN-0043,1.361437,103.953504
TPN-0044,1.361346,103.952808
TPN-0045,1.360521,103.949955
TPN-0046,1.358942,103.959321
TPN-0047,1.363406,103.956754
TPN-0048,1.351981,103.952912
TPN-0049,1.353724,103.950512
TPN-004A,1.35372,103.950617
TPN-004B,1.355356,103.95862
TPN-004C,1.35517,103.958685
TPN-004D,1.355089,103.959027
TPN-004E,1.354087,103.959171
TPN-004F,1.356308,103.939686
TPN-0050,1.357328,103.940249
TPN-0051,1.355869,103.950647
TPN-0052,1.355562,103.947363
TPN-0053,1.350606,103.929537
TPN-0054,1.358473,103.934083
TPN-0055,1.35493,103.943724
TPN-0056,1.355694,103.942802
TPN-0057,1.354471,103.942648
TPN-0058,1.335852,103.962207
TPN-0059,1.334036,103.961355
TPN-005A,1.356441,103.954019
TPN-005B,1.355706,103.95521
TPN-005E,1.344063,103.953153
TPN-005F,1.350739,103.929408
TPN-0060,1.355843,103.94254
TPN-0061,1.353023,103.96256
TPN-0062,1.333637,103.953356
TPN-0063,1.342163,103.953244
TPN-0064,1.345081,103.95787
TPN-0065,1.353902,103.942717
TPN-0067,1.357006,103.941776
TPN-0068,1.345488,103.938198
TPN-0069,1.345554,103.938177
TPN-006A,1.345049,103.938792
TPN-006B,1.34505,103.938875
TPN-006C,1.345025,103.938849
TPN-006D,1.345143,103.938831
TPN-006E,1.33502,103.963369
TPN-006F,1.334123,103.961409
TPN-0070,1.335823,103.962269
TPN-0071,1.335766,103.962384
TPN-0072,1.341361,103.961694
TPN-0073,1.341865,103.961193
TPN-0074,1.356442,103.954276
TPN-0075,1.356536,103.954667
TPN-0076,1.356604,103.95377
TPN-0077,1.35662,103.954328
TPN-0078,1.356667,103.955767
TPN-0079,1.355806,103.955741
TPN-007A,1.355649,103.955892
TPN-007B,1.355523,103.955256
TPN-007C,1.355817,103.955079
TPN-007D,1.35359,103.944686
TPN-007E,1.352965,103.945224
TPN-007F,1.35276,103.945407
TPN-0080,1.352713,103.94561
TPN-0081,1.352246,103.945824
TPN-0082,1.352403,103.945964
TPN-0083,1.353148,103.945495
TPN-0084,1.354009,103.944718
TPN-0086,1.354937,103.943764
TPN-0087,1.353765,103.942792
TPN-0088,1.35382,103.942737
TPN-0089,1.35387,103.94269
TPN-008D,1.343659,103.953242
TPN-008E,1.343819,103.952911
TPN-008F,1.343619,103.952793
TPN-0090,1.343013,103.953299
TPN-0091,1.345467,103.93807
TPN-0092,1.345637,103.93815
TPN-0093,1.338679,103.971886
TPN-0094,1.338905,103.964696
TPN-0095,1.332555,103.952375
TPN-0096,1.35733,103.940222
TPN-0097,1.341166,103.951882
TPN-0098,1.341134,103.951164
TPN-0099,1.341235,103.951286
TPN-009A,1.342002,103.951028
TPN-009B,1.341694,103.950144
TPN-009C,1.342155,103.950508
TPN-009D,1.341912,103.950127
TPN-009E,1.342406,103.950841
TPN-009F,1.343095,103.951041
TPN-00A0,1.343229,103.951328
TPN-00A1,1.342088,103.949829
TPN-00A2,1.342372,103.950216
TPN-00A3,1.342716,103.950406
TPN-00A4,1.342092,103.949977
TPN-00A5,1.343114,103.949648
TPN-00A6,1.342651,103.949673
TPN-00A7,1.342955,103.950056
TPN-00A8,1.343519,103.950065
TPN-00A9,1.343952,103.951553
TPN-00AA,1.344264,103.951472
TPN-00AB,1.34469,103.951386
TPN-00AC,1.344405,103.951139
TPN-00AD,1.343948,103.952121
TPN-00AE,1.344542,103.95283
TPN-00AF,1.345758,103.952748
TPN-00B0,1.345663,103.953623
TPN-00B1,1.345132,103.952802
TPN-00B2,1.345917,103.953601
TPN-00B3,1.345436,103.953338
TPN-00B4,1.34647,103.953602
TPN-00B5,1.346067,103.953114
TPN-00B6,1.346779,103.953966
TPN-00B7,1.3465,103.954225
TPN-00B8,1.346447,103.955079
TPN-00B9,1.346069,103.954636
TPN-00BA,1.345671,103.95417
TPN-00BB,1.346718,103.956033
TPN-00BC,1.347607,103.955456
TPN-00BD,1.347226,103.955792
TPN-00BE,1.348334,103.955892
TPN-00BF,1.347862,103.955334
TPN-00C0,1.348256,103.956876
TPN-00C1,1.348284,103.956789
TPN-00C2,1.347898,103.956635
TPN-00C3,1.34794,103.956116
TPN-00C4,1.347523,103.956618
TPN-00C5,1.347569,103.956077
TPN-00C6,1.34707,103.956745
TPN-00C7,1.347443,103.957151
TPN-00C8,1.345569,103.954756
TPN-00C9,1.345236,103.95496
TPN-00CA,1.345045,103.955749
TPN-00CB,1.344444,103.955707
TPN-00CC,1.347228,103.954476
TPN-00CD,1.344934,103.956251
TPN-00CE,1.346258,103.956252
TPN-00CF,1.345839,103.956281
TPN-00D0,1.345912,103.955823
TPN-00D1,1.346144,103.957478
TPN-00D2,1.346197,103.957042
TPN-00D3,1.345734,103.957461
TPN-00D4,1.3452,103.957421
TPN-00D5,1.344772,103.957369
TPN-00D6,1.344674,103.958404
TPN-00D7,1.344636,103.958923
TPN-00D8,1.344378,103.95918
TPN-00D9,1.344611,103.959609
TPN-00DA,1.344613,103.959355
TPN-00DB,1.345145,103.959905
TPN-00DC,1.344958,103.959453
TPN-00DD,1.345618,103.959724
TPN-00DE,1.345486,103.959724
TPN-00DF,1.345715,103.96004
TPN-00E0,1.34601,103.959455
TPN-00E1,1.34605,103.958635
TPN-00E3,1.345512,103.959401
TPN-00E4,1.34556,103.958756
TPN-00E5,1.352942,103.952442
TPN-00E6,1.352218,103.952259
TPN-00E7,1.352144,103.951674
TPN-00E8,1.351739,103.952149
TPN-00E9,1.350893,103.952588
TPN-00EA,1.351384,103.952479
TPN-00EB,1.351322,103.953247
TPN-00EC,1.351911,103.952722
TPN-00ED,1.353993,103.954013
TPN-00EE,1.354052,103.954437
TPN-00EF,1.354065,103.953585
TPN-00F0,1.354034,103.953781
TPN-00F1,1.354231,103.954963
TPN-00F2,1.354339,103.954807
TPN-00F3,1.354447,103.953928
TPN-00F4,1.35477,103.954107
TPN-00F5,1.354775,103.953834
TPN-00F6,1.354344,103.953544
TPN-00F7,1.354523,103.953513
TPN-00F8,1.354968,103.953143
TPN-00F9,1.354856,103.953196
TPN-00FA,1.354043,103.952318
TPN-00FB,1.354029,103.952509
TPN-00FC,1.354079,103.952915
TPN-00FD,1.354061,103.95221
TPN-00FE,1.354061,103.951902
TPN-00FF,1.354393,103.951764
TPN-0100,1.354451,103.952808
TPN-0101,1.354438,103.95234
TPN-0102,1.354775,103.952416
TPN-0103,1.355148,103.952741
TPN-0104,1.355156,103.952384
TPN-0105,1.355529,103.952469
TPN-0106,1.355507,103.952813
TPN-0107,1.34179,103.957289
TPN-0108,1.34142,103.956847
TPN-0109,1.341483,103.956702
TPN-010A,1.342416,103.957785
TPN-010B,1.34208,103.957613
TPN-010C,1.342246,103.957819
TPN-010D,1.341872,103.95739
TPN-010E,1.343086,103.957377
TPN-010F,1.342545,103.957711
TPN-0110,1.342741,103.957621
TPN-0111,1.355156,103.954058
TPN-0112,1.35517,103.953834
TPN-0113,1.3423,103.957231
TPN-0114,1.34218,103.957085
TPN-0115,1.342066,103.956944
TPN-0116,1.342429,103.957392
TPN-0117,1.342346,103.95755
TPN-0118,1.35552,103.953745
TPN-0119,1.355511,103.954214
TPN-011A,1.342386,103.956807
TPN-011B,1.342612,103.957108
TPN-011C,1.341908,103.956362
TPN-011D,1.35521,103.955061
TPN-011E,1.3549,103.955079
TPN-011F,1.354815,103.955088
TPN-0120,1.355017,103.955106
TPN-0121,1.342278,103.956412
TPN-0122,1.342746,103.955647
TPN-0123,1.342549,103.955811
TPN-0124,1.355354,103.954749
TPN-0125,1.342579,103.956084
TPN-0126,1.355857,103.954365
TPN-0127,1.355888,103.954178
TPN-0128,1.343036,103.955965
TPN-0129,1.355929,103.953991
TPN-012A,1.355808,103.953165
TPN-012B,1.355844,103.952969
TPN-012C,1.355915,103.95279
TPN-012D,1.355897,103.952523
TPN-012E,1.343316,103.955564
TPN-012F,1.343603,103.956142
TPN-0130,1.343247,103.955705
TPN-0131,1.343928,103.957103
TPN-0132,1.343439,103.956887
TPN-0133,1.343935,103.956959
TPN-0134,1.343902,103.957208
TPN-0135,1.35632,103.948245
TPN-0136,1.356347,103.948486
TPN-0137,1.356382,103.948932
TPN-0138,1.356356,103.949129
TPN-0139,1.343984,103.957368
TPN-013A,1.34426,103.956508
TPN-013B,1.343978,103.956041
TPN-013C,1.35641,103.947522
TPN-013D,1.343812,103.955869
TPN-013E,1.344156,103.956299
TPN-013F,1.356356,103.947754
TPN-0140,1.356436,103.947308
TPN-0141,1.355924,103.948272
TPN-0142,1.355916,103.947978
TPN-0143,1.343145,103.955321
TPN-0144,1.343314,103.955261
TPN-0145,1.355529,103.947906
TPN-0146,1.355529,103.948111
TPN-0147,1.355538,103.94837
TPN-0148,1.355502,103.948629
TPN-0149,1.355898,103.947442
TPN-014A,1.355925,103.947192
TPN-014B,1.355907,103.94688
TPN-014C,1.355538,103.946809
TPN-014D,1.355538,103.946987
TPN-014E,1.355547,103.947326
TPN-014F,1.35552,103.947621
TPN-0150,1.354982,103.947423
TPN-0151,1.354591,103.94732
TPN-0152,1.343982,103.955171
TPN-0153,1.354191,103.946919
TPN-0154,1.354205,103.947325
TPN-0155,1.353801,103.947325
TPN-0156,1.344106,103.954648
TPN-0157,1.353801,103.94691
TPN-0158,1.353008,103.946538
TPN-0159,1.353208,103.946429
TPN-015A,1.34455,103.954261
TPN-015B,1.344306,103.953991
TPN-015C,1.345095,103.954247
TPN-015D,1.352953,103.947154
TPN-015E,1.353135,103.947263
TPN-015F,1.34415,103.953701
TPN-0160,1.352369,103.946955
TPN-0161,1.35142,103.946955
TPN-0162,1.351858,103.947027
TPN-0163,1.352002,103.948118
TPN-0164,1.352136,103.94806
TPN-0165,1.352259,103.948809
TPN-0166,1.352313,103.948492
TPN-0167,1.352386,103.94819
TPN-0168,1.352766,103.947892
TPN-0169,1.352989,103.948519
TPN-016A,1.352786,103.947728
TPN-016B,1.352747,103.948538
TPN-016C,1.342272,103.9526
TPN-016D,1.353258,103.948221
TPN-016E,1.353289,103.948106
TPN-016F,1.341886,103.952714
TPN-0170,1.35327,103.947931
TPN-0171,1.352993,103.947717
TPN-0172,1.341958,103.951984
TPN-0173,1.342209,103.951982
TPN-0174,1.352859,103.949469
TPN-0175,1.353093,103.949068
TPN-0176,1.353089,103.948794
TPN-0177,1.352647,103.949488
TPN-0178,1.353005,103.949592
TPN-0179,1.342479,103.951549
TPN-017A,1.342479,103.951759
TPN-017B,1.342946,103.951732
TPN-017C,1.352897,103.949817
TPN-017D,1.353082,103.949802
TPN-017E,1.353266,103.949962
TPN-017F,1.353343,103.95042
TPN-0180,1.343072,103.951942
TPN-0181,1.354204,103.949595
TPN-0182,1.353758,103.950145
TPN-0183,1.355195,103.94971
TPN-0184,1.354918,103.950481
TPN-0185,1.354811,103.950489
TPN-0186,1.355149,103.949908
TPN-0187,1.354849,103.949481
TPN-0188,1.355026,103.949557
TPN-0189,1.354657,103.949718
TPN-018A,1.354649,103.95016
TPN-018B,1.354634,103.950435
TPN-018C,1.354034,103.951382
TPN-018D,1.353719,103.95055
TPN-018E,1.353912,103.950542
TPN-018F,1.353312,103.95071
TPN-0190,1.353304,103.951459
TPN-0191,1.353312,103.951084
TPN-0192,1.353074,103.950733
TPN-0193,1.352858,103.951413
TPN-0194,1.353112,103.951558
TPN-0195,1.352989,103.951527
TPN-0196,1.352482,103.950382
TPN-0197,1.35242,103.94984
TPN-0198,1.351959,103.950004
TPN-0199,1.352232,103.950649
TPN-019A,1.351982,103.94982
TPN-019B,1.351402,103.947861
TPN-019C,1.351128,103.948495
TPN-019D,1.350745,103.94806
TPN-019E,1.350581,103.948477
TPN-019F,1.350162,103.948459
TPN-01A0,1.349961,103.948912
TPN-01A1,1.349851,103.949673
TPN-01A2,1.348885,103.949818
TPN-01A3,1.349067,103.9498
TPN-01A4,1.349249,103.950525
TPN-01A5,1.34872,103.950507
TPN-01A6,1.348301,103.950181
TPN-01A7,1.348337,103.94971
TPN-01A8,1.347845,103.950199
TPN-01A9,1.347972,103.950743
TPN-01AA,1.347516,103.950743
TPN-01AB,1.347279,103.95116
TPN-01AC,1.347097,103.950888
TPN-01AD,1.346878,103.951631
TPN-01AE,1.346823,103.951214
TPN-01AF,1.346349,103.951721
TPN-01B0,1.346568,103.951993
TPN-01B1,1.347243,103.952338
TPN-01B2,1.34717,103.95261
TPN-01B3,1.347717,103.952555
TPN-01B4,1.34779,103.952809
TPN-01B5,1.348647,103.952936
TPN-01B6,1.348921,103.953298
TPN-01B7,1.349085,103.952755
TPN-01B8,1.349997,103.952338
TPN-01B9,1.350125,103.953335
TPN-01BA,1.349559,103.953172
TPN-01BB,1.349194,103.954458
TPN-01BC,1.349213,103.95415
TPN-01BD,1.348811,103.954658
TPN-01BE,1.348994,103.954875
TPN-01BF,1.348465,103.954078
TPN-01C0,1.349632,103.955057
TPN-01C1,1.349632,103.955691
TPN-01C2,1.349632,103.955401
TPN-01C3,1.350034,103.95502
TPN-01C4,1.350015,103.955274
TPN-01C5,1.350453,103.954984
TPN-01C6,1.351019,103.954042
TPN-01C7,1.350818,103.95386
TPN-01C8,1.350782,103.955057
TPN-01C9,1.351183,103.955437
TPN-01CA,1.3508,103.955582
TPN-01CB,1.351146,103.954966
TPN-01CC,1.351803,103.954803
TPN-01CD,1.353532,103.955533
TPN-01CE,1.352246,103.955251
TPN-01CF,1.352442,103.955092
TPN-01D0,1.352893,103.955309
TPN-01D1,1.351889,103.955728
TPN-01D2,1.352035,103.955533
TPN-01D3,1.352158,103.956472
TPN-01D4,1.352544,103.95554
TPN-01D5,1.352929,103.95593
TPN-01D6,1.352972,103.956486
TPN-01D7,1.352878,103.956768
TPN-01D8,1.353387,103.956732
TPN-01D9,1.35338,103.957216
TPN-01DA,1.353547,103.95744
TPN-01DB,1.352304,103.956768
TPN-01DC,1.352129,103.957194
TPN-01DD,1.352136,103.957433
TPN-01DE,1.351438,103.957772
TPN-01DF,1.351431,103.95671
TPN-01E0,1.351802,103.956183
TPN-01E1,1.351176,103.956436
TPN-01E2,1.350784,103.956508
TPN-01E3,1.351184,103.956609
TPN-01E4,1.350704,103.9571
TPN-01E5,1.350711,103.957628
TPN-01E6,1.350886,103.958119
TPN-01E7,1.351729,103.958466
TPN-01E8,1.351918,103.958213
TPN-01E9,1.352391,103.959478
TPN-01EA,1.352376,103.959044
TPN-01EB,1.352507,103.958957
TPN-01EC,1.352362,103.958639
TPN-01ED,1.352405,103.958704
TPN-01EE,1.352456,103.958278
TPN-01EF,1.35354,103.95835
TPN-01F0,1.353547,103.958603
TPN-01F1,1.353358,103.959456
TPN-01F2,1.353561,103.959839
TPN-01F3,1.353292,103.96059
TPN-01F4,1.353554,103.961082
TPN-01F5,1.352391,103.961067
TPN-01F6,1.352391,103.960648
TPN-01F7,1.352391,103.960265
TPN-01F8,1.351897,103.959734
TPN-01F9,1.351259,103.958918
TPN-01FA,1.351286,103.95997
TPN-01FB,1.351231,103.961257
TPN-01FC,1.351396,103.960948
TPN-01FD,1.351149,103.96181
TPN-01FE,1.351733,103.961547
TPN-01FF,1.351924,103.962254
TPN-0200,1.35125,103.962516
TPN-0201,1.35187,103.963105
TPN-0202,1.352572,103.963359
TPN-0203,1.352992,103.963486
TPN-0204,1.353311,103.963069
TPN-0205,1.353785,103.962852
TPN-0206,1.353785,103.963178
TPN-0207,1.352818,103.962743
TPN-0208,1.354104,103.962172
TPN-0209,1.354798,103.962961
TPN-020A,1.355035,103.962498
TPN-020B,1.355044,103.961429
TPN-020C,1.355081,103.961701
TPN-020D,1.354624,103.96132
TPN-020E,1.354406,103.961683
TPN-020F,1.354086,103.961873
TPN-0210,1.35405,103.961583
TPN-0211,1.35457,103.960958
TPN-0212,1.354314,103.960958
TPN-0213,1.355719,103.961964
TPN-0214,1.355427,103.962317
TPN-0215,1.355573,103.962245
TPN-0216,1.355947,103.962625
TPN-0217,1.35623,103.961411
TPN-0218,1.355892,103.960949
TPN-0219,1.355546,103.96084
TPN-021A,1.356899,103.95982
TPN-021B,1.357647,103.96059
TPN-021C,1.357656,103.961542
TPN-021D,1.358678,103.960708
TPN-021E,1.358988,103.960935
TPN-021F,1.358605,103.960228
TPN-0220,1.35772,103.959548
TPN-0221,1.35687,103.958347
TPN-0222,1.356709,103.958186
TPN-0223,1.356048,103.958454
TPN-0224,1.356701,103.9585
TPN-0225,1.35448,103.95911
TPN-0226,1.354003,103.95869
TPN-0227,1.354172,103.958805
TPN-0228,1.354196,103.958209
TPN-0229,1.354019,103.958324
TPN-022A,1.354503,103.957912
TPN-022B,1.354764,103.959194
TPN-022C,1.354933,103.959004
TPN-022D,1.355279,103.958561
TPN-022E,1.355141,103.958935
TPN-022F,1.355264,103.958255
TPN-0230,1.355387,103.958141
TPN-0231,1.355056,103.957858
TPN-0232,1.354741,103.958011
TPN-0233,1.356132,103.957591
TPN-0234,1.355587,103.957881
TPN-0235,1.355848,103.958179
TPN-0236,1.355594,103.957331
TPN-0237,1.355587,103.957461
TPN-0238,1.355541,103.957049
TPN-0239,1.355348,103.956682
TPN-023A,1.355187,103.956262
TPN-023B,1.355364,103.956285
TPN-023C,1.35584,103.956254
TPN-023D,1.355725,103.956453
TPN-023E,1.355594,103.956491
TPN-023F,1.357101,103.945229
TPN-0240,1.357043,103.945037
TPN-0241,1.357115,103.944738
TPN-0242,1.357487,103.944752
TPN-0243,1.357514,103.944578
TPN-0244,1.357501,103.945002
TPN-0245,1.357519,103.945211
TPN-0246,1.357824,103.945086
TPN-0247,1.357815,103.944841
TPN-0248,1.358278,103.945782
TPN-0249,1.35821,103.944979
TPN-024A,1.35817,103.944814
TPN-024B,1.358206,103.945193
TPN-024C,1.358794,103.945162
TPN-024D,1.358767,103.945457
TPN-024E,1.358772,103.945006
TPN-024F,1.359059,103.944877
TPN-0250,1.359176,103.945261
TPN-0251,1.358785,103.946131
TPN-0252,1.358776,103.946291
TPN-0253,1.35878,103.946608
TPN-0254,1.359131,103.94643
TPN-0255,1.359454,103.946363
TPN-0256,1.359441,103.946082
TPN-0257,1.359481,103.945577
TPN-0258,1.359809,103.946639
TPN-0259,1.359827,103.946269
TPN-025A,1.359809,103.946059
TPN-025B,1.359459,103.947018
TPN-025C,1.359162,103.947166
TPN-025D,1.359158,103.947585
TPN-025E,1.358776,103.947656
TPN-025F,1.358785,103.947304
TPN-0260,1.358291,103.947822
TPN-0261,1.358264,103.947964
TPN-0262,1.358309,103.947625
TPN-0263,1.358264,103.946697
TPN-0264,1.357833,103.947679
TPN-0265,1.357869,103.947384
TPN-0266,1.357555,103.947563
TPN-0267,1.357528,103.947366
TPN-0268,1.357528,103.947777
TPN-0269,1.357088,103.947331
TPN-026A,1.35707,103.947589
TPN-026B,1.35759,103.94825
TPN-026C,1.35905,103.947884
TPN-026D,1.359063,103.949089
TPN-026E,1.35905,103.948165
TPN-026F,1.359184,103.949084
TPN-0270,1.359324,103.947969
TPN-0271,1.359759,103.948277
TPN-0272,1.359548,103.948558
TPN-0273,1.359081,103.949726
TPN-0274,1.35909,103.949886
TPN-0275,1.359791,103.950368
TPN-0276,1.359611,103.950127
TPN-0277,1.359396,103.950118
TPN-0278,1.359809,103.950707
TPN-0279,1.359467,103.950752
TPN-027A,1.359108,103.950805
TPN-027B,1.358884,103.950787
TPN-027C,1.358892,103.951305
TPN-027D,1.359234,103.951421
TPN-027E,1.359243,103.951698
TPN-027F,1.359593,103.95176
TPN-0280,1.359566,103.951376
TPN-0281,1.360031,103.951797
TPN-0282,1.35998,103.951957
TPN-0283,1.360335,103.951956
TPN-0284,1.360347,103.951651
TPN-0285,1.360473,103.951091
TPN-0286,1.360814,103.951421
TPN-0287,1.360823,103.95184
TPN-0288,1.360491,103.952171
TPN-0289,1.358937,103.952206
TPN-028A,1.35834,103.951467
TPN-028B,1.357882,103.950458
TPN-028C,1.358367,103.950699
TPN-028D,1.357945,103.951074
TPN-028E,1.357963,103.950851
TPN-028F,1.357397,103.951047
TPN-0290,1.357442,103.950913
TPN-0291,1.357038,103.950788
TPN-0292,1.357029,103.950994
TPN-0293,1.357406,103.951654
TPN-0294,1.356894,103.953626
TPN-0295,1.357038,103.954126
TPN-0296,1.357226,103.954831
TPN-0297,1.357307,103.955
TPN-0298,1.35737,103.954117
TPN-0299,1.357532,103.953635
TPN-029A,1.357648,103.954625
TPN-029B,1.357666,103.954367
TPN-029C,1.357963,103.954688
TPN-029D,1.358384,103.95457
TPN-029E,1.358349,103.953635
TPN-029F,1.358358,103.954947
TPN-02A0,1.358799,103.954668
TPN-02A1,1.358901,103.954358
TPN-02A2,1.358831,103.954872
TPN-02A3,1.359228,103.954942
TPN-02A4,1.359257,103.954797
TPN-02A5,1.359237,103.954356
TPN-02A6,1.35959,103.954464
TPN-02A7,1.359604,103.954686
TPN-02A8,1.359611,103.954337
TPN-02A9,1.35995,103.95499
TPN-02AA,1.359973,103.954847
TPN-02AB,1.359991,103.954566
TPN-02AC,1.359955,103.954335
TPN-02AD,1.360479,103.955176
TPN-02AE,1.36034,103.954505
TPN-02AF,1.360318,103.954786
TPN-02B0,1.360792,103.954843
TPN-02B1,1.36079,103.954634
TPN-02B2,1.360468,103.954084
TPN-02B3,1.360231,103.952947
TPN-02B4,1.360213,103.953268
TPN-02B5,1.360186,103.955779
TPN-02B6,1.359517,103.957137
TPN-02B7,1.359844,103.957462
TPN-02B8,1.359844,103.957058
TPN-02B9,1.359386,103.957643
TPN-02BA,1.359524,103.957722
TPN-02BB,1.360237,103.956689
TPN-02BC,1.359313,103.958452
TPN-02BD,1.359451,103.958438
TPN-02BE,1.359378,103.958589
TPN-02BF,1.361356,103.958214
TPN-02C0,1.361742,103.958264
TPN-02C1,1.36148,103.958055
TPN-02C2,1.355736,103.944603
TPN-02C3,1.355799,103.944429
TPN-02C4,1.355826,103.944693
TPN-02C5,1.356468,103.945429
TPN-02C6,1.355866,103.945112
TPN-02C7,1.355803,103.94505
TPN-02C8,1.355516,103.945326
TPN-02C9,1.355583,103.945389
TPN-02CA,1.355552,103.94558
TPN-02CB,1.354658,103.945964
TPN-02CC,1.354869,103.94575
TPN-02CD,1.356172,103.93701
TPN-02CE,1.356307,103.936608
TPN-02CF,1.356163,103.936849
TPN-02D0,1.356172,103.937715
TPN-02D1,1.356522,103.937742
TPN-02D2,1.356639,103.937742
TPN-02D3,1.356522,103.93726
TPN-02D4,1.356711,103.937179
TPN-02D5,1.357304,103.937215
TPN-02D6,1.357115,103.93717
TPN-02D7,1.357483,103.937465
TPN-02D8,1.357672,103.937536
TPN-02D9,1.357672,103.936769
TPN-02DA,1.357456,103.936599
TPN-02DB,1.357986,103.936885
TPN-02DC,1.358148,103.93751
TPN-02DD,1.358013,103.937429
TPN-02DE,1.35892,103.937733
TPN-02DF,1.358606,103.937126
TPN-02E0,1.358435,103.937162
TPN-02E1,1.358956,103.937153
TPN-02E2,1.3591,103.937108
TPN-02E3,1.359243,103.937742
TPN-02E4,1.359477,103.937742
TPN-02E5,1.359728,103.937715
TPN-02E6,1.360025,103.936778
TPN-02E7,1.360061,103.937278
TPN-02E8,1.360052,103.937438
TPN-02E9,1.359728,103.93709
TPN-02EA,1.35954,103.937126
TPN-02EB,1.359504,103.936742
TPN-02EC,1.359621,103.936546
TPN-02ED,1.359016,103.934925
TPN-02EE,1.358816,103.935088
TPN-02EF,1.359044,103.935614
TPN-02F0,1.358788,103.936149
TPN-02F1,1.359536,103.935949
TPN-02F2,1.359345,103.935986
TPN-02F3,1.360061,103.936189
TPN-02F4,1.359908,103.936305
TPN-02F5,1.360074,103.93565
TPN-02F6,1.359938,103.935043
TPN-02F7,1.356677,103.934744
TPN-02F8,1.356987,103.934699
TPN-02F9,1.357197,103.935496
TPN-02FA,1.357197,103.935188
TPN-02FB,1.357188,103.935741
TPN-02FC,1.357197,103.93604
TPN-02FE,1.35613,103.935641
TPN-0300,1.356148,103.93468
TPN-0301,1.356257,103.9343
TPN-0303,1.35654,103.933711
TPN-0304,1.357169,103.934327
TPN-0305,1.356859,103.934318
TPN-0306,1.357443,103.934544
TPN-0307,1.357753,103.934599
TPN-0309,1.358136,103.933847
TPN-030A,1.3583,103.934563
TPN-030B,1.358291,103.934182
TPN-030C,1.359582,103.93439
TPN-030D,1.359591,103.934182
TPN-030E,1.359372,103.933874
TPN-030F,1.359554,103.933892
TPN-0310,1.359035,103.93439
TPN-0311,1.35929,103.934354
TPN-0312,1.358807,103.934381
TPN-0313,1.35887,103.934055
TPN-0314,1.359035,103.934092
TPN-0315,1.358971,103.933557
TPN-0316,1.359172,103.933575
TPN-0317,1.359153,103.933131
TPN-0318,1.359336,103.933176
TPN-0319,1.359272,103.932732
TPN-031A,1.359463,103.932832
TPN-031B,1.360002,103.933222
TPN-031C,1.359983,103.932932
TPN-031D,1.359819,103.932777
TPN-031E,1.359974,103.933484
TPN-031F,1.359564,103.933493
TPN-0320,1.34741,103.937934
TPN-0321,1.346972,103.937934
TPN-0322,1.345158,103.937842
TPN-0323,1.345273,103.938026
TPN-0324,1.34585,103.93714
TPN-0325,1.346019,103.937659
TPN-0326,1.346173,103.937254
TPN-0327,1.345466,103.937079
TPN-0328,1.345596,103.93672
TPN-0329,1.345781,103.936262
TPN-032A,1.34595,103.935903
TPN-032B,1.346672,103.936109
TPN-032C,1.346249,103.935949
TPN-032D,1.346004,103.93675
TPN-032E,1.346096,103.936491
TPN-032F,1.346219,103.936277
TPN-0330,1.346347,103.936887
TPN-0331,1.346334,103.936911
TPN-0332,1.346542,103.936361
TPN-0333,1.34642,103.936618
TPN-0334,1.346403,103.936651
TPN-0335,1.346686,103.937055
TPN-0336,1.346695,103.937025
TPN-0337,1.346556,103.937412
TPN-0338,1.346572,103.937392
TPN-0339,1.346795,103.937613
TPN-033A,1.346918,103.937384
TPN-033B,1.347064,103.937018
TPN-033C,1.34698,103.937193
TPN-033D,1.346872,103.936659
TPN-033E,1.346995,103.936384
TPN-033F,1.347049,103.936162
TPN-0340,1.347448,103.936315
TPN-0341,1.347333,103.936414
TPN-0342,1.347448,103.937186
TPN-0343,1.347295,103.937499
TPN-0344,1.34781,103.937323
TPN-0345,1.347664,103.93769
TPN-0346,1.347625,103.936728
TPN-0347,1.347979,103.936781
TPN-0348,1.347886,103.937003
TPN-0349,1.348509,103.936575
TPN-034A,1.348317,103.936995
TPN-034B,1.348025,103.936277
TPN-034C,1.348833,103.933827
TPN-034D,1.349823,103.934913
TPN-034E,1.349869,103.934981
TPN-034F,1.349962,103.934626
TPN-0350,1.350042,103.934397
TPN-0351,1.350642,103.9341
TPN-0352,1.350134,103.934134
TPN-0353,1.350307,103.934134
TPN-0354,1.350158,103.935291
TPN-0355,1.350999,103.93733
TPN-0356,1.350584,103.934214
TPN-0357,1.35063,103.935142
TPN-0358,1.350526,103.935314
TPN-0359,1.350768,103.934684
TPN-035A,1.350849,103.934489
TPN-035B,1.350988,103.934283
TPN-035C,1.350953,103.935108
TPN-035D,1.350757,103.935554
TPN-035E,1.35131,103.93434
TPN-035F,1.351273,103.935331
TPN-0360,1.351146,103.935187
TPN-0361,1.351287,103.935291
TPN-0364,1.351564,103.934684
TPN-0365,1.351789,103.935769
TPN-0366,1.351886,103.935119
TPN-0367,1.351795,103.935092
TPN-0368,1.351877,103.934738
TPN-0369,1.35205,103.9352
TPN-036A,1.352123,103.935046
TPN-036B,1.352187,103.934892
TPN-036C,1.352297,103.934693
TPN-036D,1.352077,103.936108
TPN-036E,1.352176,103.935876
TPN-036F,1.352256,103.935725
TPN-0370,1.352506,103.935065
TPN-0371,1.352452,103.935219
TPN-0372,1.352634,103.934793
TPN-0373,1.352406,103.935346
TPN-0374,1.352553,103.935859
TPN-0375,1.352418,103.93618
TPN-0376,1.352871,103.935201
TPN-0377,1.352926,103.934938
TPN-0378,1.353044,103.934729
TPN-0379,1.352643,103.936501
TPN-037A,1.352795,103.936233
TPN-037B,1.353309,103.935028
TPN-037C,1.353218,103.935264
TPN-037D,1.353065,103.936492
TPN-037E,1.352957,103.936697
TPN-037F,1.353154,103.936296
TPN-0380,1.353382,103.935708
TPN-0381,1.35361,103.935246
TPN-0382,1.353747,103.934965
TPN-0383,1.353464,103.935554
TPN-0384,1.353586,103.936171
TPN-0385,1.353181,103.936947
TPN-0386,1.353532,103.936421
TPN-0387,1.353379,103.936733
TPN-0388,1.354313,103.935359
TPN-0389,1.354322,103.938161
TPN-038A,1.354313,103.937795
TPN-038B,1.354295,103.937358
TPN-038C,1.354672,103.937795
TPN-038D,1.355444,103.937813
TPN-038E,1.35548,103.937376
TPN-038F,1.355489,103.938393
TPN-0390,1.355121,103.937527
TPN-0391,1.355067,103.937019
TPN-0392,1.354816,103.93676
TPN-0393,1.355472,103.936394
TPN-0394,1.355454,103.935957
TPN-0395,1.355058,103.935725
TPN-0396,1.355076,103.935475
TPN-0397,1.353938,103.934184
TPN-0398,1.354029,103.934012
TPN-0399,1.354303,103.93461
TPN-039A,1.354221,103.934583
TPN-039B,1.354248,103.934492
TPN-039C,1.355014,103.93422
TPN-039D,1.35516,103.933976
TPN-039E,1.355288,103.933731
TPN-039F,1.354869,103.933804
TPN-03A0,1.354686,103.934112
TPN-03A1,1.354622,103.934275
TPN-03A2,1.354987,103.933604
TPN-03A3,1.354695,103.933414
TPN-03A4,1.354431,103.93393
TPN-03A5,1.354568,103.933677
TPN-03A6,1.354577,103.933015
TPN-03A7,1.354194,103.933776
TPN-03A8,1.354349,103.933441
TPN-03A9,1.354604,103.932335
TPN-03AA,1.354504,103.932562
TPN-03AB,1.354358,103.932843
TPN-03AC,1.354093,103.932571
TPN-03AD,1.354394,103.932054
TPN-03AE,1.354248,103.932263
TPN-03AF,1.354121,103.931918
TPN-03B0,1.353774,103.932508
TPN-03B1,1.35392,103.932227
TPN-03B2,1.353902,103.93161
TPN-03B3,1.353537,103.932236
TPN-03B4,1.353646,103.932045
TPN-03B5,1.352798,103.931802
TPN-03B6,1.352643,103.932083
TPN-03B7,1.352972,103.93153
TPN-03B8,1.353045,103.93105
TPN-03B9,1.353081,103.931331
TPN-03BA,1.352634,103.931358
TPN-03BB,1.352388,103.931775
TPN-03BC,1.352461,103.931566
TPN-03BD,1.352215,103.931385
TPN-03BE,1.352379,103.93115
TPN-03BF,1.351868,103.931331
TPN-03C0,1.352069,103.930932
TPN-03C1,1.351932,103.931195
TPN-03C2,1.352196,103.93066
TPN-03C3,1.351467,103.931684
TPN-03C4,1.351467,103.931168
TPN-03C5,1.351567,103.931739
TPN-03C6,1.352415,103.93259
TPN-03C7,1.352242,103.932917
TPN-03C8,1.352032,103.933515
TPN-03C9,1.351467,103.933071
TPN-03CA,1.351813,103.933116
TPN-03CB,1.351914,103.932799
TPN-03CC,1.351622,103.932627
TPN-03CD,1.351494,103.932899
TPN-03CE,1.351001,103.933324
TPN-03CF,1.351056,103.932944
TPN-03D0,1.351193,103.932627
TPN-03D1,1.350938,103.93231
TPN-03D2,1.351375,103.932038
TPN-03D3,1.350427,103.931621
TPN-03D4,1.350792,103.931313
TPN-03D5,1.351047,103.930841
TPN-03D6,1.349971,103.930823
TPN-03D7,1.349706,103.930705
TPN-03D8,1.349123,103.930977
TPN-03D9,1.349314,103.929246
TPN-03DA,1.34873,103.930062
TPN-03DB,1.348867,103.931938
TPN-03DC,1.348986,103.931666
TPN-03DD,1.348001,103.931149
TPN-03DE,1.347864,103.931385
TPN-03DF,1.347526,103.932119
TPN-03E0,1.34821,103.932726
TPN-03E1,1.348429,103.932182
TPN-03E2,1.348311,103.9324
TPN-03E3,1.34772,103.934254
TPN-03E4,1.347715,103.93425
TPN-03E5,1.347346,103.934671
TPN-03E6,1.347398,103.934453
TPN-03E7,1.346454,103.935694
TPN-03E8,1.346491,103.935554
TPN-03E9,1.346619,103.935218
TPN-03EA,1.351181,103.938992
TPN-03EB,1.350944,103.93969
TPN-03EC,1.350365,103.940091
TPN-03ED,1.350592,103.939259
TPN-03EE,1.350602,103.939711
TPN-03EF,1.350602,103.939474
TPN-03F0,1.350592,103.938591
TPN-03F1,1.350199,103.939136
TPN-03F2,1.350179,103.939516
TPN-03F3,1.349776,103.938437
TPN-03F5,1.3496,103.938427
TPN-03F6,1.349641,103.940008
TPN-03F7,1.349465,103.940091
TPN-03F8,1.349807,103.939936
TPN-03F9,1.349424,103.939546
TPN-03FA,1.349352,103.93968
TPN-03FB,1.349414,103.939433
TPN-03FC,1.349445,103.939156
TPN-03FE,1.349052,103.939721
TPN-03FF,1.349031,103.939485
TPN-0400,1.348452,103.939618
TPN-0401,1.348597,103.939608
TPN-0402,1.348618,103.940234
TPN-0403,1.348845,103.940409
TPN-0404,1.348166,103.940467
TPN-0405,1.348278,103.94066
TPN-0406,1.34795,103.940935
TPN-0407,1.346926,103.940956
TPN-0408,1.346413,103.941006
TPN-0409,1.346382,103.940844
TPN-040A,1.346054,103.941027
TPN-040B,1.345901,103.940711
TPN-040C,1.346218,103.941241
TPN-040D,1.346063,103.940553
TPN-040E,1.346023,103.940366
TPN-040F,1.346413,103.939734
TPN-0410,1.345978,103.939816
TPN-0411,1.345956,103.939521
TPN-0412,1.346148,103.938888
TPN-0413,1.345617,103.939437
TPN-0414,1.347848,103.940589
TPN-0415,1.347469,103.940772
TPN-0416,1.347233,103.940905
TPN-0417,1.345617,103.939711
TPN-0418,1.34531,103.938741
TPN-0419,1.345277,103.939922
TPN-041A,1.345808,103.941356
TPN-041B,1.346772,103.941577
TPN-041C,1.346136,103.941892
TPN-041D,1.346382,103.94175
TPN-041E,1.347223,103.941668
TPN-041F,1.348166,103.941679
TPN-0420,1.348278,103.94117
TPN-0421,1.349569,103.941292
TPN-0422,1.348555,103.941536
TPN-0423,1.349352,103.94046
TPN-0424,1.349476,103.940964
TPN-0425,1.349765,103.940696
TPN-0426,1.350096,103.9412
TPN-0427,1.350685,103.940614
TPN-0428,1.350695,103.941097
TPN-0429,1.351274,103.940676
TPN-042A,1.351026,103.940656
TPN-042B,1.351388,103.939987
TPN-042C,1.351398,103.940204
TPN-042D,1.351326,103.939413
TPN-042E,1.347414,103.94549
TPN-042F,1.34675,103.945507
TPN-0430,1.346852,103.946039
TPN-0431,1.347737,103.945946
TPN-0432,1.347227,103.946453
TPN-0433,1.347218,103.946741
TPN-0434,1.34721,103.94691
TPN-0435,1.348103,103.947341
TPN-0436,1.348111,103.947036
TPN-0437,1.347541,103.947636
TPN-0438,1.348528,103.948274
TPN-0439,1.347873,103.948389
TPN-043A,1.347873,103.948752
TPN-043B,1.347346,103.948465
TPN-043C,1.347414,103.949183
TPN-043D,1.347405,103.948777
TPN-043E,1.346954,103.949445
TPN-043F,1.346963,103.949174
TPN-0440,1.346937,103.947696
TPN-0441,1.346784,103.947062
TPN-0442,1.346946,103.947349
TPN-0443,1.346282,103.947341
TPN-0444,1.346427,103.947805
TPN-0445,1.346385,103.946081
TPN-0446,1.346563,103.946242
TPN-0447,1.345968,103.946546
TPN-0448,1.345985,103.946994
TPN-0449,1.345458,103.946267
TPN-044A,1.345415,103.946352
TPN-044B,1.345832,103.944943
TPN-044C,1.345674,103.944144
TPN-044D,1.347448,103.943546
TPN-044E,1.347508,103.943377
TPN-044F,1.347661,103.943293
TPN-0450,1.347576,103.943808
TPN-0451,1.34829,103.944518
TPN-0452,1.348264,103.944738
TPN-0453,1.348341,103.94516
TPN-0454,1.348298,103.944983
TPN-0455,1.348715,103.944814
TPN-0456,1.348086,103.94347
TPN-0457,1.348069,103.943724
TPN-0458,1.348443,103.943935
TPN-0459,1.34846,103.943453
TPN-045A,1.348443,103.943681
TPN-045B,1.348826,103.943817
TPN-045C,1.3488,103.943597
TPN-045D,1.348826,103.943369
TPN-045E,1.348826,103.944011
TPN-045F,1.348001,103.942481
TPN-0460,1.347975,103.942701
TPN-0461,1.348911,103.942262
TPN-0462,1.349396,103.942135
TPN-0463,1.350246,103.94194
TPN-0464,1.350621,103.94189
TPN-0465,1.350978,103.942515
TPN-0466,1.351114,103.942355
TPN-0467,1.351395,103.942912
TPN-0468,1.351054,103.942988
TPN-0469,1.350969,103.943512
TPN-046A,1.351058,103.944106
TPN-046B,1.351412,103.943538
TPN-046C,1.350907,103.944141
TPN-046D,1.351624,103.945008
TPN-046E,1.351718,103.945287
TPN-046F,1.351531,103.944721
TPN-0470,1.351071,103.945093
TPN-0471,1.351088,103.945338
TPN-0472,1.351088,103.944772
TPN-0473,1.351471,103.945938
TPN-0474,1.351335,103.945727
TPN-0475,1.350961,103.94593
TPN-0476,1.35085,103.945786
TPN-0477,1.351224,103.946234
TPN-0478,1.351105,103.946098
TPN-0479,1.351318,103.94636
TPN-047A,1.350714,103.945389
TPN-047B,1.350697,103.945025
TPN-047C,1.350034,103.946293
TPN-047D,1.350034,103.946487
TPN-047E,1.350025,103.946141
TPN-047F,1.350025,103.945921
TPN-0480,1.349923,103.94713
TPN-0481,1.349914,103.947315
TPN-0482,1.349923,103.946952
TPN-0483,1.349914,103.947476
TPN-0484,1.349515,103.947315
TPN-0485,1.349472,103.946994
TPN-0486,1.349634,103.945811
TPN-0487,1.349634,103.946124
TPN-0488,1.349276,103.94582
TPN-0489,1.349276,103.946039
TPN-048A,1.349268,103.946318
TPN-048B,1.349285,103.946555
TPN-048C,1.348673,103.946149
TPN-048D,1.348673,103.945904
TPN-048E,1.348962,103.946791
TPN-048F,1.348902,103.946589
TPN-0490,1.34352,103.959221
TPN-0491,1.3436,103.959432
TPN-0492,1.342707,103.958894
TPN-0493,1.356095,103.950226
TPN-0494,1.350052,103.953969
TPN-0495,1.350015,103.954314
TPN-0496,1.357674,103.959893
TPN-0497,1.358385,103.952412
TPN-0498,1.358349,103.952011
TPN-0499,1.358098,103.952386
TPN-049A,1.359851,103.955981
TPN-049B,1.359837,103.956776
TPN-049C,1.359379,103.956776
TPN-049D,1.359531,103.956891
TPN-049E,1.360404,103.958387
TPN-049F,1.36036,103.957397
TPN-04A0,1.360375,103.957022
TPN-04A1,1.360222,103.95635
TPN-04A2,1.360433,103.957325
TPN-04A3,1.360244,103.95687
TPN-04A4,1.361167,103.957144
TPN-04A5,1.360906,103.957383
TPN-04A6,1.361873,103.956949
TPN-04A7,1.362134,103.956689
TPN-04A8,1.362229,103.956559
TPN-04A9,1.361749,103.956949
TPN-04AA,1.362636,103.953756
TPN-04AB,1.362665,103.95255
TPN-04AC,1.362476,103.950888
TPN-04AD,1.362673,103.950895
TPN-04AE,1.358746,103.958062
TPN-04AF,1.358571,103.958055
TPN-04B0,1.358717,103.957924
TPN-04B1,1.361,103.958662
TPN-04B2,1.361174,103.958792
TPN-04B3,1.359088,103.955772
TPN-04B4,1.358841,103.955938
TPN-04B5,1.357007,103.938446
TPN-04B6,1.356316,103.938438
TPN-04B7,1.35698,103.940508
TPN-04B8,1.35707,103.940472
TPN-04B9,1.35716,103.940606
TPN-04BA,1.357079,103.939812
TPN-04BB,1.357896,103.938589
TPN-04BC,1.359522,103.938598
TPN-04BD,1.358462,103.939312
TPN-04BE,1.349782,103.932731
TPN-04BF,1.355067,103.938286
TPN-04C0,1.35522,103.937786
TPN-04C1,1.354906,103.938295
TPN-04C2,1.354699,103.937518
TPN-04C3,1.354834,103.937019
TPN-04C4,1.355211,103.936269
TPN-04C5,1.354915,103.936751
TPN-04C6,1.355058,103.936751
TPN-04C7,1.354681,103.935975
TPN-04C8,1.354816,103.935475
TPN-04C9,1.355516,103.933468
TPN-04CA,1.35579,103.933622
TPN-04CB,1.355717,103.933586
TPN-04CC,1.355571,103.934003
TPN-04CD,1.355607,103.932625
TPN-04CE,1.355443,103.932553
TPN-04CF,1.355005,103.932272
TPN-04D0,1.355179,103.932426
TPN-04D1,1.356091,103.931946
TPN-04D2,1.355963,103.932018
TPN-04D3,1.35413,103.931665
TPN-04D4,1.354358,103.931746
TPN-04D5,1.35475,103.931973
TPN-04D6,1.3553,103.930913
TPN-04D7,1.355542,103.930892
TPN-04D8,1.355562,103.93085
TPN-04D9,1.355641,103.930931
TPN-04DA,1.355598,103.930889
TPN-04DB,1.355516,103.930843
TPN-04DC,1.353154,103.932145
TPN-04DD,1.353254,103.931937
TPN-04DE,1.353245,103.932544
TPN-04DF,1.351722,103.929455
TPN-04E0,1.351978,103.929246
TPN-04E1,1.352105,103.928974
TPN-04E2,1.350545,103.933071
TPN-04E3,1.350272,103.931539
TPN-04E4,1.350336,103.931168
TPN-04E5,1.350655,103.930669
TPN-04E6,1.349542,103.931131
TPN-04E7,1.349314,103.931666
TPN-04E8,1.346724,103.934231
TPN-04E9,1.348694,103.931068
TPN-04EA,1.348904,103.930905
TPN-04EB,1.348812,103.929908
TPN-04EC,1.348283,103.930887
TPN-04ED,1.348128,103.93163
TPN-04EE,1.348055,103.931748
TPN-04EF,1.347955,103.932137
TPN-04F0,1.347691,103.932509
TPN-04F1,1.347444,103.932391
TPN-04F2,1.34853,103.932781
TPN-04F3,1.348712,103.932346
TPN-04F4,1.347537,103.935169
TPN-04F5,1.346388,103.934705
TPN-04F6,1.346947,103.934732
TPN-04F7,1.346717,103.934889
TPN-04F8,1.346199,103.935354
TPN-04F9,1.346076,103.935563
TPN-04FA,1.346377,103.93487
TPN-04FB,1.346322,103.935082
TPN-04FC,1.343106,103.959572
TPN-04FD,1.342612,103.958748
TPN-04FE,1.356266,103.94995
TPN-04FF,1.3564,103.949905
TPN-0500,1.349669,103.953878
TPN-0501,1.34976,103.954314
TPN-0502,1.349468,103.953933
TPN-0503,1.358862,103.957296
TPN-0504,1.359219,103.957455
TPN-0505,1.359066,103.956798
TPN-0506,1.359117,103.957376
TPN-0507,1.360498,103.957607
TPN-0508,1.360738,103.957838
TPN-0509,1.359975,103.958228
TPN-050A,1.360847,103.957946
TPN-050B,1.360971,103.957664
TPN-050C,1.361553,103.957224
TPN-050D,1.36228,103.955931
TPN-050E,1.362549,103.956227
TPN-050F,1.362418,103.956444
TPN-0510,1.362462,103.953958
TPN-0511,1.362244,103.954211
TPN-0512,1.363167,103.953691
TPN-0513,1.363342,103.953373
TPN-0514,1.362062,103.951827
TPN-0515,1.362193,103.951964
TPN-0516,1.362484,103.952268
TPN-0517,1.363174,103.952542
TPN-0518,1.363029,103.952614
TPN-0519,1.362906,103.951336
TPN-051A,1.362629,103.95122
TPN-051B,1.361742,103.950895
TPN-051C,1.358331,103.958459
TPN-051D,1.358324,103.958365
TPN-051E,1.358157,103.958474
TPN-051F,1.361517,103.951119
TPN-0520,1.360935,103.95942
TPN-0521,1.361051,103.959565
TPN-0522,1.35884,103.956487
TPN-0523,1.359524,103.955699
TPN-0524,1.356998,103.938589
TPN-0525,1.356971,103.93875
TPN-0526,1.356468,103.938562
TPN-0527,1.356316,103.938536
TPN-0528,1.35637,103.938768
TPN-0529,1.357591,103.939964
TPN-052A,1.35716,103.93966
TPN-052B,1.357914,103.93883
TPN-052C,1.359899,103.938509
TPN-052D,1.360052,103.938572
TPN-052E,1.35892,103.938777
TPN-052F,1.351218,103.937146
TPN-0530,1.353109,103.937673
TPN-0531,1.355936,103.932734
TPN-0532,1.355033,103.932761
TPN-0533,1.354905,103.932616
TPN-0534,1.35631,103.932181
TPN-0535,1.356319,103.932054
TPN-0536,1.355534,103.931514
TPN-0537,1.355135,103.931223
TPN-0538,1.355313,103.931406
TPN-0539,1.35544,103.931432
TPN-053A,1.355422,103.931472
TPN-053B,1.355364,103.931411
TPN-053C,1.350938,103.929292
TPN-053D,1.351531,103.92902
TPN-053E,1.347038,103.933424
TPN-053F,1.342963,103.959336
TPN-0540,1.342427,103.958461
TPN-0541,1.356302,103.949441
TPN-0542,1.356194,103.949512
TPN-0543,1.356338,103.949289
TPN-0544,1.357254,103.952502
TPN-0545,1.357478,103.952368
TPN-0546,1.361575,103.956747
TPN-0547,1.362091,103.956212
TPN-0548,1.361727,103.956588
TPN-0549,1.361822,103.954601
TPN-054A,1.361953,103.954536
TPN-054B,1.363545,103.953612
TPN-054C,1.362106,103.951343
TPN-054D,1.361844,103.951487
TPN-054E,1.361917,103.951646
TPN-054F,1.36356,103.95286
TPN-0550,1.36332,103.951531
TPN-0551,1.3622,103.950425
TPN-0552,1.363131,103.951697
TPN-0553,1.363313,103.953821
TPN-0554,1.358862,103.959189
TPN-0555,1.358724,103.959182
TPN-0556,1.35871,103.959044
TPN-0557,1.35887,103.959052
TPN-0558,1.361494,103.958857
TPN-0559,1.36148,103.959254
TPN-055A,1.357052,103.939071
TPN-055B,1.356971,103.938893
TPN-055C,1.356378,103.938884
TPN-055D,1.356486,103.93908
TPN-055E,1.356289,103.939812
TPN-055F,1.356729,103.939794
TPN-0560,1.358022,103.939571
TPN-0561,1.359872,103.939018
TPN-0562,1.361989,103.95062
TPN-0563,1.350976,103.936665
TPN-0564,1.350838,103.93694
TPN-0565,1.352521,103.937444
TPN-0566,1.355927,103.933323
TPN-0567,1.355872,103.933115
TPN-0568,1.355808,103.933323
TPN-0569,1.356966,103.931266
TPN-056A,1.356884,103.931203
TPN-056B,1.347321,103.933846
TPN-056C,1.342845,103.959134
TPN-056D,1.342983,103.958315
TPN-056E,1.361633,103.950006
TPN-056F,1.357244,103.9526
TPN-0570,1.357473,103.95273
TPN-0571,1.362651,103.954883
TPN-0572,1.36244,103.954652
TPN-0573,1.363749,103.953836
TPN-0574,1.363952,103.953915
TPN-0575,1.363872,103.954146
TPN-0576,1.362469,103.951415
TPN-0577,1.362287,103.951625
TPN-0578,1.363771,103.952138
TPN-0579,1.363654,103.951856
TPN-057A,1.36172,103.949891
TPN-057B,1.361589,103.950418
TPN-057C,1.361408,103.950209
TPN-057D,1.359742,103.958886
TPN-057E,1.359757,103.959037
TPN-057F,1.359902,103.9589
TPN-0580,1.362091,103.958481
TPN-0581,1.361713,103.958488
TPN-0582,1.357034,103.939196
TPN-0583,1.356423,103.939312
TPN-0584,1.356325,103.939205
TPN-0585,1.356289,103.939642
TPN-0586,1.359432,103.939036
TPN-0587,1.350584,103.937628
TPN-0588,1.350642,103.937788
TPN-0589,1.352083,103.938716
TPN-058A,1.355727,103.950842
TPN-058B,1.35579,103.950663
TPN-058C,1.357586,103.952984
TPN-058D,1.362411,103.955179
TPN-058E,1.362636,103.955353
TPN-058F,1.363652,103.955529
TPN-0590,1.36338,103.955788
TPN-0591,1.363342,103.955816
TPN-0592,1.362753,103.951711
TPN-0593,1.362738,103.952094
TPN-0594,1.364425,103.953359
TPN-0595,1.364316,103.953416
TPN-0596,1.364025,103.952383
TPN-0597,1.364294,103.952528
TPN-0598,1.360804,103.949963
TPN-0599,1.361393,103.949522
TPN-059A,1.361291,103.94966
TPN-059B,1.360273,103.959601
TPN-059C,1.36044,103.959608
TPN-059D,1.360215,103.959846
TPN-059E,1.359975,103.959196
TPN-059F,1.360287,103.959731
TPN-05A0,1.362265,103.957903
TPN-05A1,1.362272,103.958286
TPN-05A2,1.351587,103.938406
TPN-05A3,1.351794,103.938452
TPN-05A4,1.353097,103.937891
TPN-05A5,1.352532,103.937547
TPN-05A6,1.352844,103.938773
TPN-05A7,1.355421,103.951529
TPN-05A8,1.355457,103.951127
TPN-05A9,1.358026,103.953287
TPN-05AA,1.357801,103.953162
TPN-05AB,1.357388,103.953296
TPN-05AC,1.357918,103.952966
TPN-05AD,1.36308,103.954825
TPN-05AE,1.362854,103.955064
TPN-05AF,1.363827,103.956198
TPN-05B0,1.363774,103.956159
TPN-05B1,1.363661,103.956119
TPN-05B2,1.363793,103.956259
TPN-05B3,1.364323,103.952831
TPN-05B4,1.364578,103.952802
TPN-05B5,1.360426,103.950021
TPN-05B6,1.36039,103.950165
TPN-05B7,1.360492,103.950266
TPN-05B8,1.360098,103.960027
TPN-05B9,1.359996,103.960012
TPN-05BA,1.359851,103.960012
TPN-05BB,1.35988,103.960106
TPN-05BC,1.36316,103.95734
TPN-05BD,1.352014,103.937811
TPN-05BE,1.351933,103.938028
TPN-05BF,1.351818,103.937754
TPN-05C0,1.353016,103.938235
TPN-05C1,1.352855,103.938303
TPN-05C2,1.35623,103.95135
TPN-05C3,1.356131,103.951618
TPN-05C4,1.358358,103.953135
TPN-05C5,1.358367,103.95276
TPN-05C6,1.358062,103.952734
TPN-05C7,1.363574,103.954363
TPN-05C8,1.363284,103.954623
TPN-05C9,1.363167,103.954507
TPN-05CA,1.364392,103.954971
TPN-05CB,1.364269,103.955257
TPN-05CC,1.362917,103.955603
TPN-05CD,1.36071,103.950447
TPN-05CE,1.360593,103.95036
TPN-05CF,1.360964,103.950707
TPN-05D0,1.362774,103.957325
TPN-05D1,1.359291,103.959478
TPN-05D2,1.359153,103.959463
TPN-05D3,1.359291,103.959615
TPN-05D4,1.35916,103.95963
TPN-05D5,1.363429,103.956827
TPN-05D6,1.363342,103.95674
TPN-05D7,1.352221,103.937124
TPN-05D8,1.35191,103.937055
TPN-05D9,1.356185,103.95094
TPN-05DA,1.356014,103.950976
TPN-05DB,1.36284,103.954522
TPN-05DC,1.362971,103.954377
TPN-05DD,1.363593,103.954941
TPN-05DE,1.363602,103.954873
TPN-05DF,1.363901,103.954839
TPN-05E0,1.362251,103.957368
TPN-05E1,1.3626,103.957368
TPN-05E2,1.351656,103.93733
TPN-05E3,1.351529,103.937284
TPN-05E4,1.351552,103.93765
TPN-05E5,1.356356,103.950646
TPN-05E6,1.356185,103.950672
TPN-05E7,1.363915,103.954606
TPN-05E8,1.361865,103.957773
TPN-05E9,1.362047,103.957549
TPN-05EA,1.36204,103.95791
TPN-05EB,1.359579,103.930995
TPN-05EC,1.35533,103.95578
TPN-05ED,1.35547,103.95588
TPN-05EE,1.349717,103.949654
TPN-05EF,1.349628,103.948901
TPN-05F0,1.351993,103.947243
TPN-05F1,1.353398,103.947232
TPN-05F2,1.353576,103.946547
TPN-05F3,1.353043,103.94631
TPN-05F4,1.332309,103.964901
TPN-05F5,1.335276,103.970263
TPN-05F6,1.33091,103.967848
TPN-05F7,1.373779,103.9308
TPN-05F8,1.351385,103.940517
TPN-05F9,1.351226,103.939132
TPN-05FA,1.346767,103.934137
TPN-05FB,1.349114,103.942159
TPN-05FC,1.35102,103.944855
TPN-05FD,1.346957,103.947807
TPN-05FE,1.346596,103.947026
TPN-05FF,1.347235,103.946785
TPN-0600,1.347386,103.948759
TPN-0601,1.346937,103.949676
TPN-0602,1.349995,103.955202
TPN-0603,1.34904,103.954966
TPN-0604,1.349222,103.954686
TPN-0605,1.350166,103.9539
TPN-0606,1.345174,103.949774
TPN-0607,1.345348,103.950477
TPN-0608,1.346275,103.951672
TPN-0609,1.347456,103.950475
TPN-060A,1.347312,103.952258
TPN-060B,1.352143,103.95635
TPN-060C,1.35212,103.957596
TPN-060D,1.350713,103.957389
TPN-060E,1.351106,103.957962
TPN-060F,1.351203,103.961303
TPN-0610,1.351212,103.961633
TPN-0611,1.351897,103.962138
TPN-0612,1.353069,103.963462
TPN-0613,1.345733,103.944079
TPN-0614,1.354397,103.963042
TPN-0615,1.35888,103.961166
TPN-0616,1.359228,103.960644
TPN-0617,1.35836,103.960139
TPN-0618,1.347212,103.952425
TPN-0619,1.350796,103.93384
TPN-061A,1.351435,103.934956
TPN-061B,1.355994,103.93284
TPN-061C,1.354919,103.932624
TPN-061D,1.360019,103.935802
TPN-061F,1.355065,103.935829
TPN-0620,1.355068,103.932161
TPN-0621,1.359541,103.934176
TPN-0622,1.358272,103.934208
TPN-0623,1.364263,103.954956
TPN-0624,1.363577,103.954943
TPN-0625,1.362604,103.952371
TPN-0626,1.363961,103.952545
TPN-0627,1.362704,103.953763
TPN-0628,1.363718,103.954334
TPN-0629,1.363939,103.953884
TPN-062A,1.35736,103.950817
TPN-062B,1.357114,103.952217
TPN-062C,1.358392,103.952727
TPN-062D,1.356674,103.953786
TPN-062E,1.357062,103.953929
TPN-062F,1.357437,103.955191
TPN-0630,1.358297,103.954492
TPN-0631,1.362331,103.951506
TPN-0632,1.362914,103.954275
TPN-0633,1.361263,103.949632
TPN-0634,1.361051,103.950807
TPN-0635,1.359501,103.949626
TPN-0636,1.359218,103.951906
TPN-0637,1.359923,103.951848
TPN-0638,1.35997,103.959252
TPN-0639,1.35947,103.958454
TPN-063A,1.361173,103.95964
TPN-063B,1.361776,103.958257
TPN-063C,1.361722,103.958586
TPN-063D,1.362295,103.958344
TPN-063E,1.362062,103.957952
TPN-063F,1.362865,103.957295
TPN-0640,1.357534,103.948184
TPN-0641,1.357036,103.947227
TPN-0642,1.358776,103.947687
TPN-0643,1.357986,103.9509
TPN-0644,1.357142,103.945224
TPN-0645,1.360195,103.95638
TPN-0646,1.360412,103.957024
TPN-0647,1.35882,103.946172
TPN-0648,1.360724,103.953612
TPN-0649,1.361815,103.953572
TPN-064B,1.331334,103.957669
TPN-064C,1.336561,103.944325
TPN-064D,1.353984,103.946394
TPN-064E,1.327345,103.967206
TPN-064F,1.34566,103.949485
TPN-0650,1.348129,103.945349
TPN-0651,1.345921,103.957743
TPN-0652,1.346866,103.957838
TPN-0654,1.360489,103.936518
TPN-0655,1.360479,103.933573
TPN-0656,1.334017,103.956611
TPN-0657,1.333257,103.962302
TPN-0658,1.336079,103.958374
TPN-0659,1.332693,103.960778
TPN-065A,1.343994,103.955788
TPN-065B,1.335752,103.958611
TPN-065D,1.331281,103.953615
TPN-065E,1.331614,103.953418
TPN-065F,1.344518,103.953244
TPN-0660,1.346706,103.932539
TPN-0661,1.361967,103.952027
TPN-0662,1.356352,103.957293
TPN-0663,1.350088,103.937908
TPN-0664,1.353123,103.941375
TPN-0665,1.34202,103.957815
TPN-0666,1.337672,103.94668
TPN-0667,1.355914,103.937332
TPN-0668,1.356153,103.933385
TPN-0669,1.341074,103.956855
TPN-066A,1.337777,103.947072
TPN-066B,1.334938,103.950351
TPN-066C,1.355333,103.94376
TPN-066D,1.346394,103.955281
TPN-066E,1.353029,103.932007
TPN-066F,1.335172,103.949918
TPN-0670,1.373272,103.93524
TPN-0671,1.345394,103.934594
TPN-0672,1.344551,103.93397
TPN-0673,1.343952,103.933423
TPN-0674,1.346488,103.932199
TPN-0675,1.345352,103.932151
TPN-0676,1.347278,103.930118
TPN-0677,1.345982,103.933798
TPN-0678,1.343895,103.93333
TPN-0679,1.346464,103.931825
TPN-067A,1.346444,103.932308
TPN-067B,1.346327,103.932087
TPN-067C,1.346746,103.931301
TPN-067D,1.347016,103.930773
TPN-067E,1.346878,103.931033
TPN-067F,1.359668,103.95839
TPN-0680,1.361887,103.955046
TPN-0681,1.356854,103.947605
TPN-0682,1.356638,103.947332
TPN-0683,1.351829,103.942209
TPN-0684,1.374782,103.931612
TPN-0685,1.35318,103.934532
TPN-0686,1.353314,103.934454
TPN-0687,1.350768,103.933529
TPN-0688,1.348483,103.942111
TPN-0689,1.362298,103.933254
TPN-068A,1.362107,103.931244
TPN-068B,1.343345,103.93356
TPN-068C,1.347261,103.930234
TPN-068D,1.361608,103.933175
TPN-068E,1.371781,103.936342
TPN-068F,1.347111,103.928717
TPN-0690,1.372434,103.937542
TPN-0691,1.3466,103.931562
TPN-0692,1.345589,103.933937
TPN-0693,1.345208,103.935758
TPN-0694,1.345507,103.934224
TPN-0695,1.345419,103.934496
TPN-0696,1.343924,103.934009
TPN-0697,1.344689,103.932706
TPN-0698,1.345671,103.933655
TPN-0699,1.347963,103.929462
TPN-069A,1.345236,103.934152
TPN-069B,1.344936,103.934264
TPN-069C,1.343576,103.93418
TPN-069D,1.343361,103.933066
TPN-069E,1.34392,103.932345
TPN-069F,1.344721,103.932948
TPN-06A0,1.344382,103.933079
TPN-06A1,1.342374,103.955746
TPN-06A2,1.33416,103.950045
TPN-06A3,1.344786,103.95338
TPN-06A4,1.355674,103.939266
TPN-06A5,1.338796,103.940933
TPN-06A6,1.339881,103.943044
TPN-06A7,1.339672,103.942839
TPN-06A8,1.340502,103.943022
TPN-06A9,1.341748,103.942443
TPN-06AA,1.337976,103.949212
TPN-06AB,1.338233,103.948998
TPN-06AC,1.334869,103.947935
TPN-06AD,1.335326,103.945696
TPN-06AE,1.336215,103.947334
TPN-06AF,1.33729,103.947536
TPN-06B0,1.336559,103.946045
TPN-06B1,1.352099,103.958562
TPN-06B2,1.355324,103.947226
TPN-06B3,1.351188,103.93357
TPN-06B4,1.352705,103.941613
TPN-06B5,1.356599,103.945186
TPN-06B6,1.3489,103.936621
TPN-06B7,1.351561,103.943783
TPN-06B8,1.350122,103.938192
TPN-06BA,1.344654,103.939836
TPN-06BB,1.361027,103.952624
TPN-06BC,1.335529,103.953829
TPN-06BD,1.356902,103.957675
TPN-06BE,1.332952,103.956316
TPN-06BF,1.345815,103.947428
TPN-06C0,1.348917,103.953559
TPN-06C1,1.359045,103.938137
TPN-06C3,1.354852,103.950833
TPN-06C4,1.354912,103.95095
TPN-06C5,1.351684,103.950575
TPN-06C6,1.351808,103.950555
TPN-06C7,1.352468,103.947578
TPN-06C8,1.355197,103.947094
TPN-06C9,1.357411,103.955561
TPN-06CA,1.356177,103.953233
TPN-06CC,1.358588,103.947282
TPN-06CE,1.349833,103.93439
TPN-06CF,1.340217,103.951294
TPN-06D0,1.353724,103.95948
TPN-06D1,1.353847,103.960087
TPN-06D2,1.353727,103.939341
TPN-06D3,1.353584,103.939346
TPN-06D5,1.351986,103.94015
TPN-06D6,1.350999,103.93733
TPN-06D7,1.351663,103.931984
TPN-06D8,1.35569,103.934321
TPN-06D9,1.355674,103.934646
TPN-06DA,1.353391,103.934877
TPN-06DB,1.353146,103.935648
TPN-06DC,1.350655,103.93507
TPN-06DD,1.350048,103.935568
TPN-06DE,1.350024,103.935661
TPN-06DF,1.352527,103.93592
TPN-06E0,1.3529,103.935042
TPN-06E1,1.352204,103.938836
TPN-06E2,1.351233,103.937124
TPN-06E3,1.357665,103.936598
TPN-06E4,1.356152,103.93658
TPN-06E5,1.360182,103.934373
TPN-06E6,1.356715,103.939521
TPN-06E7,1.356456,103.933934
TPN-06E8,1.358223,103.944413
TPN-06E9,1.358196,103.944652
TPN-06EA,1.350999,103.93733
TPN-06EB,1.356033,103.942437
TPN-06EC,1.356055,103.94246
TPN-06EF,1.353895,103.944662
TPN-06F0,1.355816,103.955657
TPN-06F1,1.343728,103.952859
TPN-06F2,1.343375,103.953021
TPN-06F3,1.358069,103.937964
TPN-06F6,1.346492,103.955868
TPN-06F7,1.349581,103.949447
TPN-06F8,1.340726,103.943287
TPN-06F9,1.347906,103.930117
TPN-06FA,1.360232,103.935883
TPN-06FB,1.358514,103.954288
TPN-06FC,1.349122,103.935551
TPN-06FD,1.351366,103.949547
TPN-06FE,1.351259,103.949564
TPN-06FF,1.353559,103.953972
TPN-0700,1.352886,103.953991
TPN-0701,1.352877,103.954057
TPN-0702,1.345969,103.944288
TPN-0703,1.363576,103.937063
TPN-0704,1.346297,103.94504
TPN-0705,1.351031,103.93159
TPN-0706,1.35585,103.960125
TPN-0707,1.362117,103.952835
TPN-0708,1.360399,103.950463
TPN-0709,1.348528,103.929644
TPN-070A,1.34056,103.951379
TPN-070B,1.330027,103.962034
TPN-070C,1.339391,103.948474
TPN-070D,1.349758,103.934107
TPN-070E,1.34281,103.949191
TPN-070F,1.34356,103.950111
TPN-0710,1.346,103.959527
TPN-0711,1.346061,103.958549
TPN-0712,1.343564,103.959213
TPN-0713,1.342979,103.958282
TPN-0714,1.341968,103.957484
TPN-0715,1.342599,103.957678
TPN-0716,1.363754,103.935588
TPN-0717,1.363747,103.935766
TPN-0718,1.366145,103.935801
TPN-0719,1.363659,103.936647
TPN-071A,1.363659,103.93678
TPN-071B,1.366118,103.935718
TPN-071C,1.363652,103.936494
TPN-071D,1.366183,103.935906
TPN-071E,1.363656,103.936595
TPN-071F,1.365902,103.935159
TPN-0720,1.363097,103.935799
TPN-0721,1.365987,103.93536
TPN-0722,1.363084,103.936514
TPN-0723,1.365425,103.935282
TPN-0724,1.36311,103.935464
TPN-0725,1.365412,103.935113
TPN-0726,1.363093,103.935614
TPN-0727,1.365758,103.936445
TPN-0728,1.365405,103.935874
TPN-0729,1.363116,103.935276
TPN-072A,1.364836,103.935757
TPN-072B,1.365026,103.936601
TPN-072C,1.364375,103.935386
TPN-072D,1.364856,103.936023
TPN-072E,1.364532,103.936354
TPN-072F,1.364378,103.93523
TPN-0730,1.364368,103.936351
TPN-0731,1.364532,103.936176
TPN-0732,1.364378,103.936722
TPN-0733,1.364372,103.936169
TPN-0734,1.363806,103.937076
TPN-0735,1.364356,103.93653
TPN-0736,1.363927,103.937235
TPN-0737,1.363881,103.937163
TPN-0738,1.363751,103.935246
TPN-0739,1.363751,103.935451
TPN-073A,1.348469,103.931872
TPN-073B,1.349011,103.929839
TPN-073C,1.350402,103.931062
TPN-073D,1.350346,103.931578
TPN-073E,1.349768,103.931394
TPN-073F,1.360908,103.936722
TPN-0740,1.36091,103.936922
TPN-0741,1.360738,103.936719
TPN-0742,1.360741,103.936922
TPN-0743,1.36151,103.937559
TPN-0744,1.361446,103.937504
TPN-0745,1.360766,103.93704
TPN-0746,1.360761,103.937199
TPN-0747,1.361487,103.936788
TPN-0748,1.361508,103.935969
TPN-0749,1.361446,103.937329
TPN-074A,1.361485,103.936924
TPN-074B,1.361283,103.935157
TPN-074C,1.36099,103.935232
TPN-074D,1.361517,103.935778
TPN-074E,1.361283,103.934979
TPN-074F,1.361746,103.936738
TPN-0750,1.361911,103.936201
TPN-0751,1.353043,103.929693
TPN-0752,1.36175,103.936924
TPN-0753,1.361979,103.935193
TPN-0754,1.362465,103.935386
TPN-0755,1.361911,103.936017
TPN-0756,1.361975,103.93538
TPN-0757,1.362515,103.935969
TPN-0758,1.362515,103.936519
TPN-0759,1.362474,103.935266
TPN-075A,1.362483,103.935512
TPN-075B,1.362284,103.937325
TPN-075C,1.362286,103.937507
TPN-075D,1.354424,103.930388
TPN-075E,1.353857,103.930754
TPN-075F,1.354382,103.930191
TPN-0760,1.354388,103.93028
TPN-0761,1.354044,103.93088
TPN-0762,1.353369,103.930496
TPN-0763,1.353821,103.930832
TPN-0764,1.354062,103.930772
TPN-0765,1.353513,103.930388
TPN-0766,1.352699,103.929885
TPN-0767,1.353441,103.93055
TPN-0768,1.353405,103.930412
TPN-0769,1.353007,103.929729
TPN-076A,1.353061,103.929807
TPN-076B,1.352609,103.930029
TPN-076C,1.353061,103.929526
TPN-076D,1.347617,103.946512
TPN-076E,1.347651,103.946187
TPN-076F,1.346951,103.948914
TPN-0770,1.347862,103.948814
TPN-0771,1.350528,103.941928
TPN-0772,1.347937,103.950709
TPN-0773,1.346685,103.945585
TPN-0774,1.350962,103.943939
TPN-0775,1.349094,103.950136
TPN-0776,1.349097,103.94998
TPN-0777,1.347447,103.950564
TPN-0778,1.348344,103.949654
TPN-0779,1.354701,103.931029
TPN-077A,1.354146,103.930155
TPN-077B,1.354376,103.931029
TPN-077C,1.354538,103.931125
TPN-077D,1.346324,103.947593
TPN-077E,1.346505,103.947787
TPN-077F,1.350197,103.939186
TPN-0780,1.348075,103.936635
TPN-0781,1.351026,103.93886
TPN-0782,1.351136,103.93897
TPN-0783,1.345664,103.937515
TPN-0784,1.346602,103.936288
TPN-0785,1.346446,103.936063
TPN-0786,1.348482,103.941476
TPN-0787,1.349317,103.939704
TPN-0788,1.349403,103.940106
TPN-0789,1.3476,103.941816
TPN-078A,1.34903,103.939801
TPN-078B,1.351002,103.939473
TPN-078C,1.350971,103.939477
TPN-078D,1.350625,103.93961
TPN-078E,1.350621,103.939641
TPN-078F,1.360997,103.935375
TPN-0790,1.360759,103.935009
TPN-0791,1.361966,103.937704
TPN-0792,1.361972,103.93755
TPN-0793,1.347532,103.93847
TPN-0794,1.361833,103.938951
TPN-0795,1.361459,103.938982
TPN-0796,1.362292,103.938913
TPN-0797,1.361827,103.93911
TPN-0798,1.360882,103.939335
TPN-0799,1.361227,103.93998
TPN-079A,1.361452,103.939101
TPN-079B,1.360937,103.939016
TPN-079C,1.361024,103.941731
TPN-079D,1.361321,103.941162
TPN-079E,1.361136,103.94031
TPN-079F,1.361031,103.941066
TPN-07A0,1.36201,103.941036
TPN-07A1,1.361457,103.940853
TPN-07A2,1.362072,103.941419
TPN-07A3,1.356619,103.954389
TPN-07A4,1.356614,103.953827
TPN-07A5,1.363607,103.939754
TPN-07A6,1.363209,103.940082
TPN-07A7,1.362212,103.94006
TPN-07A8,1.362289,103.939197
TPN-07A9,1.362704,103.940142
TPN-07AA,1.36244,103.940461
TPN-07AB,1.367694,103.940719
TPN-07AC,1.367869,103.940672
TPN-07AD,1.367085,103.941395
TPN-07AE,1.367548,103.940302
TPN-07AF,1.367675,103.941062
TPN-07B0,1.368128,103.940663
TPN-07B1,1.368284,103.940771
TPN-07B2,1.367779,103.940212
TPN-07B3,1.36785,103.940546
TPN-07B4,1.361959,103.957297
TPN-07B5,1.36642,103.939306
TPN-07B6,1.366221,103.939178
TPN-07B7,1.366643,103.942652
TPN-07B8,1.366362,103.940613
TPN-07B9,1.366056,103.940403
TPN-07BA,1.366279,103.940123
TPN-07BB,1.365974,103.939936
TPN-07BC,1.365586,103.941057
TPN-07BD,1.365292,103.940718
TPN-07BE,1.365445,103.940263
TPN-07BF,1.365563,103.940357
TPN-07C0,1.36286,103.942668
TPN-07C1,1.363354,103.943006
TPN-07C2,1.364517,103.941185
TPN-07C3,1.365715,103.941372
TPN-07C4,1.365729,103.943311
TPN-07C5,1.365922,103.942595
TPN-07C6,1.365251,103.943148
TPN-07C7,1.364908,103.942871
TPN-07C8,1.366738,103.939668
TPN-07C9,1.363354,103.943006
TPN-07CA,1.366221,103.939178
TPN-07CB,1.363597,103.9426
TPN-07CC,1.363649,103.942731
TPN-07CD,1.363189,103.942003
TPN-07CE,1.365125,103.941603
TPN-07CF,1.36456,103.942038
TPN-07D0,1.364097,103.942212
TPN-07D1,1.363834,103.941457
TPN-07D2,1.363262,103.942207
TPN-07D3,1.363212,103.94212
TPN-07D4,1.363186,103.942048
TPN-07D5,1.364167,103.942346
TPN-07D6,1.363622,103.942538
TPN-07D7,1.358475,103.959198
TPN-07D8,1.364624,103.944117
TPN-07D9,1.36568,103.945102
TPN-07DA,1.365169,103.944615
TPN-07DB,1.363745,103.944068
TPN-07DC,1.365091,103.944922
TPN-07DD,1.365537,103.9444
TPN-07DE,1.364084,103.943858
TPN-07DF,1.363691,103.952622
TPN-07E0,1.347735,103.951734
TPN-07E1,1.347508,103.95175
TPN-07E2,1.347696,103.951726
TPN-07E3,1.354384,103.939624
TPN-07E4,1.354538,103.940243
TPN-07E5,1.343433,103.935567
TPN-07E6,1.343328,103.936166
TPN-07E7,1.343068,103.93687
TPN-07E8,1.342919,103.93692
TPN-07E9,1.342923,103.93566
TPN-07EA,1.342767,103.935689
TPN-07EB,1.342369,103.935844
TPN-07EC,1.34201,103.936297
TPN-07ED,1.341884,103.936275
TPN-07EE,1.342331,103.936752
TPN-07EF,1.343234,103.937162
TPN-07F0,1.343531,103.93684
TPN-07F1,1.34393,103.936325
TPN-07F2,1.344114,103.935884
TPN-07F3,1.364226,103.944319
TPN-07F4,1.366146,103.943949
TPN-07F5,1.366236,103.943916
TPN-07F6,1.366972,103.944124
TPN-07F7,1.36741,103.943808
TPN-07F8,1.36716,103.943552
TPN-07F9,1.369087,103.933542
TPN-07FA,1.369654,103.934098
TPN-07FB,1.369794,103.934579
TPN-07FC,1.369645,103.934904
TPN-07FD,1.370044,103.933702
TPN-07FE,1.370216,103.934365
TPN-07FF,1.355358,103.940325
TPN-0800,1.354976,103.940267
TPN-0801,1.354969,103.939594
TPN-0802,1.355173,103.939447
TPN-0803,1.334685,103.961761
TPN-0804,1.340815,103.961011
TPN-0805,1.340908,103.961056
TPN-0806,1.335005,103.961942
TPN-0807,1.340282,103.948152
TPN-0808,1.34037,103.93693
TPN-0809,1.339949,103.936463
TPN-080A,1.33906,103.936516
TPN-080B,1.338918,103.937208
TPN-080C,1.338357,103.938335
TPN-080D,1.338248,103.939117
TPN-080E,1.337938,103.939824
TPN-080F,1.337353,103.939626
TPN-0810,1.336748,103.939496
TPN-0811,1.336739,103.938936
TPN-0812,1.337742,103.938312
TPN-0813,1.337816,103.937826
TPN-0814,1.339436,103.937708
TPN-0815,1.35147,103.92888
TPN-0816,1.35078,103.92922
TPN-0817,1.35194,103.92902
TPN-0818,1.356052,103.942411
TPN-0819,1.354613,103.931276
TPN-081A,1.349593,103.938379
TPN-081B,1.354028,103.930912
TPN-081C,1.346235,103.958166
TPN-081D,1.355592,103.930982
TPN-081E,1.3582,103.933917
TPN-081F,1.35117,103.93284
TPN-0820,1.35202,103.93355
TPN-0821,1.35447,103.93377
TPN-0822,1.3548,103.93395
TPN-0823,1.35225,103.93287
TPN-0824,1.35482,103.93199
TPN-0825,1.35251,103.932316
TPN-0826,1.344307,103.959381
TPN-0827,1.341864,103.94629
TPY-0001,1.337154,103.839462
TPY-0002,1.329451,103.868452
TPY-0004,1.341055,103.836677
TPY-0005,1.341768,103.836172
TPY-0006,1.343242,103.873121
TPY-0007,1.33962,103.885767
TPY-0008,1.33325,103.869834
TPY-0009,1.331521,103.868967
TPY-000A,1.334345,103.848322
TPY-000B,1.333901,103.854645
TPY-000C,1.338019,103.843596
TPY-000D,1.338422,103.841828
TPY-000F,1.334127,103.849036
TPY-0011,1.337649,103.850901
TPY-0012,1.336708,103.850181
TPY-0013,1.335599,103.852124
TPY-0014,1.336301,103.852618
TPY-0015,1.333886,103.852264
TPY-0016,1.334805,103.851997
TPY-0017,1.336005,103.847914
TPY-0018,1.335446,103.847071
TPY-0019,1.335484,103.847823
TPY-001A,1.338582,103.847993
TPY-001B,1.338609,103.847192
TPY-001C,1.339629,103.848845
TPY-001D,1.333782,103.845788
TPY-001E,1.332497,103.845975
TPY-001F,1.331394,103.845242
TPY-0020,1.338904,103.853096
TPY-0021,1.337543,103.85816
TPY-0022,1.335986,103.858693
TPY-0023,1.333556,103.853759
TPY-0024,1.334852,103.855269
TPY-0025,1.339141,103.858418
TPY-0026,1.331772,103.858446
TPY-0027,1.331548,103.857797
TPY-0028,1.332582,103.85743
TPY-0029,1.336039,103.854174
TPY-002A,1.337437,103.852298
TPY-002B,1.338295,103.852539
TPY-002C,1.341175,103.844222
TPY-002D,1.339757,103.846231
TPY-002E,1.338343,103.845904
TPY-0030,1.335814,103.84598
TPY-0031,1.335808,103.844894
TPY-0032,1.342258,103.847699
TPY-0033,1.34244,103.845508
TPY-0034,1.336303,103.845748
TPY-0035,1.343662,103.847326
TPY-0037,1.334716,103.87833
TPY-0038,1.332769,103.885005
TPY-0039,1.332759,103.868898
TPY-003A,1.330965,103.846655
TPY-003B,1.330322,103.849455
TPY-003C,1.331489,103.86406
TPY-003D,1.335228,103.878633
TPY-003E,1.334838,103.879473
TPY-003F,1.33465,103.880131
TPY-0040,1.335045,103.88062
TPY-0041,1.335974,103.878909
TPY-0042,1.335778,103.879278
TPY-0043,1.335964,103.879902
TPY-0044,1.33559,103.880241
TPY-0045,1.336508,103.880527
TPY-0046,1.3362,103.881362
TPY-0047,1.33671,103.881346
TPY-0048,1.334759,103.880984
TPY-0049,1.334168,103.881604
TPY-004A,1.33401,103.88088
TPY-004B,1.334054,103.87934
TPY-004C,1.333928,103.879625
TPY-004D,1.333638,103.879439
TPY-004E,1.333708,103.880265
TPY-004F,1.334735,103.878737
TPY-0050,1.336212,103.862918
TPY-0051,1.33537,103.86578
TPY-0052,1.334646,103.86582
TPY-0053,1.332376,103.866158
TPY-0054,1.340107,103.854054
TPY-0055,1.340992,103.854174
TPY-0056,1.341816,103.853974
TPY-0058,1.342393,103.854072
TPY-0059,1.34272,103.854762
TPY-005A,1.34281,103.855262
TPY-005B,1.342744,103.855542
TPY-005C,1.342598,103.8565
TPY-005D,1.341156,103.855776
TPY-005E,1.341213,103.856172
TPY-005F,1.333739,103.868776
TPY-0060,1.334517,103.869267
TPY-0061,1.33451,103.868801
TPY-0064,1.331625,103.867868
TPY-0065,1.336347,103.863404
TPY-0066,1.336829,103.863232
TPY-0067,1.337336,103.862748
TPY-0068,1.334573,103.862766
TPY-0069,1.333929,103.865439
TPY-006A,1.334484,103.86706
TPY-006B,1.334329,103.843057
TPY-006C,1.333354,103.867096
TPY-006D,1.329959,103.843892
TPY-006E,1.341009,103.845727
TPY-006F,1.339924,103.853081
TPY-0070,1.333746,103.868745
TPY-0071,1.334788,103.864424
TPY-0072,1.333683,103.864497
TPY-0073,1.330353,103.869308
TPY-0075,1.331172,103.868774
TPY-0076,1.33125,103.869448
TPY-0077,1.332795,103.868902
TPY-0078,1.338489,103.870406
TPY-0079,1.340564,103.84779
TPY-007A,1.34069,103.846132
TPY-007C,1.335936,103.887577
TPY-007D,1.335745,103.887725
TPY-007E,1.342259,103.880367
TPY-007F,1.342164,103.880184
TPY-0080,1.333246,103.847246
TPY-0081,1.333378,103.846521
TPY-0082,1.333427,103.846532
TPY-0083,1.333202,103.846279
TPY-0085,1.3374,103.839384
TPY-0086,1.344212,103.841422
TPY-0087,1.332113,103.875696
TPY-0088,1.342746,103.862894
TPY-0089,1.3395,103.853356
TPY-008A,1.339396,103.853316
TPY-008B,1.339537,103.853413
TPY-008C,1.338689,103.853631
TPY-008D,1.338582,103.853589
TPY-008E,1.338725,103.853686
TPY-008F,1.339219,103.854462
TPY-0090,1.339017,103.855143
TPY-0091,1.337733,103.856694
TPY-0092,1.338032,103.856803
TPY-0093,1.338032,103.856926
TPY-0094,1.337542,103.857598
TPY-0095,1.337444,103.857528
TPY-0096,1.337054,103.857136
TPY-0097,1.337126,103.859054
TPY-0098,1.337136,103.858722
TPY-0099,1.336995,103.859166
TPY-009A,1.33682,103.857912
TPY-009B,1.336217,103.858708
TPY-009C,1.336742,103.858275
TPY-009D,1.336604,103.858455
TPY-009E,1.336553,103.858431
TPY-009F,1.336432,103.856351
TPY-00A0,1.336299,103.856382
TPY-00A1,1.336409,103.85688
TPY-00A2,1.33648,103.856329
TPY-00A3,1.335769,103.857337
TPY-00A4,1.335792,103.856252
TPY-00A5,1.3351,103.856411
TPY-00A6,1.33491,103.85776
TPY-00A7,1.334925,103.856662
TPY-00A8,1.335057,103.85764
TPY-00A9,1.335151,103.857636
TPY-00AA,1.33529,103.857623
TPY-00AB,1.335344,103.856902
TPY-00AC,1.335344,103.856993
TPY-00AD,1.335343,103.857072
TPY-00AE,1.335338,103.857141
TPY-00AF,1.335346,103.857196
TPY-00B0,1.335345,103.856786
TPY-00B1,1.335354,103.857272
TPY-00B2,1.334579,103.856705
TPY-00B3,1.33458,103.8577
TPY-00B4,1.33449,103.857727
TPY-00B5,1.333548,103.857273
TPY-00B6,1.333972,103.857289
TPY-00B7,1.333941,103.857218
TPY-00B8,1.333883,103.857217
TPY-00B9,1.332895,103.857049
TPY-00BA,1.332906,103.856693
TPY-00BB,1.333317,103.8571
TPY-00BC,1.332963,103.856316
TPY-00BD,1.332256,103.856647
TPY-00BE,1.332251,103.856287
TPY-00BF,1.332356,103.856007
TPY-00C0,1.332354,103.855964
TPY-00C1,1.332301,103.855911
TPY-00C2,1.333553,103.853702
TPY-00C3,1.333134,103.854622
TPY-00C4,1.333137,103.854423
TPY-00C5,1.333313,103.854061
TPY-00C6,1.334814,103.854176
TPY-00C7,1.335014,103.854045
TPY-00C8,1.33448,103.85449
TPY-00C9,1.334496,103.854741
TPY-00CA,1.334522,103.85449
TPY-00CB,1.334532,103.854741
TPY-00CC,1.334831,103.854915
TPY-00CD,1.334792,103.854919
TPY-00CE,1.334842,103.855019
TPY-00CF,1.334728,103.855674
TPY-00D0,1.334657,103.855753
TPY-00D1,1.334692,103.85567
TPY-00D2,1.335467,103.854785
TPY-00D3,1.335476,103.854928
TPY-00D4,1.335474,103.855043
TPY-00D5,1.335978,103.854243
TPY-00D6,1.336216,103.854024
TPY-00D7,1.336463,103.854018
TPY-00D8,1.336017,103.853799
TPY-00D9,1.335915,103.853678
TPY-00DA,1.336416,103.853442
TPY-00DB,1.336768,103.853328
TPY-00DC,1.336963,103.853425
TPY-00DD,1.337027,103.854298
TPY-00DE,1.337147,103.853739
TPY-00DF,1.337179,103.853697
TPY-00E0,1.337282,103.853855
TPY-00E1,1.337753,103.853133
TPY-00E2,1.3378,103.853239
TPY-00E3,1.336979,103.852924
TPY-00E4,1.337416,103.85231
TPY-00E5,1.338052,103.852974
TPY-00E6,1.337998,103.851987
TPY-00E7,1.337789,103.850754
TPY-00E8,1.337353,103.850048
TPY-00E9,1.337389,103.850834
TPY-00EA,1.336907,103.850073
TPY-00EB,1.33703,103.85149
TPY-00EC,1.33673,103.851791
TPY-00ED,1.336412,103.850582
TPY-00EE,1.336482,103.852085
TPY-00EF,1.336534,103.852031
TPY-00F0,1.336213,103.851663
TPY-00F1,1.336015,103.852063
TPY-00F2,1.335019,103.852203
TPY-00F3,1.334709,103.853208
TPY-00F4,1.334708,103.853055
TPY-00F5,1.334709,103.852991
TPY-00F6,1.33447,103.852553
TPY-00F7,1.334417,103.852604
TPY-00F8,1.333935,103.85243
TPY-00F9,1.333905,103.852428
TPY-00FA,1.333878,103.85186
TPY-00FB,1.334808,103.852073
TPY-00FC,1.334652,103.852148
TPY-00FD,1.334801,103.851919
TPY-00FE,1.33431,103.852081
TPY-00FF,1.336291,103.852707
TPY-0100,1.336278,103.852762
TPY-0101,1.336106,103.852729
TPY-0102,1.335707,103.853264
TPY-0103,1.33633,103.852745
TPY-0104,1.335396,103.848325
TPY-0105,1.335335,103.848325
TPY-0106,1.335338,103.850345
TPY-0107,1.33601,103.848486
TPY-0108,1.336008,103.848419
TPY-0109,1.336009,103.848622
TPY-010A,1.33601,103.848544
TPY-010B,1.336091,103.847956
TPY-010C,1.335254,103.84764
TPY-010D,1.335255,103.847484
TPY-010E,1.33602,103.847609
TPY-010F,1.338258,103.849609
TPY-0110,1.338253,103.849477
TPY-0111,1.338043,103.849137
TPY-0112,1.338712,103.850017
TPY-0113,1.33948,103.849303
TPY-0114,1.339515,103.84934
TPY-0115,1.338931,103.850248
TPY-0116,1.338653,103.847865
TPY-0117,1.338434,103.847883
TPY-0118,1.339258,103.848696
TPY-0119,1.33953,103.848188
TPY-011A,1.340147,103.848545
TPY-011B,1.340147,103.849478
TPY-011C,1.340384,103.849479
TPY-011D,1.340384,103.848544
TPY-011E,1.341114,103.847249
TPY-011F,1.341112,103.847322
TPY-0120,1.341686,103.84725
TPY-0121,1.341688,103.847324
TPY-0122,1.341106,103.845531
TPY-0123,1.341104,103.845456
TPY-0124,1.341284,103.844194
TPY-0125,1.340434,103.844133
TPY-0126,1.340027,103.844871
TPY-0127,1.340008,103.844871
TPY-0128,1.33955,103.844536
TPY-0129,1.339566,103.84453
TPY-012A,1.339101,103.844319
TPY-012B,1.339131,103.845179
TPY-012C,1.339002,103.846039
TPY-012D,1.34012,103.846355
TPY-012E,1.340127,103.846473
TPY-012F,1.338589,103.846258
TPY-0130,1.338646,103.844086
TPY-0131,1.337918,103.845874
TPY-0132,1.338432,103.845322
TPY-0133,1.338463,103.845752
TPY-0134,1.338375,103.844914
TPY-0135,1.337688,103.84426
TPY-0136,1.33769,103.844142
TPY-0137,1.337697,103.844391
TPY-0138,1.338379,103.84455
TPY-0139,1.335667,103.845949
TPY-013A,1.335667,103.845779
TPY-013B,1.335669,103.845914
TPY-013C,1.33567,103.845816
TPY-013D,1.335597,103.84494
TPY-013E,1.335596,103.845102
TPY-013F,1.335667,103.84498
TPY-0140,1.335666,103.844943
TPY-0141,1.335668,103.845116
TPY-0142,1.335669,103.845077
TPY-0143,1.335709,103.843893
TPY-0144,1.335712,103.843715
TPY-0145,1.335643,103.843702
TPY-0146,1.335319,103.844291
TPY-0147,1.335539,103.844107
TPY-0148,1.335525,103.844122
TPY-0149,1.335589,103.84417
TPY-014A,1.335123,103.846319
TPY-014B,1.335093,103.846326
TPY-014C,1.335093,103.846285
TPY-014D,1.334573,103.846588
TPY-014E,1.334545,103.846615
TPY-014F,1.334547,103.846574
TPY-0150,1.33449,103.844947
TPY-0151,1.334874,103.843688
TPY-0152,1.334892,103.843712
TPY-0153,1.333757,103.843688
TPY-0154,1.333757,103.843654
TPY-0155,1.33429,103.845889
TPY-0156,1.334222,103.846021
TPY-0157,1.333785,103.845549
TPY-0158,1.333095,103.846046
TPY-0159,1.332851,103.845608
TPY-015A,1.332512,103.845438
TPY-015B,1.332508,103.844711
TPY-015C,1.332544,103.844666
TPY-015D,1.332465,103.845921
TPY-015E,1.332272,103.845527
TPY-015F,1.331425,103.845076
TPY-0160,1.330484,103.845563
TPY-0161,1.330864,103.845564
TPY-0162,1.330985,103.845213
TPY-0163,1.330981,103.845357
TPY-0164,1.330472,103.844654
TPY-0165,1.331872,103.844281
TPY-0166,1.332224,103.843873
TPY-0167,1.33188,103.844365
TPY-0168,1.331783,103.842873
TPY-0169,1.33132,103.84251
TPY-016A,1.331283,103.84242
TPY-016B,1.331322,103.842741
TPY-016C,1.331461,103.842921
TPY-016D,1.331462,103.842644
TPY-016E,1.330801,103.842927
TPY-016F,1.330811,103.84315
TPY-0170,1.330769,103.842956
TPY-0171,1.3307,103.842527
TPY-0172,1.330689,103.842736
TPY-0173,1.330311,103.843131
TPY-0174,1.330353,103.84295
TPY-0175,1.330039,103.842423
TPY-0176,1.330038,103.842563
TPY-0177,1.330049,103.842939
TPY-0178,1.330041,103.84209
TPY-0179,1.330474,103.841891
TPY-017A,1.330853,103.841891
TPY-017B,1.331825,103.850861
TPY-017C,1.331946,103.851182
TPY-017D,1.331577,103.850264
TPY-017E,1.331528,103.850212
TPY-017F,1.331418,103.850935
TPY-0180,1.331456,103.851124
TPY-0181,1.330479,103.858318
TPY-0182,1.330024,103.858186
TPY-0183,1.330102,103.858447
TPY-0184,1.330388,103.859443
TPY-0185,1.330485,103.858868
TPY-0186,1.330882,103.859448
TPY-0187,1.330829,103.858861
TPY-0188,1.331257,103.8592
TPY-0189,1.331223,103.859213
TPY-018A,1.342012,103.85038
TPY-018B,1.341983,103.850923
TPY-018C,1.341992,103.850348
TPY-018D,1.342023,103.850311
TPY-018E,1.341539,103.851068
TPY-018F,1.341658,103.850993
TPY-0190,1.341618,103.850064
TPY-0191,1.341256,103.850064
TPY-0192,1.341162,103.85016
TPY-0193,1.341295,103.849565
TPY-0194,1.341393,103.849559
TPY-0195,1.341789,103.849566
TPY-0196,1.341831,103.849565
TPY-0197,1.34123,103.849566
TPY-0198,1.342157,103.849556
TPY-0199,1.341505,103.848843
TPY-019A,1.341507,103.848929
TPY-019B,1.341507,103.849023
TPY-019C,1.341504,103.849324
TPY-019D,1.341503,103.849384
TPY-019E,1.341504,103.848811
TPY-019F,1.341506,103.849185
TPY-01A0,1.342186,103.847631
TPY-01A1,1.342213,103.847277
TPY-01A2,1.342224,103.847631
TPY-01A3,1.342218,103.847413
TPY-01A4,1.341998,103.848216
TPY-01A5,1.342437,103.846458
TPY-01A6,1.342439,103.846682
TPY-01A7,1.342379,103.845037
TPY-01A8,1.342378,103.845369
TPY-01A9,1.342377,103.845504
TPY-01AA,1.341883,103.84545
TPY-01AB,1.341888,103.845167
TPY-01AC,1.341888,103.845051
TPY-01AD,1.34172,103.844786
TPY-01AE,1.341815,103.844784
TPY-01B1,1.341012,103.854764
TPY-01B2,1.341829,103.854023
TPY-01B3,1.341753,103.855041
TPY-01B4,1.342421,103.854115
TPY-01B5,1.342608,103.854595
TPY-01B6,1.342672,103.855082
TPY-01B7,1.342767,103.855851
TPY-01B8,1.34277,103.855565
TPY-01B9,1.342808,103.856454
TPY-01BA,1.342618,103.856459
TPY-01BB,1.342428,103.856973
TPY-01BC,1.341767,103.856234
TPY-01BD,1.341774,103.855567
TPY-01BE,1.341195,103.85549
TPY-01BF,1.34115,103.856096
TPY-01C0,1.339474,103.856361
TPY-01C1,1.339505,103.85666
TPY-01C2,1.339502,103.857576
TPY-01C3,1.33951,103.858358
TPY-01C4,1.339135,103.859159
TPY-01C5,1.33876,103.859283
TPY-01C6,1.338296,103.859388
TPY-01C7,1.336962,103.85948
TPY-01C8,1.337568,103.859476
TPY-01C9,1.337563,103.859171
TPY-01CA,1.337851,103.858447
TPY-01CB,1.338945,103.856785
TPY-01CC,1.340312,103.851953
TPY-01CD,1.340608,103.851947
TPY-01CE,1.340276,103.852631
TPY-01CF,1.340198,103.852584
TPY-01D0,1.339992,103.851872
TPY-01D1,1.339941,103.851957
TPY-01D2,1.340194,103.851516
TPY-01D3,1.340446,103.85106
TPY-01D4,1.340889,103.850966
TPY-01D5,1.340675,103.850619
TPY-01D6,1.330527,103.855488
TPY-01D7,1.330766,103.856397
TPY-01D8,1.330709,103.856393
TPY-01D9,1.330656,103.856392
TPY-01DA,1.330561,103.85639
TPY-01DB,1.330806,103.856081
TPY-01DC,1.330823,103.855754
TPY-01DD,1.331429,103.855254
TPY-01DE,1.331359,103.855236
TPY-01DF,1.331614,103.85532
TPY-01E0,1.331369,103.855754
TPY-01E1,1.331277,103.856922
TPY-01E2,1.331741,103.856508
TPY-01E3,1.33174,103.858045
TPY-01E4,1.332184,103.858627
TPY-01E5,1.33258,103.857315
TPY-01E6,1.33258,103.857265
TPY-01E7,1.33258,103.856982
TPY-01E8,1.332651,103.857845
TPY-01E9,1.333426,103.857851
TPY-01EA,1.333192,103.847009
TPY-01EB,1.333194,103.84709
TPY-01EC,1.332996,103.847677
TPY-01ED,1.333496,103.847395
TPY-01EE,1.336088,103.858096
TPY-01EF,1.336258,103.858552
TPY-01F0,1.334203,103.854154
TPY-01F1,1.333793,103.851808
TPY-01F2,1.333811,103.851857
TPY-01F3,1.33449,103.847504
TPY-01F4,1.334577,103.8475
TPY-01F5,1.33449,103.847551
TPY-01F6,1.334709,103.847636
TPY-01F7,1.335326,103.8494
TPY-01F8,1.335594,103.850196
TPY-01F9,1.335581,103.85012
TPY-01FA,1.33596,103.848988
TPY-01FB,1.335992,103.848881
TPY-01FC,1.335278,103.847109
TPY-01FD,1.335361,103.847054
TPY-01FE,1.338814,103.846946
TPY-01FF,1.338707,103.846904
TPY-0200,1.338731,103.846825
TPY-0201,1.339812,103.84725
TPY-0202,1.339809,103.84732
TPY-0203,1.339809,103.84732
TPY-0204,1.338291,103.845982
TPY-0205,1.337393,103.843054
TPY-0206,1.337383,103.843085
TPY-0207,1.337353,103.843153
TPY-0208,1.337366,103.843219
TPY-0209,1.337584,103.843297
TPY-020A,1.337635,103.843233
TPY-020B,1.337546,103.843285
TPY-020C,1.338283,103.843201
TPY-020D,1.338343,103.84332
TPY-020E,1.33838,103.843458
TPY-020F,1.338517,103.843409
TPY-0210,1.338413,103.84344
TPY-0211,1.338475,103.843336
TPY-0212,1.338539,103.843395
TPY-0213,1.336644,103.845399
TPY-0214,1.336704,103.845418
TPY-0215,1.336211,103.844054
TPY-0216,1.336235,103.844004
TPY-0217,1.336242,103.843956
TPY-0218,1.336171,103.843989
TPY-0219,1.336178,103.843798
TPY-021A,1.33377,103.845142
TPY-021B,1.330246,103.842568
TPY-021C,1.338842,103.858202
TPY-021D,1.335658,103.85832
TPY-021E,1.335681,103.858439
TPY-021F,1.335622,103.858495
TPY-0220,1.335626,103.858624
TPY-0221,1.335752,103.85133
TPY-0222,1.335743,103.851233
TPY-0223,1.335885,103.851454
TPY-0224,1.335888,103.851102
TPY-0225,1.33592,103.851138
TPY-0226,1.334804,103.848125
TPY-0227,1.334586,103.848174
TPY-0228,1.33455,103.847868
TPY-0229,1.334607,103.84823
TPY-022A,1.334539,103.847781
TPY-022B,1.335325,103.849734
TPY-022C,1.336021,103.84966
TPY-022D,1.336035,103.849731
TPY-022E,1.335584,103.84876
TPY-022F,1.335606,103.84893
TPY-0230,1.335534,103.848924
TPY-0231,1.335838,103.846848
TPY-0232,1.338793,103.847165
TPY-0233,1.338752,103.847271
TPY-0234,1.339578,103.847675
TPY-0235,1.339465,103.847595
TPY-0236,1.339404,103.847594
TPY-0237,1.337506,103.842489
TPY-0238,1.337456,103.842522
TPY-0239,1.337576,103.842611
TPY-023A,1.337552,103.842787
TPY-023B,1.337518,103.842567
TPY-023C,1.337412,103.842672
TPY-023D,1.337497,103.842807
TPY-023E,1.338428,103.84298
TPY-023F,1.338376,103.84299
TPY-0240,1.338303,103.842941
TPY-0241,1.338507,103.842812
TPY-0242,1.338463,103.842914
TPY-0243,1.33833,103.842925
TPY-0244,1.338352,103.842958
TPY-0245,1.336221,103.845434
TPY-0246,1.336279,103.845401
TPY-0247,1.336174,103.845373
TPY-0248,1.334573,103.848475
TPY-0249,1.33463,103.848725
TPY-024A,1.334614,103.848616
TPY-024B,1.33453,103.84847
TPY-024C,1.339263,103.847591
TPY-024D,1.339316,103.84759
TPY-024E,1.336171,103.844645
TPY-024F,1.336212,103.84471
TPY-0250,1.33623,103.844695
TPY-0251,1.336265,103.844679
TPY-0252,1.336159,103.844657
TPY-0253,1.33483,103.84912
TPY-0254,1.334758,103.849108
TPY-0255,1.334798,103.849292
TPY-0256,1.334578,103.84967
TPY-0257,1.334818,103.849569
TPY-0258,1.334659,103.849743
TPY-0259,1.334659,103.849811
TPY-025A,1.334564,103.849664
TPY-025B,1.333517,103.850185
TPY-025C,1.331622,103.868802
TPY-025D,1.332894,103.868706
TPY-025E,1.333709,103.868785
TPY-025F,1.333627,103.869092
TPY-0260,1.33469,103.868382
TPY-0261,1.336799,103.863136
TPY-0262,1.336799,103.863518
TPY-0263,1.33734,103.862602
TPY-0264,1.337281,103.863002
TPY-0265,1.336033,103.863043
TPY-0266,1.336418,103.863012
TPY-0267,1.334573,103.862885
TPY-0268,1.334577,103.862954
TPY-0269,1.335757,103.86544
TPY-026A,1.335757,103.865387
TPY-026B,1.335748,103.865699
TPY-026C,1.334927,103.86605
TPY-026D,1.334907,103.866112
TPY-026E,1.334376,103.866071
TPY-026F,1.334704,103.866484
TPY-0270,1.333284,103.866162
TPY-0271,1.33328,103.865687
TPY-0272,1.333714,103.866728
TPY-0273,1.333082,103.866887
TPY-0274,1.333415,103.867213
TPY-0275,1.332748,103.866546
TPY-0276,1.332816,103.866532
TPY-0277,1.332888,103.866388
TPY-0279,1.334052,103.879295
TPY-027A,1.333982,103.879826
TPY-027B,1.33403,103.880157
TPY-027C,1.333995,103.879944
TPY-027D,1.333942,103.879643
TPY-027E,1.333587,103.879406
TPY-027F,1.333618,103.879569
TPY-0280,1.334718,103.878771
TPY-0281,1.335042,103.878936
TPY-0282,1.334836,103.879537
TPY-0283,1.334726,103.880098
TPY-0284,1.335121,103.880636
TPY-0285,1.335861,103.879169
TPY-0286,1.335808,103.87926
TPY-0287,1.336062,103.879783
TPY-0288,1.335375,103.880087
TPY-0289,1.3365,103.880301
TPY-028A,1.336238,103.881406
TPY-028B,1.336387,103.880666
TPY-028C,1.336308,103.881502
TPY-028D,1.336776,103.881236
TPY-028E,1.336702,103.881384
TPY-028F,1.336847,103.881084
TPY-0290,1.334757,103.880936
TPY-0291,1.33459,103.881041
TPY-0292,1.334231,103.881546
TPY-0293,1.334161,103.881511
TPY-0294,1.334065,103.880827
TPY-0295,1.33569,103.836894
TPY-0297,1.336303,103.845748
TPY-0298,1.336266,103.844132
TPY-0299,1.336262,103.844988
TPY-029A,1.336253,103.845711
TPY-029B,1.334558,103.888253
TPY-029C,1.33597,103.887735
TPY-029D,1.33321,103.846582
TPY-029E,1.334506,103.861638
TPY-029F,1.334498,103.860746
TPY-02A0,1.334941,103.860838
TPY-02A1,1.331222,103.869442
TPY-02A2,1.343585,103.878822
TPY-02A3,1.342191,103.880336
TPY-02A4,1.334435,103.859261
TPY-02A5,1.332442,103.867056
TPY-02A6,1.333095,103.847995
TPY-02A7,1.333141,103.848028
TPY-02A8,1.333104,103.848689
TPY-02A9,1.33306,103.848901
TPY-02AA,1.33971,103.871053
TPY-02AB,1.337066,103.839407
TPY-02AC,1.336668,103.870244
TPY-02AD,1.342035,103.870973
TPY-02AE,1.338523,103.870466
TPY-02AF,1.338364,103.870849
TPY-02B0,1.338702,103.841734
TPY-02B1,1.340967,103.847897
TPY-02B2,1.336153,103.843241
TPY-02B3,1.337795,103.838439
TPY-02B4,1.333454,103.878365
TPY-02B5,1.332764,103.868901
TPY-02B6,1.331652,103.868936
TPY-02B7,1.34431,103.840178
TPY-02B8,1.332556,103.846008
TPY-02BA,1.338311,103.85335
TPY-02BB,1.331475,103.852614
TPY-02BC,1.335373,103.85872
TPY-02BD,1.335228,103.866587
TPY-02BE,1.332783,103.868136
TPY-02BF,1.339736,103.857984
TPY-02C1,1.337561,103.859881
TPY-02C2,1.340139,103.852835
TPY-02C3,1.333229,103.88715
TPY-02C4,1.343595,103.874954
TPY-02C5,1.340558,103.838894
TPY-02C6,1.343318,103.851592
TPY-02C8,1.338089,103.839384
TPY-02C9,1.338967,103.846632
TPY-02CB,1.335975,103.865253
TPY-02CC,1.333912,103.870404
TPY-02CD,1.333933,103.870474
TPY-02CE,1.333475,103.870367
TPY-02CF,1.333329,103.870803
TPY-02D0,1.333324,103.870775
TPY-02D1,1.333915,103.871138
TPY-02D2,1.333912,103.87111
TPY-02D3,1.333586,103.871193
TPY-02D4,1.333481,103.870337
TPY-02D5,1.336533,103.872715
TPY-02D6,1.336375,103.87282
TPY-02D7,1.336378,103.872802
TPY-02D8,1.337128,103.872931
TPY-02D9,1.337038,103.872768
TPY-02DA,1.337059,103.872771
TPY-02DB,1.337271,103.873604
TPY-02DC,1.336932,103.87377
TPY-02DD,1.337002,103.873722
TPY-02DE,1.336944,103.873766
TPY-02DF,1.33689,103.873794
TPY-02E0,1.336907,103.873756
TPY-02E2,1.33294,103.855355
TPY-02E3,1.3332,103.85556
TPY-02E4,1.33361,103.854982
TPY-02E5,1.337312,103.87086
TPY-02E6,1.337329,103.870927
TPY-02E7,1.337392,103.870895
TPY-02E8,1.337007,103.871878
TPY-02E9,1.337233,103.872022
TPY-02EA,1.337187,103.872019
TPY-02EB,1.33714,103.872015
TPY-02EC,1.33661,103.871922
TPY-02ED,1.336517,103.87191
TPY-02EE,1.336175,103.87186
TPY-02EF,1.33588,103.871616
TPY-02F0,1.33583,103.871711
TPY-02F1,1.335992,103.871694
TPY-02F2,1.335992,103.871783
TPY-02F3,1.335043,103.87108
TPY-02F4,1.335043,103.87117
TPY-02F5,1.335914,103.870814
TPY-02F6,1.335959,103.870822
TPY-02F7,1.336048,103.870811
TPY-02F8,1.336046,103.870875
TPY-02FB,1.337428,103.840248
TPY-02FC,1.337435,103.840243
TPY-02FD,1.337865,103.840876
TPY-02FE,1.337792,103.840493
TPY-02FF,1.338227,103.840296
TPY-0300,1.33386,103.872877
TPY-0301,1.33411,103.873228
TPY-0302,1.333435,103.872824
TPY-0303,1.333744,103.872833
TPY-0304,1.334255,103.873111
TPY-0305,1.33293,103.868482
TPY-0306,1.33317,103.868622
TPY-0307,1.3332,103.868488
TPY-0308,1.333228,103.868359
TPY-0309,1.335856,103.873381
TPY-030A,1.335441,103.873302
TPY-030B,1.336095,103.872707
TPY-030C,1.336036,103.873094
TPY-030D,1.334598,103.873257
TPY-030E,1.33465,103.873167
TPY-030F,1.33514,103.87322
TPY-0310,1.334978,103.873369
TPY-0311,1.33543,103.872547
TPY-0312,1.335225,103.872369
TPY-0313,1.334676,103.873074
TPY-0314,1.335646,103.872484
TPY-0315,1.334877,103.872238
TPY-0316,1.334449,103.871828
TPY-0317,1.335011,103.87243
TPY-0318,1.33493,103.872124
TPY-0319,1.333591,103.872153
TPY-031A,1.333441,103.872481
TPY-031B,1.334225,103.871904
TPY-031C,1.334166,103.872306
TPY-031D,1.340419,103.854821
TPY-031E,1.342745,103.856988
TPY-031F,1.328528,103.870428
TPY-0320,1.34299,103.871662
TPY-0321,1.343033,103.871806
TPY-0322,1.341215,103.872542
TPY-0323,1.341902,103.87218
TPY-0324,1.341963,103.871275
TPY-0325,1.341046,103.871334
TPY-0326,1.342489,103.872249
TPY-0327,1.341436,103.872328
TPY-0328,1.341514,103.871276
TPY-0329,1.342307,103.871212
TPY-032A,1.341902,103.87218
TPY-032B,1.34299,103.871662
TPY-032C,1.343033,103.871806
TPY-032D,1.342489,103.872249
TPY-032E,1.341215,103.872542
TPY-032F,1.341514,103.871276
TPY-0330,1.341963,103.871275
TPY-0331,1.342307,103.871212
TPY-0332,1.341046,103.871334
TPY-0333,1.341436,103.872328
TPY-0334,1.343277,103.876426
TPY-0335,1.343243,103.876411
TPY-0336,1.343679,103.876166
TPY-0337,1.343507,103.875626
TPY-0338,1.342812,103.875875
TPY-0339,1.342289,103.874759
TPY-033A,1.342205,103.874381
TPY-033B,1.342196,103.873806
TPY-033C,1.342578,103.873197
TPY-033D,1.34304,103.875237
TPY-033E,1.342653,103.873588
TPY-033F,1.342536,103.874178
TPY-0340,1.342952,103.874481
TPY-0341,1.331698,103.859186
TPY-0342,1.331985,103.859696
TPY-0343,1.332023,103.858971
TPY-0344,1.34106,103.846701
TPY-0345,1.340677,103.847509
TPY-0346,1.337202,103.859714
TPY-0347,1.337239,103.884827
TPY-0348,1.337452,103.884942
TPY-0349,1.3406,103.871175
TPY-034A,1.339601,103.872464
TPY-034B,1.339594,103.872037
TPY-034C,1.338257,103.855626
TPY-034D,1.336268,103.85745
TPY-034E,1.339725,103.854465
TPY-034F,1.339576,103.843715
TPY-0350,1.339474,103.843756
TPY-0351,1.339379,103.843654
TPY-0352,1.339534,103.843318
TPY-0353,1.339471,103.843174
TPY-0354,1.339266,103.843203
TPY-0355,1.339981,103.843156
TPY-0356,1.339978,103.843054
TPY-0357,1.340591,103.843315
TPY-0358,1.340522,103.84319
TPY-0359,1.340323,103.843135
TPY-035A,1.330524,103.845348
TPY-035B,1.33197,103.85662
TPY-035C,1.33164,103.856537
TPY-035D,1.33534,103.846033
TPY-035E,1.335309,103.845997
TPY-035F,1.342485,103.869295
TPY-0360,1.333573,103.858616
TPY-0361,1.333418,103.859293
TPY-0362,1.332961,103.858373
TPY-0363,1.334926,103.88808
TPY-0364,1.33603,103.887693
TPY-0365,1.341484,103.870438
TPY-0366,1.337938,103.857371
TPY-0367,1.338989,103.874708
TPY-0368,1.338562,103.875248
TPY-0369,1.338062,103.874422
TPY-036A,1.341906,103.880917
TPY-036B,1.342028,103.87987
TPY-036C,1.341794,103.879574
TPY-036D,1.34147,103.880241
TPY-036E,1.341169,103.879794
TPY-036F,1.341579,103.879118
TPY-0370,1.341275,103.878724
TPY-0371,1.340948,103.878317
TPY-0372,1.340664,103.878724
TUS-0002,1.3183,103.639336
TUS-0004,1.328254,103.648313
TUS-0005,1.290547,103.624644
TUS-0006,1.293777,103.62194
TUS-0008,1.294588,103.631916
TUS-000A,1.276256,103.635742
TUS-000B,1.275129,103.624062
TUS-000C,1.27423,103.632452
TUS-000D,1.292854,103.643219
TUS-000E,1.320479,103.649258
TUS-000F,1.320894,103.649633
TUS-0010,1.329852,103.640183
TUS-0011,1.330054,103.640032
TUS-0012,1.3297,103.639451
TUS-0013,1.340873,103.636742
TUS-0014,1.340618,103.6373
TUS-0015,1.280259,103.636302
TUS-0017,1.308263,103.64979
TUS-0018,1.265197,103.621373
TUS-0019,1.286261,103.623539
TUS-001A,1.337532,103.647804
TUS-001B,1.329261,103.637301
TUS-001C,1.316075,103.645856
TUS-001D,1.324128,103.64607
TUS-001E,1.311993,103.629746
TUS-0020,1.305055,103.625518
TUS-0021,1.302547,103.627671
TUS-0023,1.298115,103.625006
TUS-0024,1.27102,103.629368
TUS-002B,1.333478,103.643715
TUS-002C,1.297459,103.629207
TUS-002D,1.288534,103.633916
TUS-002E,1.317676,103.652329
TUS-0030,1.32968,103.642952
TUS-0031,1.324027,103.638605
TUS-0032,1.319044,103.630662
TUS-0033,1.317221,103.651794
TUS-0034,1.31721,103.652416
TUS-0035,1.289275,103.625917
TUS-0036,1.323515,103.658885
TUS-0037,1.270278,103.633909
TUS-0039,1.293682,103.623593
TUS-003A,1.313616,103.655378
TUS-003B,1.294426,103.636378
TUS-003C,1.325559,103.651934
TUS-003D,1.331665,103.638011
TUS-003E,1.307964,103.649815
TUS-003F,1.317502,103.629739
TUS-0040,1.289142,103.630236
TUS-0041,1.288711,103.635928
TUS-0042,1.291056,103.636838
TUS-0043,1.293311,103.637011
TUS-0044,1.311269,103.627805
TUS-0045,1.288916,103.633128
TUS-0046,1.335512,103.635344
TUS-0047,1.339191,103.636461
TUS-0048,1.332235,103.649812
TUS-0049,1.327358,103.655097
TUS-004A,1.324354,103.664148
TUS-004B,1.317263,103.658205
TUS-004C,1.327413,103.645607
TUS-004D,1.329402,103.643518
TUS-004E,1.332389,103.649831
TUS-004F,1.327817,103.654456
TUS-0050,1.325392,103.657178
TUS-0051,1.33534,103.635105
TUS-0052,1.335563,103.641526
TUS-0053,1.329782,103.640818
TUS-0054,1.329763,103.640968
TUS-0055,1.295726,103.632911
TUS-0056,1.333728,103.65177
TUS-0057,1.314323,103.628936
TUS-0058,1.328737,103.63726
TUS-0059,1.34778,103.637469
TUS-005A,1.34422,103.640627
TUS-005B,1.317442,103.630086
TUS-005C,1.310834,103.652522
TUS-005D,1.313304,103.654839
TUS-005E,1.298489,103.623075
TUS-005F,1.32004,103.631033
TUS-0060,1.289502,103.627413
TUS-0061,1.329348,103.632716
TUS-0062,1.308539,103.626803
TUS-0063,1.311239,103.627807
TUS-0064,1.334275,103.64785
WDL-0001,1.44124,103.80094
WDL-0002,1.440202,103.800046
WDL-0003,1.432457,103.775466
WDL-0004,1.443772,103.80602
WDL-0005,1.443879,103.781686
WDL-0006,1.44635,103.777003
WDL-0007,1.429727,103.780671
WDL-0008,1.441913,103.774475
WDL-0009,1.427156,103.793545
WDL-000A,1.427556,103.793531
WDL-000B,1.426444,103.794396
WDL-000C,1.42748,103.795032
WDL-000D,1.447893,103.78554
WDL-000E,1.448653,103.785263
WDL-000F,1.436776,103.773699
WDL-0010,1.437188,103.77393
WDL-0011,1.436851,103.774376
WDL-0012,1.436821,103.774086
WDL-0013,1.437593,103.774078
WDL-0014,1.437556,103.773773
WDL-0015,1.437211,103.773788
WDL-0016,1.437203,103.773706
WDL-0017,1.438072,103.773788
WDL-0018,1.438245,103.773788
WDL-0019,1.437548,103.773676
WDL-001A,1.438058,103.774116
WDL-001B,1.449306,103.802045
WDL-001C,1.448766,103.802149
WDL-001D,1.446726,103.799774
WDL-001E,1.446758,103.799756
WDL-001F,1.448504,103.802499
WDL-0020,1.448557,103.802614
WDL-0021,1.448849,103.802089
WDL-0022,1.448916,103.802186
WDL-0023,1.436739,103.774734
WDL-0024,1.436746,103.774384
WDL-0025,1.448598,103.802664
WDL-0026,1.448819,103.802912
WDS-0001,1.43303,103.773572
WDS-0002,1.428399,103.793162
WDS-0003,1.433545,103.801322
WDS-0004,1.441255,103.804412
WDS-0005,1.439706,103.775435
WDS-0007,1.440717,103.803081
WLS-0001,1.432426,103.773832
WLS-0002,1.440892,103.80106
WLS-0003,1.428613,103.788338
WLS-0004,1.430922,103.783783
WLS-0005,1.42946,103.780821
WLS-0006,1.429496,103.780518
WLS-0007,1.42925,103.777476
WLS-0008,1.431675,103.798114
WLS-0009,1.443826,103.806162
WLS-000A,1.44445,103.807272
WLS-000B,1.4317,103.786203
WLS-000D,1.451641,103.778866
WLS-000E,1.442457,103.784844
WLS-000F,1.440678,103.775333
WLS-0010,1.43995,103.777342
WLS-0011,1.439602,103.775993
WLS-0012,1.439026,103.775244
WLS-0013,1.440282,103.77573
WLS-0014,1.439706,103.775113
WLS-0015,1.44206,103.776288
WLS-0016,1.44167,103.776608
WLS-0017,1.441429,103.777472
WLS-0018,1.441233,103.776383
WLS-0019,1.44085,103.777375
WLS-001A,1.440369,103.77803
WLS-001B,1.440421,103.778536
WLS-001C,1.441314,103.778461
WLS-001D,1.441188,103.778047
WLS-001E,1.441161,103.777813
WLS-001F,1.441063,103.779213
WLS-0020,1.441958,103.77774
WLS-0021,1.442269,103.77748
WLS-0022,1.442701,103.778046
WLS-0023,1.44306,103.778026
WLS-0024,1.443982,103.777671
WLS-0025,1.443754,103.776839
WLS-0026,1.441666,103.774038
WLS-0027,1.442137,103.774641
WLS-0028,1.441579,103.773645
WLS-0029,1.441543,103.772254
WLS-002A,1.441912,103.77197
WLS-002B,1.441922,103.772927
WLS-002C,1.442192,103.774116
WLS-002D,1.442802,103.773646
WLS-002E,1.442985,103.773286
WLS-002F,1.442683,103.772065
WLS-0030,1.442865,103.772052
WLS-0031,1.443374,103.772982
WLS-0032,1.443176,103.772722
WLS-0033,1.443612,103.772018
WLS-0034,1.443944,103.772013
WLS-0035,1.445083,103.771815
WLS-0036,1.444893,103.77182
WLS-0037,1.445456,103.772045
WLS-0038,1.445642,103.771804
WLS-0039,1.445448,103.771813
WLS-003A,1.439187,103.779434
WLS-003B,1.438869,103.779395
WLS-003C,1.438449,103.779851
WLS-003D,1.437432,103.778484
WLS-003E,1.437784,103.778974
WLS-003F,1.438142,103.77899
WLS-0040,1.436675,103.777138
WLS-0041,1.438427,103.777194
WLS-0042,1.438136,103.777408
WLS-0043,1.438135,103.77748
WLS-0044,1.437712,103.777416
WLS-0045,1.43771,103.77749
WLS-0046,1.437431,103.776815
WLS-0047,1.437065,103.776753
WLS-0048,1.436147,103.773426
WLS-0049,1.436152,103.77428
WLS-004A,1.435804,103.774179
WLS-004B,1.435796,103.773306
WLS-004C,1.435477,103.774511
WLS-004D,1.435124,103.774522
WLS-004E,1.434436,103.775632
WLS-004F,1.434783,103.77487
WLS-0050,1.434438,103.775074
WLS-0051,1.43409,103.775021
WLS-0052,1.433697,103.774693
WLS-0053,1.433393,103.774987
WLS-0054,1.433313,103.773699
WLS-0055,1.432947,103.773213
WLS-0056,1.432991,103.774067
WLS-0057,1.432994,103.774196
WLS-0058,1.432878,103.774927
WLS-0059,1.433001,103.776545
WLS-005A,1.433639,103.776767
WLS-005B,1.434118,103.775974
WLS-005C,1.4341,103.775996
WLS-005E,1.433935,103.777817
WLS-005F,1.432988,103.778263
WLS-0060,1.433643,103.777663
WLS-0061,1.43438,103.77826
WLS-0062,1.439582,103.778466
WLS-0063,1.442524,103.775252
WLS-0064,1.443119,103.77534
WLS-0065,1.44382,103.774336
WLS-0066,1.444007,103.773657
WLS-0067,1.445028,103.773989
WLS-0068,1.445407,103.77362
WLS-0069,1.446239,103.773119
WLS-006A,1.446418,103.772077
WLS-006B,1.447004,103.771645
WLS-006C,1.447714,103.772102
WLS-006D,1.446731,103.77238
WLS-006E,1.446475,103.77374
WLS-006F,1.431678,103.773342
WLS-0070,1.431723,103.774754
WLS-0071,1.431856,103.775074
WLS-0072,1.429414,103.776847
WLS-0073,1.429788,103.776744
WLS-0074,1.430097,103.776072
WLS-0077,1.431528,103.776172
WLS-0078,1.431837,103.776335
WLS-0079,1.431896,103.776882
WLS-007A,1.431513,103.777517
WLS-007B,1.430091,103.77948
WLS-007C,1.429842,103.778454
WLS-007D,1.429452,103.778367
WLS-007E,1.430194,103.780784
WLS-007F,1.436249,103.780967
WLS-0080,1.436042,103.781922
WLS-0081,1.436406,103.781428
WLS-0082,1.436802,103.781514
WLS-0083,1.437176,103.78143
WLS-0084,1.437574,103.781828
WLS-0085,1.438197,103.781344
WLS-0086,1.438171,103.78079
WLS-0087,1.438519,103.780117
WLS-0088,1.438781,103.780359
WLS-0089,1.43905,103.781016
WLS-008A,1.431872,103.779382
WLS-008B,1.431553,103.779041
WLS-008C,1.432718,103.783996
WLS-008D,1.431592,103.784417
WLS-008E,1.43181,103.785041
WLS-008F,1.432229,103.785119
WLS-0090,1.432883,103.784664
WLS-0091,1.433208,103.784818
WLS-0092,1.433244,103.784529
WLS-0093,1.433736,103.783814
WLS-0094,1.434116,103.783863
WLS-0095,1.434126,103.784454
WLS-0096,1.434098,103.784974
WLS-0097,1.433826,103.785312
WLS-0098,1.433833,103.785629
WLS-0099,1.433999,103.787039
WLS-009A,1.433789,103.787515
WLS-009B,1.433558,103.78662
WLS-009C,1.433252,103.786784
WLS-009D,1.433234,103.787198
WLS-009E,1.432524,103.787276
WLS-009F,1.432425,103.786891
WLS-00A0,1.431299,103.781364
WLS-00A1,1.431676,103.7814
WLS-00A2,1.432111,103.781405
WLS-00A3,1.432304,103.780058
WLS-00A4,1.433278,103.781722
WLS-00A5,1.4331,103.782008
WLS-00A6,1.43376,103.782742
WLS-00A7,1.433676,103.782076
WLS-00A8,1.438307,103.794212
WLS-00A9,1.437286,103.793963
WLS-00AA,1.437171,103.794337
WLS-00AB,1.426604,103.774033
WLS-00B0,1.427267,103.774774
WLS-00B1,1.427748,103.774631
WLS-00B2,1.428091,103.77459
WLS-00B3,1.428497,103.774631
WLS-00B4,1.428958,103.774538
WLS-00B5,1.428871,103.773921
WLS-00B6,1.428337,103.773666
WLS-00B7,1.427819,103.774015
WLS-00B8,1.427874,103.773492
WLS-00B9,1.427808,103.772457
WLS-00BA,1.428112,103.772771
WLS-00BB,1.428486,103.772818
WLS-00BC,1.428686,103.773419
WLS-00BE,1.429942,103.772269
WLS-00BF,1.430316,103.772285
WLS-00C3,1.432767,103.78935
WLS-00C4,1.432927,103.78852
WLS-00C5,1.43361,103.78865
WLS-00C6,1.434265,103.78872
WLS-00C7,1.433972,103.78948
WLS-00C8,1.434558,103.789808
WLS-00C9,1.434715,103.790562
WLS-00CA,1.434794,103.791082
WLS-00CB,1.433864,103.791556
WLS-00CC,1.434553,103.791504
WLS-00CD,1.434725,103.791922
WLS-00CE,1.434338,103.792645
WLS-00CF,1.434,103.793275
WLS-00D0,1.433783,103.794123
WLS-00D1,1.433443,103.794271
WLS-00D2,1.432432,103.793743
WLS-00D3,1.432278,103.793324
WLS-00D4,1.433058,103.79271
WLS-00D5,1.437812,103.792022
WLS-00D6,1.437917,103.792652
WLS-00D7,1.437891,103.793182
WLS-00D8,1.437488,103.79364
WLS-00D9,1.438325,103.793234
WLS-00DA,1.438304,103.792459
WLS-00DB,1.437734,103.791315
WLS-00DC,1.437891,103.790628
WLS-00DD,1.437242,103.790399
WLS-00DE,1.437577,103.789749
WLS-00DF,1.436849,103.790602
WLS-00E0,1.436838,103.789858
WLS-00E1,1.436404,103.790556
WLS-00E2,1.436393,103.789869
WLS-00E3,1.436001,103.79053
WLS-00E4,1.436022,103.789536
WLS-00E5,1.43564,103.790457
WLS-00E6,1.435634,103.789661
WLS-00E7,1.436069,103.791539
WLS-00E8,1.435629,103.791825
WLS-00E9,1.435613,103.792558
WLS-00EA,1.436456,103.79286
WLS-00EB,1.43688,103.792584
WLS-00EC,1.43698,103.793146
WLS-00ED,1.436493,103.793989
WLS-00EE,1.436069,103.794192
WLS-00EF,1.435744,103.79415
WLS-00F0,1.435399,103.794717
WLS-00F1,1.435095,103.795149
WLS-00F2,1.435818,103.795237
WLS-00F3,1.436158,103.795185
WLS-00F4,1.436551,103.79543
WLS-00F5,1.446514,103.804723
WLS-00F6,1.44637,103.80555
WLS-00F7,1.445922,103.805874
WLS-00F8,1.445595,103.805601
WLS-00F9,1.445338,103.805311
WLS-00FA,1.445545,103.804835
WLS-00FB,1.445954,103.805161
WLS-00FC,1.447459,103.804002
WLS-00FD,1.446993,103.803987
WLS-00FE,1.446993,103.803411
WLS-00FF,1.446566,103.803822
WLS-0100,1.443255,103.80182
WLS-0101,1.443852,103.801815
WLS-0102,1.443915,103.802551
WLS-0103,1.445166,103.80111
WLS-0104,1.443975,103.801227
WLS-0105,1.448704,103.800738
WLS-0106,1.448878,103.800881
WLS-0107,1.449026,103.801056
WLS-0108,1.44915,103.801677
WLS-0109,1.448323,103.80206
WLS-010A,1.448077,103.80187
WLS-010B,1.448058,103.801581
WLS-010C,1.447764,103.801204
WLS-010D,1.447428,103.802776
WLS-010E,1.447638,103.803344
WLS-010F,1.448263,103.802917
WLS-0110,1.448355,103.803126
WLS-0111,1.44808,103.802573
WLS-0112,1.447346,103.799077
WLS-0113,1.4466,103.798626
WLS-0114,1.446769,103.798052
WLS-0115,1.447272,103.798206
WLS-0116,1.447498,103.797715
WLS-0117,1.448171,103.799128
WLS-0118,1.448637,103.800085
WLS-0119,1.448184,103.799951
WLS-011A,1.447302,103.799757
WLS-011B,1.447899,103.79932
WLS-011C,1.445899,103.801034
WLS-011D,1.446852,103.80094
WLS-011E,1.445448,103.798987
WLS-011F,1.444918,103.798788
WLS-0120,1.442263,103.79965
WLS-0121,1.440612,103.798723
WLS-0122,1.441344,103.80052
WLS-0123,1.444006,103.800374
WLS-0124,1.444203,103.799599
WLS-0125,1.442873,103.80284
WLS-0126,1.442726,103.802268
WLS-0127,1.443148,103.803069
WLS-0128,1.4466,103.796936
WLS-0129,1.44615,103.79705
WLS-012A,1.445203,103.795482
WLS-012B,1.444566,103.794462
WLS-012C,1.445561,103.794889
WLS-012D,1.445315,103.793926
WLS-012E,1.445491,103.794202
WLS-012F,1.445352,103.793235
WLS-0130,1.446224,103.794587
WLS-0131,1.446025,103.795292
WLS-0132,1.446574,103.795633
WLS-0133,1.442829,103.799016
WLS-0134,1.442671,103.798303
WLS-0137,1.443875,103.797664
WLS-0139,1.443053,103.796825
WLS-013A,1.44416,103.796774
WLS-013B,1.44488,103.796292
WLS-013C,1.44441,103.795869
WLS-013D,1.443552,103.796087
WLS-013E,1.438554,103.797017
WLS-013F,1.438237,103.796653
WLS-0140,1.437473,103.79673
WLS-0141,1.437352,103.7961
WLS-0142,1.437227,103.797046
WLS-0143,1.435802,103.802043
WLS-0144,1.435897,103.802475
WLS-0145,1.436116,103.802694
WLS-0146,1.436667,103.802185
WLS-0147,1.436779,103.802829
WLS-0148,1.43729,103.802506
WLS-0149,1.437189,103.803184
WLS-014A,1.437438,103.803114
WLS-014B,1.438168,103.802358
WLS-014C,1.437765,103.80187
WLS-014D,1.43716,103.801688
WLS-014E,1.437144,103.800851
WLS-014F,1.437503,103.800515
WLS-0150,1.437858,103.800891
WLS-0151,1.438176,103.801329
WLS-0152,1.439015,103.801058
WLS-0153,1.438231,103.800613
WLS-0154,1.438355,103.799714
WLS-0155,1.437917,103.798676
WLS-0156,1.437866,103.799251
WLS-0157,1.437754,103.798425
WLS-0158,1.436664,103.798587
WLS-0159,1.436601,103.7995
WLS-015A,1.441514,103.795878
WLS-015B,1.441488,103.796833
WLS-015C,1.441325,103.796841
WLS-015D,1.440492,103.796327
WLS-015E,1.440072,103.796099
WLS-015F,1.440074,103.796917
WLS-0160,1.440246,103.796915
WLS-0161,1.440413,103.797244
WLS-0162,1.440326,103.797769
WLS-0163,1.44053,103.797621
WLS-0164,1.441611,103.798025
WLS-0165,1.442451,103.796076
WLS-0166,1.442113,103.795337
WLS-0167,1.439987,103.801992
WLS-0168,1.439449,103.802249
WLS-0169,1.442053,103.790548
WLS-016A,1.440441,103.792409
WLS-016B,1.439755,103.792431
WLS-016C,1.439412,103.792678
WLS-016D,1.439776,103.793006
WLS-016E,1.440125,103.792975
WLS-016F,1.440456,103.79292
WLS-0170,1.440657,103.793956
WLS-0171,1.440275,103.794373
WLS-0172,1.439869,103.793732
WLS-0173,1.439453,103.793695
WLS-0174,1.439579,103.794755
WLS-0175,1.44007,103.795288
WLS-0176,1.440535,103.795237
WLS-0177,1.440827,103.794694
WLS-0178,1.437998,103.797681
WLS-0179,1.438705,103.797435
WLS-017A,1.438768,103.797883
WLS-017B,1.438911,103.798382
WLS-017C,1.438525,103.798482
WLS-017D,1.438861,103.799211
WLS-017E,1.439335,103.798725
WLS-017F,1.439305,103.799161
WLS-0180,1.439475,103.799546
WLS-0181,1.439592,103.799964
WLS-0182,1.439172,103.799854
WLS-0183,1.443404,103.788702
WLS-0184,1.44376,103.789082
WLS-0185,1.444196,103.789693
WLS-0186,1.443296,103.789786
WLS-0187,1.442983,103.790117
WLS-0188,1.442446,103.789186
WLS-0189,1.444564,103.79054
WLS-018A,1.444971,103.791084
WLS-018B,1.445382,103.791962
WLS-018C,1.444932,103.792253
WLS-018D,1.4444,103.792816
WLS-018E,1.444479,103.791907
WLS-018F,1.444225,103.790858
WLS-0190,1.436728,103.797248
WLS-0191,1.43663,103.796179
WLS-0192,1.435779,103.796226
WLS-0193,1.435636,103.79704
WLS-0194,1.434949,103.796447
WLS-0195,1.434789,103.797052
WLS-0196,1.443672,103.791714
WLS-0197,1.443071,103.79171
WLS-0198,1.442734,103.792658
WLS-0199,1.442367,103.793487
WLS-019A,1.442165,103.793108
WLS-019B,1.442612,103.794146
WLS-019C,1.44155,103.792757
WLS-019D,1.443952,103.793344
WLS-019E,1.442191,103.791944
WLS-019F,1.441766,103.791892
WLS-01A0,1.434494,103.79633
WLS-01A1,1.433956,103.796498
WLS-01A2,1.434296,103.795919
WLS-01A3,1.433973,103.795512
WLS-01A4,1.433652,103.796652
WLS-01A5,1.432622,103.791517
WLS-01A6,1.433002,103.791213
WLS-01A7,1.432161,103.791069
WLS-01A8,1.432331,103.79092
WLS-01A9,1.431896,103.790657
WLS-01AA,1.432333,103.79053
WLS-01AB,1.431922,103.792194
WLS-01AC,1.431616,103.792484
WLS-01AD,1.431817,103.793079
WLS-01AE,1.431483,103.793109
WLS-01AF,1.430962,103.792875
WLS-01B0,1.430661,103.792516
WLS-01B1,1.430533,103.791966
WLS-01B2,1.430579,103.791701
WLS-01B3,1.431263,103.792032
WLS-01B4,1.431453,103.791872
WLS-01B5,1.429951,103.792575
WLS-01B6,1.429414,103.792164
WLS-01B7,1.428282,103.793323
WLS-01B8,1.427978,103.793598
WLS-01B9,1.428498,103.793467
WLS-01BA,1.428732,103.793215
WLS-01BB,1.429605,103.793744
WLS-01BC,1.43001,103.793239
WLS-01BD,1.432019,103.794196
WLS-01BE,1.432453,103.794619
WLS-01BF,1.432868,103.795271
WLS-01C0,1.431855,103.795126
WLS-01C1,1.431516,103.795119
WLS-01C2,1.432286,103.796782
WLS-01C3,1.432406,103.795753
WLS-01C4,1.432808,103.795718
WLS-01C5,1.43287,103.796848
WLS-01C6,1.430086,103.789889
WLS-01C7,1.430446,103.789553
WLS-01C8,1.431266,103.789714
WLS-01C9,1.430426,103.790903
WLS-01CA,1.431078,103.790423
WLS-01CB,1.431439,103.790019
WLS-01CC,1.430153,103.790858
WLS-01CD,1.430574,103.789697
WLS-01CE,1.430727,103.789469
WLS-01CF,1.431174,103.797228
WLS-01D0,1.430332,103.796674
WLS-01D1,1.431521,103.796173
WLS-01D2,1.431138,103.795756
WLS-01D3,1.430129,103.795876
WLS-01D4,1.430337,103.795413
WLS-01D5,1.429722,103.794748
WLS-01D6,1.429033,103.795218
WLS-01D7,1.428772,103.794903
WLS-01D8,1.428807,103.795333
WLS-01D9,1.42812,103.79496
WLS-01DA,1.433446,103.797909
WLS-01DB,1.434084,103.798335
WLS-01DC,1.433727,103.799096
WLS-01DE,1.434285,103.799654
WLS-01DF,1.433502,103.799624
WLS-01E0,1.433405,103.799902
WLS-01E1,1.433454,103.800654
WLS-01E2,1.433486,103.801049
WLS-01E3,1.434321,103.800477
WLS-01E4,1.434313,103.801382
WLS-01E5,1.43558,103.801413
WLS-01E6,1.435912,103.799054
WLS-01E7,1.435983,103.799501
WLS-01E8,1.435548,103.798776
WLS-01E9,1.435551,103.797834
WLS-01EA,1.436221,103.798294
WLS-01EB,1.439601,103.80376
WLS-01EC,1.439458,103.803411
WLS-01ED,1.439767,103.803289
WLS-01EE,1.439868,103.803502
WLS-01EF,1.440271,103.803185
WLS-01F0,1.44044,103.803596
WLS-01F1,1.440676,103.804182
WLS-01F2,1.440883,103.804648
WLS-01F3,1.440212,103.802735
WLS-01F4,1.440728,103.802638
WLS-01F5,1.441109,103.8032
WLS-01F6,1.440636,103.803061
WLS-01F7,1.441345,103.805062
WLS-01F8,1.441843,103.804754
WLS-01F9,1.441434,103.803784
WLS-01FA,1.441341,103.804633
WLS-01FB,1.44174,103.806023
WLS-01FC,1.441389,103.806368
WLS-01FD,1.442254,103.805734
WLS-01FE,1.442637,103.806569
WLS-01FF,1.442422,103.806745
WLS-0200,1.441881,103.807307
WLS-0201,1.441292,103.807492
WLS-0202,1.441832,103.806756
WLS-0203,1.443072,103.807217
WLS-0204,1.443306,103.806885
WLS-0205,1.443307,103.807374
WLS-0206,1.443553,103.807665
WLS-0207,1.443785,103.808071
WLS-0208,1.444226,103.808215
WLS-0209,1.444702,103.808089
WLS-020A,1.444416,103.808383
WLS-020B,1.444933,103.80841
WLS-020C,1.444381,103.808808
WLS-020D,1.443921,103.8084
WLS-020E,1.443442,103.80864
WLS-020F,1.443466,103.808387
WLS-0210,1.443468,103.808087
WLS-0211,1.442868,103.80792
WLS-0212,1.442646,103.807911
WLS-0213,1.442363,103.80815
WLS-0214,1.442589,103.807516
WLS-0215,1.431344,103.798208
WLS-0216,1.430971,103.797775
WLS-0217,1.430552,103.798052
WLS-0218,1.430024,103.797898
WLS-0219,1.429663,103.797625
WLS-021A,1.44037,103.806773
WLS-021B,1.440322,103.806016
WLS-021C,1.43984,103.805786
WLS-021D,1.439619,103.805587
WLS-021E,1.438865,103.803674
WLS-021F,1.438487,103.803961
WLS-0220,1.437991,103.804255
WLS-0221,1.437724,103.804518
WLS-0222,1.439127,103.804326
WLS-0223,1.439161,103.805237
WLS-0224,1.438961,103.805673
WLS-0225,1.438656,103.804933
WLS-0226,1.434573,103.802034
WLS-0227,1.43789,103.803312
WLS-0228,1.448197,103.804243
WLS-0229,1.434994,103.801844
WLS-022A,1.447537,103.803269
WLS-022B,1.445447,103.79969
WLS-022C,1.441935,103.796472
WLS-022D,1.441252,103.796661
WLS-022E,1.44049,103.791759
WLS-022F,1.440417,103.790895
WLS-0230,1.439798,103.790845
WLS-0231,1.439561,103.791478
WLS-0232,1.440084,103.788992
WLS-0233,1.439656,103.789443
WLS-0234,1.43939,103.789806
WLS-0235,1.438845,103.789541
WLS-0236,1.440784,103.78963
WLS-0237,1.440816,103.789389
WLS-0238,1.442058,103.789531
WLS-0239,1.44262,103.788062
WLS-023A,1.443077,103.788262
WLS-023B,1.442209,103.786802
WLS-023C,1.442533,103.787316
WLS-023D,1.441961,103.787107
WLS-023E,1.44235,103.787667
WLS-023F,1.441268,103.786718
WLS-0240,1.440483,103.787586
WLS-0241,1.440046,103.787709
WLS-0242,1.440341,103.7871
WLS-0243,1.44103,103.785902
WLS-0244,1.442032,103.786585
WLS-0245,1.42965,103.790218
WLS-0246,1.44311,103.769515
WLS-0247,1.432244,103.771882
WLS-0248,1.451095,103.78054
WLS-0249,1.442383,103.784653
WLS-024A,1.442986,103.782972
WLS-024B,1.443921,103.7817
WLS-024C,1.45395,103.795502
WLS-024D,1.451527,103.788955
WLS-024E,1.440426,103.800102
WLS-024F,1.440405,103.800108
WLS-0250,1.440229,103.80009
WLS-0251,1.440666,103.801599
WLS-0252,1.440684,103.801587
WLS-0253,1.441033,103.801901
WLS-0254,1.441067,103.801439
WLS-0255,1.440084,103.799751
WLS-0256,1.441301,103.802323
WLS-0257,1.437436,103.786889
WLS-0258,1.437526,103.787136
WLS-0259,1.437317,103.786495
WLS-025A,1.436841,103.785028
WLS-025B,1.436667,103.785632
WLS-025C,1.436517,103.785222
WLS-025D,1.432962,103.773749
WLS-025E,1.433005,103.773668
WLS-025F,1.432947,103.773239
WLS-0260,1.432964,103.774926
WLS-0261,1.432478,103.775194
WLS-0262,1.436296,103.786737
WLS-0263,1.440904,103.80109
WLS-0264,1.437821,103.799584
WLS-0265,1.439388,103.776612
WLS-0266,1.442135,103.776658
WLS-0267,1.441706,103.776598
WLS-0268,1.441319,103.776858
WLS-0269,1.440619,103.778763
WLS-026A,1.44047,103.7786
WLS-026B,1.440974,103.779203
WLS-026C,1.442051,103.778563
WLS-026D,1.442653,103.77797
WLS-026E,1.442322,103.77829
WLS-026F,1.44179,103.774276
WLS-0270,1.441585,103.773757
WLS-0271,1.441533,103.772339
WLS-0272,1.441967,103.772279
WLS-0273,1.44228,103.774216
WLS-0274,1.442821,103.773804
WLS-0275,1.442923,103.773173
WLS-0276,1.441976,103.77341
WLS-0277,1.442601,103.772756
WLS-0278,1.442947,103.772362
WLS-0279,1.443488,103.772126
WLS-027A,1.443516,103.771866
WLS-027B,1.443959,103.772061
WLS-027C,1.443936,103.771876
WLS-027D,1.44506,103.771806
WLS-027E,1.445279,103.772265
WLS-027F,1.445591,103.771783
WLS-0280,1.436337,103.782216
WLS-0281,1.436272,103.781006
WLS-0282,1.43602,103.781242
WLS-0283,1.436435,103.781715
WLS-0284,1.436878,103.781437
WLS-0285,1.436869,103.781738
WLS-0286,1.437205,103.781414
WLS-0287,1.437569,103.781275
WLS-0288,1.437746,103.781006
WLS-0289,1.438114,103.780867
WLS-028A,1.438418,103.780468
WLS-028B,1.438786,103.780213
WLS-028C,1.43881,103.780705
WLS-028D,1.439229,103.780742
WLS-028E,1.439192,103.779059
WLS-028F,1.438455,103.779616
WLS-0290,1.438791,103.779629
WLS-0291,1.438809,103.779222
WLS-0292,1.437825,103.778944
WLS-0293,1.438124,103.778897
WLS-0294,1.437639,103.777998
WLS-0295,1.43845,103.777229
WLS-0296,1.438091,103.777581
WLS-0297,1.437727,103.777576
WLS-0298,1.437326,103.777145
WLS-0299,1.437,103.776672
WLS-029A,1.436173,103.773034
WLS-029B,1.436145,103.773538
WLS-029C,1.436068,103.774243
WLS-029D,1.435765,103.773688
WLS-029E,1.435766,103.77346
WLS-029F,1.435437,103.774527
WLS-02A0,1.435087,103.774397
WLS-02A1,1.434903,103.775126
WLS-02A2,1.434971,103.775132
WLS-02A3,1.434844,103.775222
WLS-02A4,1.434705,103.774402
WLS-02A5,1.434374,103.774754
WLS-02A6,1.433697,103.77442
WLS-02A7,1.433301,103.774916
WLS-02A8,1.433338,103.773757
WLS-02A9,1.433291,103.776575
WLS-02AA,1.43365,103.7767
WLS-02AB,1.433949,103.776501
WLS-02AC,1.433315,103.777854
WLS-02AD,1.433646,103.777873
WLS-02AE,1.434332,103.778132
WLS-02AF,1.434574,103.777697
WLS-02B0,1.442541,103.775273
WLS-02B1,1.443007,103.775041
WLS-02B2,1.443735,103.774401
WLS-02B3,1.444966,103.773405
WLS-02B4,1.445344,103.773702
WLS-02B5,1.446244,103.773247
WLS-02B6,1.446734,103.772515
WLS-02B7,1.446501,103.773479
WLS-02B8,1.429776,103.776754
WLS-02B9,1.430098,103.775892
WLS-02BA,1.430471,103.77604
WLS-02BB,1.43083,103.776003
WLS-02BC,1.431124,103.77618
WLS-02BD,1.431474,103.776583
WLS-02BE,1.43181,103.77617
WLS-02BF,1.431824,103.776342
WLS-02C0,1.431805,103.777533
WLS-02C1,1.431511,103.77744
WLS-02C2,1.43187,103.779377
WLS-02C3,1.431544,103.778668
WLS-02C4,1.431147,103.77916
WLS-02C5,1.43007,103.779155
WLS-02C6,1.430163,103.780749
WLS-02C7,1.430023,103.780504
WLS-02C8,1.430382,103.781769
WLS-02C9,1.431026,103.78175
WLS-02CA,1.431516,103.781171
WLS-02CB,1.43201,103.780309
WLS-02CC,1.432136,103.779878
WLS-02CD,1.433414,103.781899
WLS-02CE,1.432687,103.781634
WLS-02CF,1.433391,103.782441
WLS-02D0,1.433956,103.782464
WLS-02D1,1.432155,103.784327
WLS-02D2,1.4316,103.78436
WLS-02D3,1.431852,103.785375
WLS-02D4,1.43223,103.784888
WLS-02D5,1.432421,103.785236
WLS-02D6,1.432887,103.784772
WLS-02D7,1.432757,103.784842
WLS-02D8,1.433391,103.784906
WLS-02D9,1.433321,103.784536
WLS-02DA,1.433634,103.783822
WLS-02DB,1.434254,103.783892
WLS-02DC,1.433974,103.784406
WLS-02DD,1.433974,103.78493
WLS-02DE,1.434044,103.785741
WLS-02DF,1.434026,103.787034
WLS-02E0,1.434371,103.787854
WLS-02E1,1.433946,103.787511
WLS-02E2,1.43355,103.78613
WLS-02E3,1.432808,103.786779
WLS-02E4,1.433349,103.787715
WLS-02E5,1.432748,103.787479
WLS-02E6,1.432873,103.78727
WLS-02E7,1.432356,103.786876
WLS-02E8,1.430199,103.772803
WLS-02E9,1.431024,103.772256
WLS-02EB,1.430306,103.772265
WLS-02EC,1.429942,103.772279
WLS-02ED,1.429322,103.772566
WLS-02EE,1.428967,103.773197
WLS-02EF,1.429504,103.772812
WLS-02F0,1.428855,103.772566
WLS-02F1,1.428646,103.773405
WLS-02F2,1.428538,103.772798
WLS-02F3,1.428156,103.772729
WLS-02F4,1.427801,103.77271
WLS-02F5,1.427829,103.773299
WLS-02F6,1.427778,103.774036
WLS-02F7,1.427862,103.77411
WLS-02F8,1.428436,103.77385
WLS-02F9,1.428907,103.774124
WLS-02FA,1.428874,103.774745
WLS-02FB,1.428478,103.774559
WLS-02FC,1.428095,103.774606
WLS-02FD,1.427806,103.774777
WLS-02FE,1.427293,103.775078
WLS-0301,1.427265,103.772576
WLS-0302,1.426943,103.77284
WLS-0304,1.426635,103.774411
WLS-0305,1.426962,103.774759
WLS-0306,1.432917,103.791948
WLS-0307,1.432851,103.792012
WLS-0308,1.433181,103.791721
WLS-0309,1.432634,103.792041
WLS-030A,1.432936,103.791223
WLS-030B,1.432181,103.7911
WLS-030C,1.432429,103.790919
WLS-030D,1.43254,103.790662
WLS-030E,1.431824,103.790774
WLS-030F,1.432241,103.79063
WLS-0310,1.43269,103.789121
WLS-0311,1.432648,103.789258
WLS-0312,1.432671,103.788243
WLS-0313,1.432566,103.78835
WLS-0314,1.43363,103.788579
WLS-0315,1.433443,103.788762
WLS-0316,1.433097,103.791792
WLS-0317,1.434341,103.788945
WLS-0318,1.433984,103.78955
WLS-0319,1.434546,103.789844
WLS-031A,1.434668,103.790686
WLS-031B,1.43453,103.791223
WLS-031C,1.433791,103.791995
WLS-031D,1.434292,103.791756
WLS-031E,1.434276,103.792099
WLS-031F,1.433987,103.79278
WLS-0320,1.433788,103.793089
WLS-0321,1.433737,103.793805
WLS-0322,1.433299,103.793969
WLS-0323,1.432727,103.79368
WLS-0324,1.432552,103.793276
WLS-0325,1.432991,103.79278
WLS-0326,1.43186,103.792278
WLS-0327,1.43161,103.7925
WLS-0328,1.431117,103.792776
WLS-0329,1.430859,103.792553
WLS-032A,1.430662,103.79172
WLS-032B,1.431154,103.791955
WLS-032C,1.431396,103.791764
WLS-032D,1.429978,103.792567
WLS-032E,1.429392,103.792142
WLS-032F,1.429035,103.792209
WLS-0330,1.428259,103.792678
WLS-0331,1.427726,103.793613
WLS-0332,1.428566,103.79381
WLS-0333,1.428634,103.793107
WLS-0334,1.429269,103.793628
WLS-0335,1.429801,103.793982
WLS-0336,1.429894,103.79324
WLS-0337,1.430312,103.793162
WLS-0338,1.431125,103.794298
WLS-0339,1.432809,103.794923
WLS-033A,1.433162,103.795263
WLS-033B,1.431527,103.79496
WLS-033C,1.432164,103.796205
WLS-033D,1.432398,103.795731
WLS-033E,1.433004,103.795867
WLS-033F,1.432744,103.796781
WLS-0340,1.431199,103.79007
WLS-0341,1.431003,103.797066
WLS-0342,1.43124,103.797201
WLS-0343,1.431004,103.797228
WLS-0344,1.430769,103.79691
WLS-0345,1.430272,103.79666
WLS-0346,1.431008,103.7967
WLS-0347,1.431618,103.796148
WLS-0348,1.430662,103.795807
WLS-0349,1.430667,103.796384
WLS-034A,1.430065,103.796311
WLS-034B,1.430168,103.796012
WLS-034C,1.430422,103.795478
WLS-034D,1.429586,103.794704
WLS-034E,1.429436,103.795611
WLS-034F,1.428615,103.794548
WLS-0350,1.428831,103.794527
WLS-0351,1.428392,103.79533
WLS-0352,1.428432,103.795518
WLS-0353,1.427682,103.794552
WLS-0354,1.42805,103.795466
WLS-0355,1.438689,103.796895
WLS-0356,1.438034,103.796074
WLS-0357,1.437536,103.796192
WLS-0358,1.437521,103.796762
WLS-0359,1.437172,103.796647
WLS-035A,1.437575,103.797055
WLS-035B,1.436722,103.797202
WLS-035C,1.43651,103.796533
WLS-035D,1.436466,103.796164
WLS-035E,1.436247,103.796764
WLS-035F,1.43536,103.796135
WLS-0360,1.435068,103.797008
WLS-0361,1.434499,103.796225
WLS-0362,1.434025,103.796971
WLS-0363,1.43416,103.796403
WLS-0364,1.434414,103.795606
WLS-0365,1.434173,103.795468
WLS-0366,1.43358,103.796907
WLS-0367,1.433461,103.797789
WLS-0368,1.433579,103.798306
WLS-0369,1.433412,103.798985
WLS-036A,1.434105,103.798339
WLS-036B,1.434871,103.798644
WLS-036C,1.433493,103.800497
WLS-036D,1.433641,103.801292
WLS-036E,1.434344,103.801395
WLS-036F,1.435019,103.801876
WLS-0370,1.435417,103.801556
WLS-0371,1.436011,103.801608
WLS-0372,1.435795,103.802551
WLS-0373,1.436325,103.803006
WLS-0374,1.436057,103.802766
WLS-0375,1.436627,103.802128
WLS-0376,1.436714,103.802829
WLS-0377,1.437349,103.80244
WLS-0378,1.437143,103.802453
WLS-0379,1.436708,103.803224
WLS-037A,1.438127,103.803009
WLS-037B,1.437593,103.803247
WLS-037C,1.438246,103.802319
WLS-037D,1.437736,103.801825
WLS-037E,1.437254,103.80166
WLS-037F,1.436921,103.801125
WLS-0380,1.437683,103.800457
WLS-0381,1.438024,103.80106
WLS-0382,1.438345,103.801498
WLS-0383,1.438974,103.801056
WLS-0384,1.438222,103.800504
WLS-0385,1.438247,103.799819
WLS-0386,1.437754,103.798711
WLS-0387,1.437677,103.799271
WLS-0388,1.437698,103.798406
WLS-0389,1.436776,103.799117
WLS-038A,1.436662,103.798305
WLS-038B,1.436511,103.799517
WLS-038C,1.4363,103.799095
WLS-038D,1.435924,103.799495
WLS-038E,1.43537,103.798631
WLS-038F,1.435695,103.797832
WLS-0390,1.43622,103.798224
WLS-0391,1.438121,103.797602
WLS-0392,1.438853,103.79744
WLS-0393,1.43903,103.798312
WLS-0394,1.439152,103.798266
WLS-0395,1.438505,103.798456
WLS-0396,1.438721,103.799248
WLS-0397,1.438924,103.799321
WLS-0398,1.439027,103.7988
WLS-0399,1.439284,103.79871
WLS-039A,1.439751,103.799876
WLS-039B,1.44143,103.804057
WLS-039C,1.44181,103.795959
WLS-039D,1.441812,103.796765
WLS-039E,1.44151,103.796652
WLS-039F,1.441124,103.796375
WLS-03A0,1.440568,103.796257
WLS-03A1,1.440306,103.795964
WLS-03A2,1.439973,103.796859
WLS-03A3,1.44063,103.796489
WLS-03A4,1.440238,103.797829
WLS-03A5,1.440612,103.797692
WLS-03A6,1.440775,103.797382
WLS-03A7,1.44129,103.797633
WLS-03A8,1.441865,103.798566
WLS-03A9,1.44202,103.798561
WLS-03AA,1.442325,103.799617
WLS-03AB,1.441237,103.800074
WLS-03AC,1.442024,103.8001
WLS-03AD,1.442492,103.800918
WLS-03AE,1.444039,103.80043
WLS-03AF,1.444531,103.800212
WLS-03B0,1.444,103.800261
WLS-03B1,1.445603,103.799324
WLS-03B2,1.445145,103.799668
WLS-03B3,1.445454,103.798982
WLS-03B4,1.445201,103.799098
WLS-03B5,1.444553,103.798646
WLS-03B6,1.444847,103.798969
WLS-03B7,1.444356,103.799056
WLS-03B8,1.444389,103.799922
WLS-03B9,1.444032,103.799498
WLS-03BA,1.443781,103.800067
WLS-03BB,1.44284,103.798904
WLS-03BC,1.442944,103.799252
WLS-03BD,1.442558,103.798857
WLS-03BE,1.442457,103.797415
WLS-03BF,1.443097,103.797847
WLS-03C0,1.442718,103.797558
WLS-03C1,1.443251,103.798066
WLS-03C2,1.44326,103.798498
WLS-03C3,1.443659,103.798547
WLS-03C4,1.443621,103.798987
WLS-03C5,1.444055,103.798185
WLS-03C6,1.443323,103.797178
WLS-03C7,1.443625,103.79754
WLS-03C8,1.443007,103.797055
WLS-03C9,1.443151,103.796947
WLS-03CA,1.442764,103.796611
WLS-03CB,1.443822,103.797035
WLS-03CC,1.443477,103.796573
WLS-03CD,1.444094,103.797572
WLS-03CE,1.444022,103.797232
WLS-03CF,1.44437,103.797641
WLS-03D0,1.444425,103.797291
WLS-03D1,1.444092,103.796832
WLS-03D2,1.444852,103.796279
WLS-03D3,1.444359,103.796034
WLS-03D4,1.444511,103.795939
WLS-03D5,1.444184,103.796215
WLS-03D6,1.443968,103.795799
WLS-03D7,1.443933,103.79659
WLS-03D8,1.44358,103.796096
WLS-03D9,1.443793,103.796388
WLS-03DA,1.442292,103.795792
WLS-03DB,1.44238,103.795188
WLS-03DC,1.443109,103.794968
WLS-03DD,1.445474,103.795316
WLS-03DE,1.445053,103.795618
WLS-03DF,1.444518,103.794451
WLS-03E0,1.444463,103.794188
WLS-03E1,1.444383,103.793924
WLS-03E2,1.445022,103.794401
WLS-03E3,1.44494,103.793998
WLS-03E4,1.445271,103.794724
WLS-03E5,1.445415,103.794614
WLS-03E6,1.445667,103.795192
WLS-03E7,1.445663,103.794453
WLS-03E8,1.445996,103.794896
WLS-03E9,1.445487,103.794193
WLS-03EA,1.445115,103.793727
WLS-03EB,1.445463,103.793158
WLS-03EC,1.445816,103.792944
WLS-03ED,1.445808,103.793506
WLS-03EE,1.446296,103.79485
WLS-03EF,1.446134,103.794329
WLS-03F0,1.446065,103.795241
WLS-03F1,1.446182,103.795394
WLS-03F2,1.445507,103.795658
WLS-03F3,1.446539,103.795585
WLS-03F4,1.446582,103.795725
WLS-03F5,1.446587,103.79519
WLS-03F6,1.446746,103.796317
WLS-03F7,1.446874,103.796681
WLS-03F8,1.446327,103.796546
WLS-03F9,1.446624,103.796952
WLS-03FA,1.445819,103.7958
WLS-03FB,1.446166,103.796261
WLS-03FC,1.445271,103.795808
WLS-03FD,1.445308,103.797019
WLS-03FE,1.44577,103.796881
WLS-03FF,1.446128,103.797081
WLS-0400,1.446136,103.797549
WLS-0401,1.446122,103.798014
WLS-0402,1.445811,103.798706
WLS-0403,1.447146,103.799203
WLS-0404,1.446903,103.799095
WLS-0405,1.44647,103.798721
WLS-0406,1.446594,103.798916
WLS-0407,1.446845,103.79831
WLS-0408,1.44671,103.798087
WLS-0409,1.447006,103.798387
WLS-040A,1.44714,103.797971
WLS-040B,1.4473,103.79828
WLS-040C,1.447512,103.797831
WLS-040D,1.447366,103.797512
WLS-040E,1.448087,103.799013
WLS-040F,1.448594,103.800073
WLS-0410,1.448486,103.79984
WLS-0411,1.448199,103.799971
WLS-0412,1.447734,103.79995
WLS-0413,1.447736,103.799239
WLS-0414,1.447456,103.799417
WLS-0415,1.447208,103.79965
WLS-0416,1.447676,103.800536
WLS-0417,1.443324,103.801685
WLS-0418,1.443302,103.802499
WLS-0419,1.442825,103.802854
WLS-041A,1.442838,103.802173
WLS-041B,1.442033,103.802295
WLS-041C,1.442327,103.802925
WLS-041D,1.442538,103.803466
WLS-041E,1.44283,103.804148
WLS-041F,1.443068,103.803324
WLS-0420,1.44367,103.802929
WLS-0421,1.443861,103.803665
WLS-0422,1.441755,103.786104
WLS-0423,1.441919,103.786326
WLS-0424,1.441122,103.785876
WLS-0425,1.440693,103.786486
WLS-0426,1.440266,103.787256
WLS-0427,1.4405,103.786853
WLS-0428,1.440322,103.787996
WLS-0429,1.440761,103.787167
WLS-042A,1.440818,103.787053
WLS-042B,1.440562,103.787519
WLS-042C,1.442074,103.787237
WLS-042D,1.442278,103.787564
WLS-042E,1.441999,103.787122
WLS-042F,1.442386,103.78705
WLS-0430,1.442554,103.787312
WLS-0431,1.443079,103.787989
WLS-0432,1.442841,103.788436
WLS-0433,1.442043,103.78986
WLS-0434,1.44168,103.790383
WLS-0435,1.441198,103.790392
WLS-0436,1.440836,103.790418
WLS-0437,1.441953,103.789376
WLS-0438,1.440763,103.789634
WLS-0439,1.439371,103.789772
WLS-043A,1.439818,103.78945
WLS-043B,1.439271,103.790559
WLS-043C,1.439754,103.791445
WLS-043D,1.439657,103.790496
WLS-043E,1.44008,103.791205
WLS-043F,1.440462,103.790884
WLS-0440,1.440469,103.791212
WLS-0441,1.440609,103.791717
WLS-0442,1.440202,103.791744
WLS-0443,1.440699,103.791585
WLS-0444,1.443056,103.791714
WLS-0445,1.442492,103.791744
WLS-0446,1.442643,103.791735
WLS-0447,1.443844,103.792792
WLS-0448,1.44384,103.792674
WLS-0449,1.443234,103.791695
WLS-044A,1.44343,103.792232
WLS-044B,1.44315,103.792982
WLS-044C,1.443928,103.793324
WLS-044D,1.443703,103.793327
WLS-044E,1.443925,103.793181
WLS-044F,1.442739,103.792538
WLS-0450,1.442789,103.793213
WLS-0451,1.443547,103.79361
WLS-0452,1.443317,103.793584
WLS-0453,1.441778,103.791728
WLS-0454,1.440932,103.791834
WLS-0455,1.440447,103.792398
WLS-0456,1.440445,103.792241
WLS-0457,1.439416,103.792495
WLS-0458,1.439657,103.792255
WLS-0459,1.439768,103.79247
WLS-045A,1.439439,103.792899
WLS-045B,1.439786,103.793176
WLS-045C,1.439767,103.792959
WLS-045D,1.440149,103.793544
WLS-045E,1.440527,103.793339
WLS-045F,1.44048,103.792936
WLS-0460,1.44032,103.793902
WLS-0461,1.440581,103.794114
WLS-0462,1.440309,103.794568
WLS-0463,1.440288,103.794342
WLS-0464,1.439868,103.793985
WLS-0465,1.439737,103.793819
WLS-0466,1.43946,103.793812
WLS-0467,1.439659,103.795252
WLS-0468,1.440084,103.795292
WLS-0469,1.440528,103.795274
WLS-046A,1.440828,103.794734
WLS-046B,1.440987,103.79277
WLS-046C,1.441549,103.792747
WLS-046D,1.442167,103.793273
WLS-046E,1.442381,103.793693
WLS-046F,1.442589,103.794143
WLS-0470,1.442582,103.793955
WLS-0471,1.443567,103.788718
WLS-0472,1.44364,103.788832
WLS-0473,1.443269,103.789508
WLS-0474,1.442954,103.789791
WLS-0475,1.442507,103.789505
WLS-0476,1.444912,103.790735
WLS-0477,1.444892,103.790807
WLS-0478,1.444998,103.791066
WLS-0479,1.445406,103.791942
WLS-047A,1.44489,103.792201
WLS-047B,1.444495,103.792982
WLS-047C,1.444406,103.792793
WLS-047D,1.444433,103.791877
WLS-047E,1.444213,103.790862
WLS-0480,1.441296,103.791796
WLS-0481,1.431899,103.775115
WLS-0482,1.433357,103.791037
WLS-0483,1.431324,103.798214
WLS-0484,1.430138,103.797892
WLS-0485,1.435397,103.801189
WLS-0486,1.440299,103.803299
WLS-0487,1.440101,103.802865
WLS-0488,1.441166,103.805238
WLS-0489,1.440289,103.806717
WLS-048A,1.438677,103.80347
WLS-048B,1.43903,103.80417
WLS-048C,1.440571,103.798719
WLS-048D,1.440616,103.798941
WLS-048E,1.445511,103.796597
WLS-048F,1.448888,103.800642
WLS-0490,1.447538,103.802787
WLS-0491,1.447528,103.803272
WLS-0492,1.447368,103.803964
WLS-0493,1.445467,103.805145
WLS-0494,1.446561,103.804665
WLS-0495,1.446628,103.805081
WLS-0496,1.446384,103.80488
WLS-0498,1.438406,103.794802
WLS-0499,1.437174,103.793965
WLS-049A,1.437559,103.793372
WLS-049B,1.43741,103.793603
WLS-049C,1.437774,103.791383
WLS-049D,1.437242,103.790178
WLS-049E,1.436766,103.790698
WLS-049F,1.436242,103.79024
WLS-04A0,1.435987,103.791235
WLS-04A1,1.436346,103.793455
WLS-04A2,1.436323,103.792857
WLS-04A3,1.436607,103.793849
WLS-04A4,1.435856,103.795198
WLS-04A5,1.441039,103.77816
WLS-04A6,1.430485,103.789366
WLS-04A7,1.430983,103.798027
WLS-04A8,1.429587,103.79748
WLS-04A9,1.429727,103.797568
WLS-04AA,1.433415,103.800124
WLS-04AB,1.439315,103.803151
WLS-04AC,1.440504,103.803767
WLS-04AD,1.440485,103.802644
WLS-04AE,1.441028,103.802889
WLS-04AF,1.441779,103.804488
WLS-04B0,1.440227,103.805941
WLS-04B1,1.438613,103.804289
WLS-04B2,1.439122,103.80528
WLS-04B3,1.441276,103.798801
WLS-04B4,1.445054,103.79754
WLS-04B5,1.448978,103.801062
WLS-04B6,1.448995,103.801201
WLS-04B7,1.447105,103.803788
WLS-04B8,1.445639,103.80501
WLS-04B9,1.446357,103.805259
WLS-04BA,1.445405,103.800881
WLS-04BB,1.445541,103.800761
WLS-04BC,1.444263,103.800941
WLS-04BD,1.444583,103.800816
WLS-04BE,1.44387,103.801152
WLS-04BF,1.438443,103.793935
WLS-04C0,1.437111,103.794268
WLS-04C1,1.437844,103.793172
WLS-04C2,1.437764,103.792463
WLS-04C3,1.437722,103.790364
WLS-04C4,1.437554,103.789608
WLS-04C5,1.43692,103.78978
WLS-04C6,1.436029,103.789363
WLS-04C7,1.435665,103.791958
WLS-04C8,1.435507,103.791833
WLS-04C9,1.43616,103.793863
WLS-04CA,1.435539,103.795467
WLS-04CB,1.436262,103.794961
WLS-04CC,1.430447,103.798058
WLS-04CD,1.430548,103.798045
WLS-04CE,1.439868,103.803254
WLS-04CF,1.440751,103.804276
WLS-04D0,1.441131,103.803407
WLS-04D1,1.439938,103.805802
WLS-04D2,1.438075,103.804469
WLS-04D3,1.438663,103.805996
WLS-04D4,1.449292,103.801458
WLS-04D5,1.447935,103.803479
WLS-04D6,1.446712,103.803617
WLS-04D7,1.446599,103.803869
WLS-04D8,1.445997,103.805333
WLS-04D9,1.446084,103.80591
WLS-04DA,1.444908,103.80123
WLS-04DB,1.445148,103.800991
WLS-04DC,1.443814,103.802151
WLS-04DD,1.44374,103.801512
WLS-04DE,1.437944,103.793939
WLS-04DF,1.43719,103.794674
WLS-04E0,1.436542,103.790637
WLS-04E1,1.436342,103.790605
WLS-04E2,1.435614,103.79061
WLS-04E3,1.435432,103.792505
WLS-04E4,1.435544,103.792343
WLS-04E5,1.435623,103.79453
WLS-04E6,1.436402,103.794975
WLS-04E7,1.439956,103.803445
WLS-04E8,1.440095,103.803743
WLS-04E9,1.441006,103.804715
WLS-04EA,1.440735,103.803155
WLS-04EB,1.441349,103.804514
WLS-04EC,1.43951,103.805623
WLS-04ED,1.437444,103.804089
WLS-04EE,1.437457,103.804546
WLS-04EF,1.438611,103.805263
WLS-04F0,1.44833,103.802058
WLS-04F1,1.448232,103.802811
WLS-04F2,1.44712,103.803597
WLS-04F3,1.445901,103.805511
WLS-04F4,1.446617,103.801046
WLS-04F5,1.44605,103.80099
WLS-04F6,1.445094,103.80172
WLS-04F7,1.445225,103.801486
WLS-04F8,1.443886,103.802375
WLS-04F9,1.444065,103.802436
WLS-04FA,1.444005,103.802302
WLS-04FB,1.43796,103.794697
WLS-04FC,1.437666,103.791856
WLS-04FD,1.436467,103.789905
WLS-04FE,1.448062,103.801558
WLS-04FF,1.448161,103.802663
WLS-0500,1.447063,103.80049
WLS-0501,1.446813,103.800311
WLS-0502,1.445097,103.802215
WLS-0503,1.44461,103.802466
WLS-0504,1.447964,103.80102
WLS-0505,1.447817,103.801259
WLS-0506,1.447819,103.801101
WLS-0507,1.446248,103.800483
WLS-0508,1.43902,103.799861
WLS-0509,1.445792,103.804848
WLS-050A,1.442991,103.769607
WLS-050B,1.451197,103.794909
WLS-050C,1.455353,103.788475
WLS-050D,1.457391,103.794981
WLS-050E,1.454416,103.800927
WLS-0510,1.457755,103.802257
WLS-0511,1.446868,103.809721
WLS-0512,1.4561,103.798158
WLS-0513,1.443541,103.787522
WLS-0514,1.444434,103.786115
WLS-0515,1.444364,103.786191
WLS-0516,1.446103,103.78451
WLS-0517,1.445146,103.78416
WLS-0518,1.443477,103.784586
WLS-0519,1.440193,103.800232
WLS-051A,1.440435,103.781544
WLS-051B,1.440842,103.781144
WLS-051C,1.440856,103.781113
WLS-051D,1.451567,103.795806
WLS-051E,1.43317,103.779463
WLS-051F,1.439042,103.802333
WLS-0520,1.439838,103.78818
WLS-0521,1.427533,103.792279
WLS-0522,1.432531,103.775192
WLS-0523,1.427333,103.774106
WLS-0524,1.427323,103.773146
WLS-0525,1.426659,103.772764
WLS-0526,1.440344,103.801839
WLS-0527,1.439969,103.801952
WLS-0528,1.439849,103.801567
WLS-0529,1.455948,103.798789
WLS-052A,1.43291,103.79985
WLS-052B,1.452426,103.792466
WLS-052C,1.433528,103.796237
WLS-052D,1.450929,103.778771
WLS-052E,1.433338,103.795853
WLS-052F,1.435855,103.795782
WLS-0530,1.452674,103.792054
WLS-0531,1.451788,103.788222
WLS-0532,1.435806,103.795994
WLS-0533,1.447937,103.79833
WLS-0534,1.449379,103.801317
WLS-0535,1.439843,103.780406
WLS-0536,1.438184,103.795867
WLS-0537,1.427681,103.796146
WLS-0538,1.435404,103.790078
WLS-0539,1.442792,103.801181
WLS-053A,1.445717,103.799574
WLS-053B,1.443002,103.80128
WLS-053C,1.434618,103.793599
WLS-053D,1.436891,103.794747
WLS-053E,1.434972,103.791942
WLS-053F,1.443622,103.773354
WLS-0540,1.442302,103.803537
WLS-0541,1.430654,103.794854
WLS-0542,1.429258,103.797976
WLS-0543,1.431366,103.790566
WLS-0544,1.439241,103.793415
WLS-0545,1.440694,103.792714
WLS-0546,1.442142,103.79731
WLS-0547,1.445832,103.773613
WLS-0548,1.445662,103.773351
WLS-0549,1.445392,103.775511
WLS-054A,1.445421,103.775182
WLS-054B,1.440809,103.795716
WLS-054C,1.440896,103.795454
WLS-054D,1.385724,103.757213
WLS-054E,1.440984,103.772231
WLS-054F,1.430984,103.787623
WLS-0550,1.440576,103.785609
WLS-0551,1.440093,103.787069
WLS-0552,1.438723,103.789871
WLS-0553,1.434631,103.786815
WLS-0554,1.443351,103.794216
WLS-0555,1.443983,103.792167
WLS-0556,1.446544,103.794442
WLS-0557,1.446652,103.793761
WLS-0558,1.448031,103.797746
WLS-0559,1.437662,103.771192
WLS-055A,1.438258,103.770949
WLS-055B,1.432403,103.777426
WLS-055C,1.432103,103.77791
WLS-055D,1.436326,103.773976
WLS-055E,1.430338,103.773292
WLS-055F,1.437398,103.78888
WLS-0560,1.445967,103.807152
WLS-0561,1.44649,103.798093
WLS-0562,1.444068,103.778032
WLS-0563,1.444009,103.777888
WLS-0564,1.442022,103.779021
WLS-0565,1.441886,103.778929
WLS-0566,1.436789,103.782748
WLS-0567,1.439921,103.778355
WLS-0568,1.439686,103.780358
WLS-056B,1.434784,103.789071
WLS-056C,1.437476,103.788035
WLS-056D,1.435713,103.788879
WLS-056E,1.434541,103.787742
WLS-0573,1.434121,103.779521
WLS-0574,1.436786,103.7645
WLS-0575,1.435449,103.777672
WLS-0576,1.435343,103.7776
WLS-0577,1.435245,103.777462
WLS-0578,1.436177,103.775414
WLS-0579,1.435809,103.77575
WLS-057A,1.435853,103.775457
WLS-057B,1.435736,103.775504
WLS-057C,1.435828,103.776062
WLS-057D,1.435988,103.776094
WLS-057E,1.435988,103.776615
WLS-057F,1.436294,103.777144
WLS-0580,1.435343,103.777187
WLS-0581,1.435194,103.776948
WLS-0582,1.435305,103.776471
WLS-0583,1.435188,103.776532
WLS-0584,1.434831,103.776637
WLS-0585,1.434631,103.776688
WLS-0587,1.432042,103.774564
WLS-0588,1.44653,103.797522
WLS-0589,1.440875,103.793578
WLS-058A,1.4428,103.794353
WLS-058B,1.427354,103.795682
WLS-058C,1.435071,103.789848
WLS-058D,1.452567,103.801748
WLS-058E,1.436779,103.789139
WLS-058F,1.435744,103.79415
WLS-0590,1.440795,103.801844
WLS-0591,1.446573,103.799687
WLS-0592,1.446075,103.799534
WLS-0593,1.441379,103.776799
WLS-0594,1.441259,103.776355
WLS-0595,1.441256,103.776521
WLS-0596,1.440719,103.777414
WLS-0597,1.440479,103.777908
WLS-0598,1.441879,103.777828
WLS-0599,1.44227,103.77768
WLS-059A,1.442816,103.778152
WLS-059B,1.442679,103.77726
WLS-059C,1.43461,103.775585
WLS-059D,1.433297,103.774586
WLS-059E,1.433277,103.77338
WLS-059F,1.432932,103.774601
WLS-05A0,1.432963,103.775855
WLS-05A1,1.432976,103.776898
WLS-05A2,1.433287,103.776655
WLS-05A3,1.433631,103.776638
WLS-05A4,1.434072,103.776066
WLS-05A5,1.434013,103.776487
WLS-05A6,1.43398,103.776596
WLS-05A7,1.432998,103.777871
WLS-05A8,1.433305,103.777696
WLS-05A9,1.433646,103.777584
WLS-05AA,1.434324,103.778269
WLS-05AB,1.443118,103.77531
WLS-05AC,1.44376,103.774122
WLS-05AD,1.444159,103.773952
WLS-05AE,1.444891,103.77364
WLS-05AF,1.44507,103.774023
WLS-05B0,1.44614,103.773244
WLS-05B1,1.446408,103.772535
WLS-05B2,1.447008,103.771677
WLS-05B3,1.44771,103.772072
WLS-05B4,1.438395,103.79457
WLS-05B5,1.434447,103.788681
WLS-05B6,1.434272,103.788718
WLS-05B7,1.433662,103.789635
WLS-05B8,1.434702,103.789743
WLS-05B9,1.434596,103.789566
WLS-05BA,1.434812,103.790452
WLS-05BB,1.434742,103.791284
WLS-05BC,1.434835,103.791033
WLS-05BD,1.433748,103.791822
WLS-05BE,1.434492,103.791567
WLS-05BF,1.434181,103.792474
WLS-05C0,1.43413,103.792589
WLS-05C1,1.433798,103.794104
WLS-05C2,1.433243,103.794078
WLS-05C3,1.429728,103.792781
WLS-05C4,1.429842,103.792228
WLS-05C5,1.429285,103.792559
WLS-05C6,1.428656,103.792586
WLS-05C7,1.428105,103.792963
WLS-05C8,1.427724,103.793971
WLS-05C9,1.427758,103.79397
WLS-05CA,1.428232,103.793678
WLS-05CB,1.428543,103.79299
WLS-05CC,1.428931,103.793164
WLS-05CD,1.429457,103.793654
WLS-05CE,1.429893,103.793844
WLS-05CF,1.430254,103.792892
WLS-05D0,1.431715,103.794499
WLS-05D1,1.432526,103.794451
WLS-05D2,1.433114,103.79512
WLS-05D3,1.433124,103.795079
WLS-05D4,1.432333,103.795395
WLS-05D5,1.431435,103.794947
WLS-05D6,1.431531,103.794763
WLS-05D7,1.432334,103.79611
WLS-05D8,1.432303,103.796006
WLS-05D9,1.432876,103.796048
WLS-05DA,1.432746,103.796967
WLS-05DB,1.432929,103.796844
WLS-05DC,1.433391,103.798233
WLS-05DD,1.433925,103.79836
WLS-05DE,1.434858,103.798644
WLS-05DF,1.434275,103.801391
WLS-05E0,1.436352,103.799121
WLS-05E1,1.435642,103.799262
WLS-05E2,1.435502,103.798661
WLS-05E3,1.435412,103.798147
WLS-05E4,1.436552,103.797802
WLS-05E5,1.436181,103.798554
WLS-05E6,1.438138,103.797968
WLS-05E7,1.438221,103.797443
WLS-05E8,1.438692,103.79823
WLS-05E9,1.438796,103.798589
WLS-05EA,1.439179,103.798417
WLS-05EB,1.438229,103.79823
WLS-05EC,1.438874,103.799687
WLS-05ED,1.439027,103.799617
WLS-05EE,1.439269,103.799177
WLS-05EF,1.439382,103.79958
WLS-05F0,1.439695,103.799931
WLS-05F1,1.439276,103.800053
WLS-05F2,1.439603,103.803691
WLS-05F3,1.441715,103.790436
WLS-05F4,1.441676,103.790439
WLS-05F5,1.440862,103.790151
WLS-05F6,1.44083,103.789344
WLS-05F7,1.44358,103.788677
WLS-05F8,1.444234,103.789666
WLS-05F9,1.444096,103.78959
WLS-05FA,1.443382,103.790043
WLS-05FB,1.442478,103.789249
WLS-05FC,1.442526,103.789247
WLS-05FD,1.444628,103.79028
WLS-05FE,1.44457,103.790317
WLS-05FF,1.445214,103.791144
WLS-0600,1.444378,103.791841
WLS-0601,1.444381,103.791062
WLS-0602,1.441335,103.778279
WLS-0603,1.433375,103.799557
WLS-0604,1.43345,103.800564
WLS-0605,1.434823,103.800562
WLS-0606,1.440399,103.803175
WLS-0607,1.438816,103.803568
WLS-0608,1.438785,103.803503
WLS-0609,1.43877,103.803487
WLS-060A,1.439201,103.804583
WLS-060B,1.439198,103.804615
WLS-060C,1.437127,103.793965
WLS-060D,1.437118,103.793893
WLS-060E,1.437402,103.793452
WLS-060F,1.437565,103.793203
WLS-0610,1.436707,103.792744
WLS-0611,1.436316,103.793296
WLS-0612,1.435539,103.795448
WLS-0613,1.435762,103.795549
WLS-0614,1.440434,103.775008
WLS-0615,1.440264,103.775696
WLS-0616,1.441841,103.777093
WLS-0617,1.441666,103.776856
WLS-0618,1.441345,103.77733
WLS-0619,1.439407,103.803249
WLS-061A,1.439642,103.80304
WLS-061B,1.438585,103.804197
WLS-061C,1.438648,103.80432
WLS-061D,1.439217,103.805003
WLS-061E,1.438362,103.794148
WLS-061F,1.437277,103.794349
WLS-0620,1.437218,103.792873
WLS-0621,1.437195,103.792873
WLS-0622,1.441161,103.777846
WLS-0623,1.439668,103.8031
WLS-0624,1.440682,103.804172
WLS-0625,1.438069,103.804517
WLS-0626,1.438829,103.80592
WLS-0627,1.438816,103.805929
WLS-0628,1.438699,103.806018
WLS-0629,1.438682,103.80603
WLS-062A,1.437941,103.793925
WLS-062B,1.437178,103.794619
WLS-062C,1.437116,103.794692
WLS-062D,1.437918,103.792626
WLS-062E,1.436094,103.792836
WLS-062F,1.435409,103.79251
WLS-0630,1.440776,103.803205
WLS-0631,1.441365,103.804644
WLS-0632,1.437555,103.804888
WLS-0633,1.437552,103.804735
WLS-0634,1.438775,103.804818
WLS-0635,1.437905,103.794702
WLS-0636,1.454191,103.815766
WLS-0637,1.453564,103.816394
WLS-0638,1.453664,103.815816
WLS-0639,1.453186,103.816826
WLS-063A,1.453365,103.817727
WLS-063B,1.452758,103.818095
WLS-063C,1.452246,103.817808
WLS-063D,1.451633,103.8186
WLS-063E,1.453143,103.81854
WLS-063F,1.453906,103.818566
WLS-0640,1.454429,103.818752
WLS-0641,1.450411,103.820634
WLS-0642,1.450098,103.819288
WLS-0643,1.450005,103.819035
WLS-0644,1.451268,103.819852
WLS-0645,1.449802,103.82007
WLS-0646,1.449819,103.820128
WLS-0647,1.451257,103.81939
WLS-0648,1.441818,103.774209
WLS-0649,1.441549,103.772524
WLS-064A,1.441979,103.771733
WLS-064B,1.441964,103.773124
WLS-064C,1.442494,103.774412
WLS-064D,1.443006,103.773969
WLS-064E,1.443586,103.771636
WLS-064F,1.446816,103.772372
WLS-0650,1.446559,103.773562
WLS-0651,1.446562,103.77374
WLS-0652,1.441923,103.797841
WLS-0653,1.442079,103.798616
WLS-0654,1.441729,103.79962
WLS-0655,1.442474,103.796048
WLS-0656,1.442145,103.795388
WLS-0657,1.442809,103.794979
WLS-0658,1.443347,103.795163
WLS-0659,1.455451,103.815464
WLS-065A,1.456078,103.815702
WLS-065B,1.457012,103.81488
WLS-065C,1.457202,103.815113
WLS-065D,1.457224,103.815585
WLS-065E,1.456985,103.815693
WLS-065F,1.456599,103.815644
WLS-0660,1.456426,103.815706
WLS-0661,1.456738,103.815872
WLS-0662,1.456862,103.815952
WLS-0663,1.425571,103.793654
WLS-0664,1.425581,103.794495
WLS-0665,1.427163,103.78983
WLS-0666,1.427188,103.789724
WLS-0667,1.427924,103.789102
WLS-0668,1.428252,103.789021
WLS-0669,1.428248,103.78906
WLS-066A,1.429943,103.786994
WSG-0983,1.246442,103.842482
WWC-0001,1.374619,103.720048
WWC-0002,1.374483,103.717229
WWC-0003,1.374614,103.722084
WWC-0004,1.372261,103.703006
WWC-0005,1.372384,103.694485
WWC-0006,1.371728,103.710066
WWC-0007,1.356323,103.691721
WWC-0008,1.366022,103.69355
WWC-0009,1.380762,103.731248
WWC-000C,1.374339,103.723666
WWC-000D,1.360092,103.69372
WWC-000F,1.368816,103.693937
WWC-0010,1.365816,103.693189
WWC-0012,1.374549,103.725459
WWC-0013,1.379591,103.730908
WWC-0014,1.35992,103.69399
WWC-0015,1.37197,103.69465
WWC-0016,1.331018,103.673962
WWC-0019,1.356382,103.696287
WWC-001B,1.37315,103.69636
WWC-001C,1.354473,103.69424
WWC-001D,1.355472,103.692398
WWC-001E,1.356153,103.69337
WWC-001F,1.37166,103.68436
WWC-0020,1.37309,103.6852
WWC-0021,1.37341,103.68546
WWC-0022,1.38197,103.68412
WWC-0023,1.38064,103.68461
WWC-0024,1.39535,103.69187
WWC-0025,1.39483,103.69209
WWC-0026,1.41416,103.6968
WWC-0027,1.41399,103.69714
WWC-0028,1.37413,103.69355
WWC-0029,1.37386,103.69412
WWC-002A,1.37365,103.69579
YIS-0002,1.423417,103.833942
YIS-0005,1.425307,103.85193
YIS-0006,1.427251,103.850312
YIS-0007,1.43547,103.832984
YIS-0008,1.425167,103.851361
YSH-0001,1.414609,103.823536
YSH-0002,1.408133,103.828928
YSH-0004,1.432102,103.84199
YSH-0005,1.423579,103.847317
YSH-0006,1.433876,103.841928
YSH-0007,1.43784,103.831336
YSH-000A,1.429601,103.8347
YSH-000C,1.411039,103.833907
YSH-000D,1.432088,103.845053
YSH-000E,1.432208,103.846291
YSH-000F,1.432989,103.844866
YSH-0010,1.432705,103.845724
YSH-0011,1.432587,103.846401
YSH-0012,1.43247,103.846697
YSH-0013,1.433172,103.844389
YSH-0014,1.432771,103.844092
YSH-0015,1.432456,103.844167
YSH-0016,1.431374,103.844712
YSH-0017,1.431492,103.844205
YSH-0018,1.431989,103.844178
YSH-0019,1.429243,103.846513
YSH-001A,1.429589,103.847472
YSH-001B,1.429186,103.847171
YSH-001C,1.429576,103.848196
YSH-001D,1.429227,103.848614
YSH-001E,1.429733,103.849174
YSH-001F,1.428584,103.84922
YSH-0020,1.428508,103.848284
YSH-0021,1.428898,103.848528
YSH-0022,1.428848,103.846958
YSH-0023,1.427885,103.847218
YSH-0024,1.427578,103.846552
YSH-0025,1.427513,103.847415
YSH-0026,1.426581,103.846978
YSH-0027,1.426966,103.848794
YSH-0028,1.426612,103.848536
YSH-0029,1.427097,103.849252
YSH-002A,1.425913,103.849283
YSH-002B,1.425932,103.84849
YSH-002C,1.426275,103.848255
YSH-002D,1.426246,103.847543
YSH-002E,1.42628,103.846567
YSH-002F,1.425403,103.847323
YSH-0030,1.425374,103.846959
YSH-0031,1.424911,103.846545
YSH-0032,1.424288,103.846059
YSH-0033,1.423749,103.84628
YSH-0034,1.423813,103.847629
YSH-0035,1.423164,103.847828
YSH-0036,1.423198,103.848759
YSH-0037,1.423187,103.848885
YSH-0038,1.4228,103.849166
YSH-0039,1.422335,103.849633
YSH-003A,1.421627,103.849141
YSH-003B,1.42174,103.848621
YSH-003C,1.420869,103.848523
YSH-003D,1.41983,103.847271
YSH-003E,1.420308,103.847093
YSH-0040,1.419938,103.846965
YSH-0041,1.419235,103.846948
YSH-0042,1.419045,103.846411
YSH-0043,1.419356,103.846125
YSH-0044,1.419881,103.846344
YSH-0045,1.422859,103.848456
YSH-0046,1.422081,103.848417
YSH-0047,1.420905,103.847538
YSH-0048,1.421297,103.84743
YSH-0049,1.421357,103.846069
YSH-004A,1.42167,103.84736
YSH-004B,1.421712,103.846155
YSH-004C,1.422025,103.846437
YSH-004D,1.422389,103.846234
YSH-004E,1.423487,103.845428
YSH-004F,1.423736,103.845113
YSH-0050,1.423238,103.844676
YSH-0051,1.423038,103.844942
YSH-0052,1.422423,103.844861
YSH-0053,1.422657,103.844367
YSH-0054,1.422051,103.844031
YSH-0055,1.421981,103.844542
YSH-0056,1.422009,103.845289
YSH-0057,1.420055,103.845713
YSH-0058,1.420013,103.84504
YSH-0059,1.420034,103.844568
YSH-005A,1.420456,103.844458
YSH-005B,1.420472,103.845657
YSH-005C,1.420744,103.846392
YSH-005D,1.42102,103.846549
YSH-005E,1.423202,103.846478
YSH-005F,1.422636,103.846472
YSH-0060,1.422681,103.846857
YSH-0061,1.423258,103.847584
YSH-0062,1.422661,103.847474
YSH-0063,1.422,103.847301
YSH-0064,1.431095,103.827008
YSH-0065,1.43183,103.826951
YSH-0066,1.432797,103.827163
YSH-0067,1.433463,103.828448
YSH-0068,1.434157,103.829004
YSH-0069,1.434478,103.8287
YSH-006A,1.435008,103.826663
YSH-006B,1.4341,103.827088
YSH-006C,1.434535,103.827608
YSH-006D,1.435288,103.828535
YSH-006E,1.43549,103.828029
YSH-006F,1.435816,103.828244
YSH-0070,1.434663,103.829215
YSH-0071,1.43449,103.830243
YSH-0072,1.434476,103.831673
YSH-0073,1.434655,103.831251
YSH-0074,1.434084,103.830424
YSH-0075,1.433525,103.829947
YSH-0076,1.433956,103.83099
YSH-0077,1.433153,103.831118
YSH-0078,1.432779,103.831171
YSH-0079,1.431213,103.830503
YSH-007A,1.430825,103.829973
YSH-007B,1.430786,103.83152
YSH-007C,1.431004,103.83247
YSH-007D,1.431212,103.831675
YSH-007E,1.431903,103.83219
YSH-007F,1.431571,103.832796
YSH-0080,1.430768,103.833611
YSH-0081,1.430756,103.834501
YSH-0082,1.431592,103.834136
YSH-0083,1.431802,103.834331
YSH-0084,1.432148,103.833905
YSH-0085,1.432713,103.833114
YSH-0087,1.437134,103.832809
YSH-0088,1.436965,103.832106
YSH-0089,1.436573,103.830974
YSH-008A,1.43692,103.830844
YSH-008B,1.437251,103.831665
YSH-008C,1.437565,103.832418
YSH-008D,1.436806,103.838234
YSH-008E,1.437142,103.840314
YSH-008F,1.437424,103.839925
YSH-0090,1.438107,103.83959
YSH-0091,1.437666,103.839672
YSH-0092,1.437757,103.838726
YSH-0094,1.438194,103.836724
YSH-0095,1.43837,103.838285
YSH-0096,1.438301,103.837028
YSH-0098,1.439515,103.839316
YSH-0099,1.43958,103.839385
YSH-009A,1.4397,103.838786
YSH-009B,1.440186,103.838994
YSH-009C,1.439591,103.837802
YSH-009D,1.439813,103.83721
YSH-009E,1.440171,103.837088
YSH-009F,1.440541,103.83896
YSH-00A0,1.418565,103.832399
YSH-00A1,1.418103,103.831763
YSH-00A2,1.417677,103.83186
YSH-00A3,1.418311,103.832804
YSH-00A4,1.418402,103.844779
YSH-00A5,1.41794,103.844294
YSH-00A6,1.417555,103.843962
YSH-00A7,1.41815,103.843317
YSH-00A8,1.418492,103.843732
YSH-00A9,1.418792,103.844731
YSH-00AA,1.419368,103.844789
YSH-00AB,1.418843,103.843865
YSH-00AC,1.414209,103.838281
YSH-00AD,1.414634,103.837279
YSH-00AE,1.414216,103.837383
YSH-00AF,1.413555,103.837792
YSH-00B0,1.413207,103.837397
YSH-00B1,1.414876,103.83696
YSH-00B2,1.413952,103.836237
YSH-00B3,1.41606,103.836682
YSH-00B4,1.416452,103.836718
YSH-00B5,1.41696,103.836666
YSH-00B6,1.417669,103.838449
YSH-00B7,1.417929,103.839129
YSH-00B8,1.417904,103.839623
YSH-00B9,1.417509,103.839442
YSH-00BA,1.417232,103.838344
YSH-00BB,1.416595,103.839439
YSH-00BC,1.422585,103.832598
YSH-00BD,1.422593,103.833492
YSH-00BE,1.422229,103.833469
YSH-00BF,1.422212,103.832004
YSH-00C0,1.421063,103.831964
YSH-00C2,1.413839,103.833064
YSH-00C3,1.414511,103.832672
YSH-00C4,1.415039,103.834184
YSH-00C5,1.415529,103.832879
YSH-00C6,1.415815,103.833287
YSH-00C7,1.415126,103.840958
YSH-00C8,1.41518,103.84154
YSH-00C9,1.416958,103.840569
YSH-00CA,1.416284,103.841413
YSH-00CB,1.416672,103.84152
YSH-00CC,1.41705,103.841937
YSH-00CD,1.41532,103.839798
YSH-00CE,1.414723,103.839923
YSH-00CF,1.41416,103.840302
YSH-00D0,1.414272,103.840464
YSH-00D1,1.415348,103.843562
YSH-00D2,1.416001,103.844817
YSH-00D3,1.426663,103.831795
YSH-00D4,1.425756,103.830494
YSH-00D5,1.426165,103.830648
YSH-00D6,1.426398,103.830179
YSH-00D7,1.425992,103.829618
YSH-00D8,1.425684,103.828949
YSH-00D9,1.426076,103.828941
YSH-00DA,1.426398,103.828717
YSH-00DB,1.426839,103.828838
YSH-00DC,1.426811,103.828452
YSH-00DD,1.422436,103.836562
YSH-00DE,1.420974,103.835776
YSH-00DF,1.420628,103.835907
YSH-00E1,1.420018,103.835484
YSH-00E2,1.419877,103.835925
YSH-00E3,1.419542,103.835584
YSH-00E4,1.419104,103.834994
YSH-00E5,1.418635,103.83447
YSH-00E7,1.418442,103.834878
YSH-00E8,1.418281,103.835633
YSH-00EA,1.41811,103.837031
YSH-00EB,1.418422,103.837858
YSH-00EC,1.418961,103.839865
YSH-00ED,1.42105,103.838682
YSH-00EE,1.42098,103.837673
YSH-00EF,1.421355,103.837708
YSH-00F0,1.423589,103.839405
YSH-00F1,1.423778,103.84009
YSH-00F2,1.422817,103.839784
YSH-00F3,1.422267,103.839431
YSH-00F5,1.420383,103.840274
YSH-00F6,1.419728,103.840481
YSH-00F7,1.419045,103.840578
YSH-00F8,1.429824,103.827609
YSH-00F9,1.429941,103.828645
YSH-00FA,1.429579,103.828664
YSH-00FB,1.429198,103.828591
YSH-00FC,1.428866,103.828591
YSH-00FD,1.428934,103.827674
YSH-00FE,1.428591,103.828047
YSH-00FF,1.428188,103.82749
YSH-0100,1.427869,103.828096
YSH-0101,1.427499,103.827198
YSH-0102,1.427036,103.82762
YSH-0103,1.426462,103.826792
YSH-0104,1.429593,103.830563
YSH-0105,1.429214,103.830863
YSH-0106,1.428926,103.83144
YSH-0107,1.428784,103.831743
YSH-0108,1.429007,103.832094
YSH-0109,1.429375,103.832535
YSH-010A,1.429745,103.832392
YSH-010B,1.430099,103.832403
YSH-010C,1.430085,103.833347
YSH-010D,1.429745,103.832833
YSH-010E,1.429348,103.833244
YSH-010F,1.428923,103.833601
YSH-0110,1.428381,103.833826
YSH-0111,1.428005,103.833904
YSH-0112,1.427608,103.833893
YSH-0113,1.427265,103.833877
YSH-0114,1.426897,103.833907
YSH-0116,1.426579,103.833247
YSH-0117,1.426031,103.834048
YSH-0118,1.426222,103.83342
YSH-0119,1.426238,103.832346
YSH-011A,1.426342,103.83247
YSH-011B,1.425364,103.833701
YSH-011C,1.425027,103.83375
YSH-011D,1.424469,103.832593
YSH-011E,1.423948,103.832432
YSH-011F,1.423622,103.8326
YSH-0120,1.423614,103.831816
YSH-0121,1.425313,103.836758
YSH-0122,1.425375,103.836363
YSH-0123,1.430664,103.838069
YSH-0124,1.430698,103.837468
YSH-0125,1.430686,103.836392
YSH-0126,1.430859,103.83577
YSH-0127,1.431067,103.836623
YSH-0128,1.431345,103.838096
YSH-0129,1.431334,103.835782
YSH-012A,1.432261,103.83613
YSH-012B,1.434001,103.835771
YSH-012C,1.435125,103.83676
YSH-012D,1.434901,103.837267
YSH-012E,1.434048,103.836922
YSH-012F,1.434524,103.837239
YSH-0130,1.433142,103.839285
YSH-0131,1.433,103.839611
YSH-0132,1.43208,103.839188
YSH-0133,1.43285,103.840151
YSH-0134,1.435493,103.835685
YSH-0135,1.435783,103.835692
YSH-0136,1.435724,103.835042
YSH-0137,1.436129,103.834544
YSH-0138,1.433548,103.840641
YSH-0139,1.434502,103.842107
YSH-013A,1.434846,103.84238
YSH-013B,1.434804,103.841847
YSH-013C,1.435381,103.841991
YSH-013D,1.435653,103.841824
YSH-013E,1.435079,103.840721
YSH-013F,1.434695,103.840781
YSH-0140,1.434386,103.840843
YSH-0141,1.435821,103.839316
YSH-0142,1.436172,103.83907
YSH-0143,1.436986,103.841256
YSH-0144,1.436462,103.841189
YSH-0145,1.434781,103.839392
YSH-0146,1.435035,103.838938
YSH-0147,1.42979,103.840096
YSH-0148,1.430067,103.840271
YSH-0149,1.430754,103.839711
YSH-014A,1.430882,103.840444
YSH-014B,1.431289,103.840547
YSH-014C,1.42905,103.841878
YSH-014D,1.428859,103.841484
YSH-014E,1.428542,103.840916
YSH-014F,1.428365,103.840946
YSH-0150,1.429851,103.842582
YSH-0151,1.430469,103.843083
YSH-0152,1.432377,103.842454
YSH-0153,1.432098,103.842505
YSH-0154,1.433236,103.842468
YSH-0155,1.432848,103.842799
YSH-0156,1.434206,103.842961
YSH-0157,1.433836,103.843081
YSH-0158,1.434251,103.843583
YSH-0159,1.433674,103.843867
YSH-015A,1.433368,103.843491
YSH-015B,1.42997,103.845099
YSH-015C,1.429913,103.84403
YSH-015D,1.42931,103.843916
YSH-015E,1.428499,103.843894
YSH-015F,1.428815,103.843737
YSH-0160,1.42795,103.842877
YSH-0161,1.427636,103.842293
YSH-0162,1.427551,103.841185
YSH-0163,1.427342,103.84195
YSH-0164,1.427121,103.842317
YSH-0165,1.426949,103.842744
YSH-0166,1.426347,103.843383
YSH-0167,1.42575,103.844001
YSH-0168,1.426429,103.843772
YSH-0169,1.426477,103.84515
YSH-016A,1.426154,103.845058
YSH-016B,1.425807,103.845392
YSH-016C,1.425656,103.844626
YSH-016D,1.425017,103.84522
YSH-016E,1.425811,103.845918
YSH-016F,1.427412,103.845522
YSH-0170,1.427726,103.845772
YSH-0171,1.428549,103.845075
YSH-0172,1.428881,103.84507
YSH-0173,1.429274,103.845327
YSH-0174,1.428939,103.845864
YSH-0175,1.429576,103.84512
YSH-0177,1.432285,103.839941
YSH-0178,1.436645,103.842006
YSH-0179,1.439045,103.834125
YSH-017A,1.435657,103.836997
YSH-017B,1.419018,103.841007
YSH-017C,1.411488,103.834206
YSH-017D,1.417723,103.842408
YSH-017E,1.423398,103.838801
YSH-017F,1.417621,103.846328
YSH-0180,1.423466,103.841994
YSH-0182,1.426027,103.841233
YSH-0183,1.410806,103.833832
YSH-0184,1.409431,103.830884
YSH-0185,1.41518,103.859861
YSH-0186,1.401359,103.817456
YSH-0187,1.402548,103.82649
YSH-0189,1.402592,103.812525
YSH-018A,1.406985,103.820471
YSH-018B,1.430028,103.837248
YSH-018C,1.416729,103.83271
YSH-018D,1.41698,103.832456
YSH-018E,1.417293,103.832702
YSH-018F,1.417642,103.83288
YSH-0190,1.418096,103.83311
YSH-0191,1.416698,103.833305
YSH-0192,1.416712,103.833366
YSH-0193,1.41713,103.832674
YSH-0196,1.428743,103.835069
YSH-0197,1.428713,103.835069
YSH-0198,1.429174,103.834772
YSH-0199,1.429364,103.834781
YSH-019A,1.429558,103.834786
YSH-019B,1.429969,103.834813
YSH-019C,1.430206,103.834824
YSH-019D,1.430713,103.835153
YSH-019E,1.43799,103.830636
YSH-019F,1.438628,103.830355
YSH-01A0,1.429295,103.834671
YSH-01A2,1.431073,103.82695
YSH-01A3,1.430432,103.827829
YSH-01A4,1.43042,103.827717
YSH-01A5,1.430989,103.82695
YSH-01A6,1.431157,103.829059
YSH-01A7,1.430458,103.828526
YSH-01A8,1.431792,103.828345
YSH-01A9,1.431838,103.829191
YSH-01AA,1.431239,103.829409
YSH-01AB,1.43185,103.827122
YSH-01AC,1.432688,103.827023
YSH-01AD,1.43221,103.827431
YSH-01AE,1.43298,103.827491
YSH-01AF,1.43274,103.827783
YSH-01B0,1.432194,103.827183
YSH-01B1,1.432964,103.82726
YSH-01B2,1.432709,103.829292
YSH-01B3,1.432259,103.828486
YSH-01B4,1.432786,103.828592
YSH-01B5,1.432794,103.828696
YSH-01B6,1.433468,103.828348
YSH-01B7,1.433272,103.828366
YSH-01B8,1.434223,103.829026
YSH-01B9,1.434225,103.829078
YSH-01BA,1.434834,103.828605
YSH-01BB,1.43504,103.826626
YSH-01BC,1.434121,103.826997
YSH-01BD,1.434555,103.827574
YSH-01BE,1.434348,103.828313
YSH-01BF,1.434523,103.828093
YSH-01C0,1.434991,103.828135
YSH-01C1,1.435546,103.827523
YSH-01C2,1.435889,103.828948
YSH-01C3,1.435966,103.828494
YSH-01C4,1.434805,103.829253
YSH-01C5,1.434709,103.829164
YSH-01C6,1.434086,103.829806
YSH-01C7,1.434496,103.830339
YSH-01C8,1.435103,103.831426
YSH-01C9,1.434755,103.830775
YSH-01CA,1.435103,103.831514
YSH-01CB,1.434564,103.831034
YSH-01CC,1.433839,103.830455
YSH-01CD,1.433528,103.829982
YSH-01CE,1.433503,103.831204
YSH-01CF,1.43351,103.831289
YSH-01D0,1.433526,103.831505
YSH-01D1,1.433167,103.831746
YSH-01D2,1.433123,103.831148
YSH-01D3,1.433167,103.831368
YSH-01D4,1.43277,103.831102
YSH-01D5,1.432784,103.831356
YSH-01D6,1.432782,103.831535
YSH-01D7,1.432806,103.831806
YSH-01D8,1.4324,103.831611
YSH-01D9,1.432367,103.831241
YSH-01DA,1.432038,103.831621
YSH-01DB,1.432008,103.831268
YSH-01DC,1.432048,103.831695
YSH-01DD,1.431984,103.830457
YSH-01DE,1.431719,103.829917
YSH-01DF,1.43159,103.830399
YSH-01E0,1.431651,103.831273
YSH-01E1,1.431684,103.831818
YSH-01E2,1.431178,103.83077
YSH-01E3,1.431213,103.830555
YSH-01E4,1.431185,103.830833
YSH-01E5,1.430688,103.830029
YSH-01E6,1.431639,103.831208
YSH-01E7,1.430767,103.830441
YSH-01E8,1.430837,103.832116
YSH-01E9,1.430839,103.832028
YSH-01EA,1.431236,103.831667
YSH-01EB,1.431908,103.83239
YSH-01EC,1.431905,103.832846
YSH-01ED,1.431595,103.832909
YSH-01EE,1.430831,103.833601
YSH-01EF,1.430782,103.833666
YSH-01F1,1.430726,103.834926
YSH-01F2,1.431174,103.834468
YSH-01F3,1.43154,103.834113
YSH-01F4,1.431559,103.834238
YSH-01F5,1.431895,103.83441
YSH-01F6,1.43189,103.834303
YSH-01F7,1.432235,103.834203
YSH-01F8,1.432793,103.834182
YSH-01F9,1.43279,103.83408
YSH-01FA,1.432387,103.832823
YSH-01FB,1.432781,103.833353
YSH-01FC,1.432778,103.833429
YSH-01FD,1.432768,103.833148
YSH-01FE,1.432845,103.832554
YSH-01FF,1.433119,103.83253
YSH-0200,1.432851,103.832432
YSH-0201,1.433041,103.832434
YSH-0202,1.432766,103.832541
YSH-0203,1.435763,103.831837
YSH-0204,1.435808,103.831728
YSH-0205,1.435759,103.831939
YSH-0206,1.436244,103.831793
YSH-0207,1.436015,103.831293
YSH-0208,1.436594,103.832298
YSH-0209,1.437276,103.83285
YSH-020A,1.436911,103.83237
YSH-020B,1.436638,103.831501
YSH-020C,1.436663,103.831198
YSH-020D,1.436997,103.830788
YSH-020E,1.437398,103.831687
YSH-020F,1.437591,103.832623
YSH-0210,1.430648,103.837979
YSH-0211,1.430646,103.837874
YSH-0212,1.430673,103.837228
YSH-0213,1.430671,103.837463
YSH-0214,1.430722,103.836466
YSH-0215,1.430708,103.83606
YSH-0216,1.430716,103.83589
YSH-0217,1.431096,103.83607
YSH-0218,1.431026,103.837447
YSH-0219,1.431031,103.837335
YSH-021A,1.431394,103.838014
YSH-021B,1.431392,103.837817
YSH-021C,1.431419,103.837372
YSH-021D,1.431405,103.837504
YSH-021E,1.431582,103.838903
YSH-021F,1.431715,103.83845
YSH-0220,1.431762,103.838156
YSH-0221,1.43165,103.837161
YSH-0222,1.431662,103.836801
YSH-0223,1.43182,103.836546
YSH-0224,1.431462,103.836141
YSH-0225,1.431433,103.836513
YSH-0226,1.431938,103.83563
YSH-0227,1.43231,103.836556
YSH-0228,1.432661,103.836466
YSH-0229,1.432931,103.836091
YSH-022A,1.433268,103.835999
YSH-022B,1.433738,103.835224
YSH-022C,1.433651,103.83524
YSH-022D,1.433076,103.83538
YSH-022E,1.433963,103.836302
YSH-022F,1.433724,103.836011
YSH-0230,1.433663,103.835816
YSH-0231,1.433992,103.835563
YSH-0232,1.434399,103.835686
YSH-0233,1.434423,103.835778
YSH-0234,1.434374,103.835051
YSH-0235,1.434636,103.835252
YSH-0236,1.434848,103.835987
YSH-0237,1.434832,103.835855
YSH-0238,1.435174,103.836804
YSH-0239,1.43516,103.836914
YSH-023A,1.435319,103.837458
YSH-023B,1.434988,103.837462
YSH-023C,1.434902,103.837109
YSH-023D,1.43413,103.83681
YSH-023E,1.434028,103.836926
YSH-023F,1.434052,103.837038
YSH-0240,1.434731,103.837818
YSH-0241,1.434653,103.837643
YSH-0242,1.434442,103.83701
YSH-0243,1.434732,103.837887
YSH-0244,1.434336,103.837931
YSH-0245,1.43328,103.838945
YSH-0246,1.433419,103.838928
YSH-0247,1.433629,103.838926
YSH-0248,1.433024,103.83919
YSH-0249,1.433098,103.839264
YSH-024A,1.432961,103.839627
YSH-024B,1.432869,103.839564
YSH-024C,1.432262,103.839003
YSH-024D,1.432126,103.839454
YSH-024E,1.432231,103.83953
YSH-024F,1.433057,103.840242
YSH-0250,1.432924,103.840242
YSH-0251,1.43382,103.840292
YSH-0252,1.433522,103.840639
YSH-0253,1.433728,103.840393
YSH-0254,1.433865,103.841264
YSH-0255,1.434039,103.841106
YSH-0256,1.434597,103.842161
YSH-0257,1.435134,103.842725
YSH-0258,1.43484,103.842405
YSH-0259,1.43508,103.842131
YSH-025A,1.434844,103.841893
YSH-025B,1.435071,103.84167
YSH-025C,1.435444,103.842072
YSH-025D,1.435858,103.842003
YSH-025E,1.435114,103.84088
YSH-025F,1.434832,103.840111
YSH-0260,1.434564,103.840367
YSH-0261,1.434366,103.840767
YSH-0262,1.434204,103.840369
YSH-0263,1.434341,103.839703
YSH-0264,1.434425,103.839591
YSH-0265,1.434556,103.839449
YSH-0266,1.435079,103.838862
YSH-0267,1.43551,103.839422
YSH-0268,1.435766,103.839146
YSH-0269,1.435902,103.839512
YSH-026A,1.436084,103.838854
YSH-026B,1.436121,103.838931
YSH-026C,1.435563,103.838369
YSH-026D,1.43689,103.838172
YSH-026E,1.436787,103.838222
YSH-026F,1.436965,103.838797
YSH-0270,1.437323,103.840568
YSH-0271,1.437462,103.840704
YSH-0272,1.437439,103.840117
YSH-0273,1.437682,103.840357
YSH-0274,1.437993,103.839323
YSH-0275,1.438048,103.839516
YSH-0276,1.437752,103.839857
YSH-0277,1.437638,103.839516
YSH-0278,1.437478,103.839104
YSH-0279,1.437413,103.838886
YSH-027A,1.437795,103.83876
YSH-027B,1.437727,103.838582
YSH-027C,1.437865,103.838265
YSH-027D,1.438263,103.838009
YSH-027E,1.438316,103.837234
YSH-027F,1.43862,103.837093
YSH-0280,1.439499,103.839319
YSH-0281,1.439388,103.839017
YSH-0282,1.439662,103.83869
YSH-0283,1.440014,103.838679
YSH-0284,1.4401,103.838856
YSH-0285,1.439606,103.837835
YSH-0286,1.439675,103.837762
YSH-0287,1.439544,103.837601
YSH-0288,1.439884,103.837445
YSH-0289,1.440497,103.838913
YSH-028A,1.44021,103.838328
YSH-028B,1.436231,103.836267
YSH-028C,1.436007,103.836348
YSH-028D,1.435872,103.837073
YSH-028E,1.435571,103.836549
YSH-028F,1.43561,103.836535
YSH-0290,1.435745,103.838066
YSH-0291,1.436268,103.837373
YSH-0292,1.435377,103.835731
YSH-0293,1.435876,103.835428
YSH-0294,1.435909,103.835548
YSH-0295,1.435962,103.834924
YSH-0296,1.436274,103.834669
YSH-0297,1.436397,103.83461
YSH-0298,1.429782,103.839913
YSH-0299,1.430127,103.839584
YSH-029A,1.429788,103.839976
YSH-029B,1.430297,103.839986
YSH-029C,1.430356,103.839968
YSH-029D,1.430109,103.840236
YSH-029E,1.430305,103.840047
YSH-029F,1.430669,103.840124
YSH-02A0,1.430638,103.840201
YSH-02A1,1.430487,103.840329
YSH-02A2,1.431253,103.839545
YSH-02A3,1.431157,103.84001
YSH-02A4,1.430898,103.840469
YSH-02A5,1.431396,103.840396
YSH-02A6,1.431137,103.84065
YSH-02A7,1.432551,103.840747
YSH-02A8,1.43234,103.840532
YSH-02A9,1.431915,103.841415
YSH-02AA,1.43202,103.841474
YSH-02AB,1.431333,103.841062
YSH-02AC,1.43158,103.840819
YSH-02AD,1.431414,103.840962
YSH-02AE,1.431574,103.841287
YSH-02AF,1.431668,103.841184
YSH-02B0,1.431882,103.840967
YSH-02B1,1.431733,103.841754
YSH-02B2,1.429079,103.841803
YSH-02B3,1.429265,103.841133
YSH-02B4,1.428856,103.841566
YSH-02B5,1.428568,103.840879
YSH-02B6,1.428711,103.840835
YSH-02B7,1.428964,103.840762
YSH-02B8,1.42914,103.840814
YSH-02B9,1.428188,103.841468
YSH-02BA,1.428251,103.841531
YSH-02BB,1.428175,103.841113
YSH-02BC,1.428729,103.842041
YSH-02BD,1.428558,103.841886
YSH-02BE,1.429534,103.841821
YSH-02BF,1.429038,103.842366
YSH-02C0,1.429845,103.842136
YSH-02C1,1.429365,103.842668
YSH-02C2,1.4299,103.842569
YSH-02C3,1.430313,103.842183
YSH-02C4,1.429853,103.843099
YSH-02C5,1.429682,103.84294
YSH-02C6,1.430186,103.842725
YSH-02C7,1.430129,103.84279
YSH-02C8,1.430382,103.842559
YSH-02C9,1.43062,103.842725
YSH-02CA,1.430667,103.842853
YSH-02CB,1.430544,103.842668
YSH-02CC,1.430797,103.842727
YSH-02CD,1.430601,103.843074
YSH-02CE,1.430736,103.843078
YSH-02CF,1.430887,103.843186
YSH-02D0,1.430329,103.843464
YSH-02D1,1.430178,103.843472
YSH-02D2,1.430738,103.843462
YSH-02D3,1.429352,103.843934
YSH-02D4,1.429518,103.844082
YSH-02D5,1.429429,103.843978
YSH-02D6,1.429015,103.844025
YSH-02D7,1.42846,103.843903
YSH-02D8,1.42848,103.844269
YSH-02D9,1.428472,103.844114
YSH-02DA,1.428467,103.84337
YSH-02DB,1.428749,103.843792
YSH-02DC,1.428675,103.843273
YSH-02DD,1.428438,103.843441
YSH-02DE,1.428804,103.843716
YSH-02DF,1.427376,103.842918
YSH-02E0,1.425936,103.8436
YSH-02E1,1.42597,103.84364
YSH-02E2,1.426406,103.843386
YSH-02E3,1.42625,103.843278
YSH-02E4,1.425933,103.844062
YSH-02E5,1.425837,103.84404
YSH-02E6,1.42549,103.844107
YSH-02E7,1.425757,103.844375
YSH-02E8,1.426444,103.844327
YSH-02E9,1.426401,103.843802
YSH-02EA,1.426456,103.844666
YSH-02EB,1.426125,103.845078
YSH-02EC,1.426136,103.845387
YSH-02ED,1.425795,103.845404
YSH-02EE,1.425742,103.845054
YSH-02EF,1.425753,103.845327
YSH-02F0,1.425257,103.845
YSH-02F1,1.425701,103.84467
YSH-02F2,1.425444,103.845586
YSH-02F3,1.425096,103.845262
YSH-02F4,1.426122,103.845989
YSH-02F5,1.427407,103.845881
YSH-02F6,1.427394,103.845517
YSH-02F7,1.427716,103.845504
YSH-02F8,1.427755,103.845841
YSH-02F9,1.428516,103.84482
YSH-02FA,1.428518,103.845076
YSH-02FB,1.428892,103.845253
YSH-02FC,1.428906,103.845048
YSH-02FD,1.429267,103.845363
YSH-02FE,1.429355,103.84581
YSH-02FF,1.429584,103.845015
YSH-0300,1.4292,103.847482
YSH-0301,1.429189,103.847642
YSH-0302,1.429534,103.848399
YSH-0303,1.429553,103.848262
YSH-0304,1.429551,103.848575
YSH-0305,1.429262,103.848568
YSH-0306,1.42927,103.848606
YSH-0307,1.429659,103.849194
YSH-0308,1.429626,103.849157
YSH-0309,1.428422,103.849232
YSH-030A,1.428804,103.84923
YSH-030B,1.428564,103.848218
YSH-030C,1.428556,103.848626
YSH-030D,1.428824,103.848342
YSH-030E,1.428816,103.848132
YSH-030F,1.428784,103.846856
YSH-0310,1.428824,103.847288
YSH-0311,1.42794,103.84754
YSH-0312,1.427916,103.846914
YSH-0313,1.427921,103.847048
YSH-0314,1.427937,103.847686
YSH-0315,1.427468,103.846934
YSH-0316,1.427482,103.847228
YSH-0317,1.427499,103.847697
YSH-0318,1.427496,103.847568
YSH-0319,1.426609,103.847559
YSH-031A,1.42688,103.848377
YSH-031B,1.426904,103.848924
YSH-031C,1.426907,103.84829
YSH-031D,1.426616,103.847964
YSH-031E,1.426647,103.848874
YSH-031F,1.426966,103.8493
YSH-0320,1.425883,103.849342
YSH-0321,1.426225,103.848063
YSH-0322,1.42595,103.848797
YSH-0323,1.425976,103.848707
YSH-0324,1.426152,103.847088
YSH-0325,1.426622,103.846642
YSH-0326,1.426515,103.846611
YSH-0327,1.425599,103.847293
YSH-0328,1.425504,103.846988
YSH-0329,1.424954,103.846454
YSH-032A,1.425094,103.846734
YSH-032B,1.424281,103.846029
YSH-032C,1.424461,103.845831
YSH-032D,1.423894,103.845823
YSH-032E,1.423785,103.847367
YSH-032F,1.42286,103.848154
YSH-0330,1.422426,103.848559
YSH-0331,1.422059,103.847953
YSH-0332,1.422065,103.848021
YSH-0333,1.422095,103.848763
YSH-0334,1.420919,103.847039
YSH-0335,1.420888,103.847415
YSH-0336,1.420931,103.847548
YSH-0337,1.420909,103.846984
YSH-0338,1.421349,103.847148
YSH-0339,1.42134,103.847517
YSH-033A,1.421343,103.847007
YSH-033B,1.421336,103.847582
YSH-033C,1.421412,103.846267
YSH-033D,1.421424,103.84633
YSH-033E,1.421381,103.845797
YSH-033F,1.421388,103.846029
YSH-0340,1.421668,103.846942
YSH-0341,1.421668,103.846876
YSH-0342,1.421702,103.84763
YSH-0343,1.421649,103.845909
YSH-0344,1.421652,103.845984
YSH-0345,1.421663,103.846262
YSH-0346,1.42169,103.845794
YSH-0347,1.421714,103.845794
YSH-0348,1.42174,103.845793
YSH-0349,1.421979,103.846079
YSH-034A,1.421972,103.846029
YSH-034B,1.422,103.846816
YSH-034C,1.422338,103.846016
YSH-034D,1.422337,103.84649
YSH-034E,1.422368,103.846732
YSH-034F,1.422374,103.8468
YSH-0350,1.423531,103.845352
YSH-0351,1.423818,103.844925
YSH-0352,1.423725,103.845112
YSH-0353,1.423628,103.845075
YSH-0354,1.423562,103.844767
YSH-0355,1.423444,103.844605
YSH-0356,1.423433,103.844537
YSH-0357,1.423081,103.844927
YSH-0358,1.422463,103.845185
YSH-0359,1.422447,103.844701
YSH-035A,1.422433,103.844641
YSH-035B,1.422564,103.844342
YSH-035C,1.422644,103.844387
YSH-035D,1.422014,103.843999
YSH-035E,1.421988,103.844127
YSH-035F,1.421996,103.844413
YSH-0360,1.422006,103.844477
YSH-0361,1.422013,103.844862
YSH-0362,1.422032,103.84514
YSH-0363,1.422039,103.845215
YSH-0364,1.42206,103.845624
YSH-0365,1.419956,103.845528
YSH-0366,1.419945,103.845448
YSH-0367,1.419937,103.84526
YSH-0368,1.420015,103.84436
YSH-0369,1.42045,103.844454
YSH-036A,1.420364,103.845483
YSH-036B,1.420455,103.845393
YSH-036C,1.420706,103.846518
YSH-036D,1.421102,103.846587
YSH-036E,1.422495,103.836069
YSH-036F,1.422364,103.836526
YSH-0370,1.422052,103.835436
YSH-0371,1.42168,103.835324
YSH-0372,1.4217,103.835683
YSH-0373,1.421392,103.836571
YSH-0374,1.421386,103.83612
YSH-0375,1.421341,103.836171
YSH-0376,1.421369,103.836435
YSH-0377,1.4214,103.835848
YSH-0378,1.421359,103.835762
YSH-0379,1.420987,103.835964
YSH-037A,1.42096,103.835746
YSH-037B,1.420658,103.835807
YSH-037C,1.420521,103.836217
YSH-037D,1.42021,103.835925
YSH-037E,1.420542,103.835194
YSH-037F,1.420584,103.835214
YSH-0380,1.420409,103.835252
YSH-0381,1.42008,103.835045
YSH-0382,1.420047,103.835236
YSH-0383,1.420021,103.835317
YSH-0384,1.419998,103.835512
YSH-0385,1.419798,103.836166
YSH-0386,1.419896,103.835829
YSH-0387,1.419403,103.835132
YSH-0388,1.419554,103.835654
YSH-0389,1.41897,103.834602
YSH-038A,1.418999,103.834545
YSH-038B,1.418649,103.835199
YSH-038C,1.41833,103.835053
YSH-038D,1.418432,103.834872
YSH-038E,1.418465,103.834785
YSH-038F,1.418054,103.835583
YSH-0390,1.41774,103.835223
YSH-0391,1.418128,103.835615
YSH-0392,1.418077,103.836328
YSH-0393,1.417441,103.835826
YSH-0394,1.417666,103.835719
YSH-0395,1.417655,103.836832
YSH-0396,1.417599,103.836712
YSH-0397,1.417719,103.837047
YSH-0398,1.41802,103.836817
YSH-0399,1.418174,103.837193
YSH-039A,1.418157,103.837143
YSH-039B,1.418326,103.837588
YSH-039C,1.418491,103.837958
YSH-039D,1.41847,103.837914
YSH-039E,1.418131,103.838042
YSH-039F,1.418174,103.83812
YSH-03A0,1.418013,103.8377
YSH-03A1,1.41851,103.838911
YSH-03A2,1.418824,103.839905
YSH-03A3,1.418662,103.839522
YSH-03A4,1.418852,103.83888
YSH-03A5,1.418971,103.839225
YSH-03A6,1.418813,103.838812
YSH-03A7,1.419322,103.839201
YSH-03A8,1.419345,103.839274
YSH-03A9,1.419128,103.838701
YSH-03AA,1.419197,103.838849
YSH-03AB,1.419718,103.83913
YSH-03AC,1.419715,103.839569
YSH-03AD,1.42001,103.839023
YSH-03AE,1.420234,103.839386
YSH-03AF,1.420291,103.838761
YSH-03B0,1.420149,103.838283
YSH-03B1,1.420295,103.838698
YSH-03B2,1.420526,103.838307
YSH-03B3,1.420541,103.838345
YSH-03B4,1.421046,103.839045
YSH-03B5,1.420796,103.838111
YSH-03B6,1.420986,103.837302
YSH-03B7,1.42098,103.837753
YSH-03B8,1.421379,103.837802
YSH-03B9,1.421334,103.837128
YSH-03BA,1.421693,103.837114
YSH-03BB,1.421847,103.83841
YSH-03BC,1.422088,103.837782
YSH-03BD,1.422112,103.837705
YSH-03BE,1.422123,103.83737
YSH-03BF,1.42256,103.837426
YSH-03C0,1.422394,103.837043
YSH-03C1,1.423182,103.838932
YSH-03C2,1.423425,103.839202
YSH-03C3,1.423497,103.84026
YSH-03C4,1.423041,103.83947
YSH-03C5,1.422988,103.839432
YSH-03C6,1.423051,103.83957
YSH-03C7,1.422933,103.840513
YSH-03C8,1.422578,103.83926
YSH-03C9,1.42255,103.839192
YSH-03CA,1.422817,103.839886
YSH-03CB,1.42211,103.839051
YSH-03CC,1.422372,103.8397
YSH-03CD,1.42207,103.839836
YSH-03CE,1.421576,103.839592
YSH-03CF,1.421759,103.839991
YSH-03D0,1.421602,103.839651
YSH-03D1,1.422229,103.840779
YSH-03D2,1.420597,103.840802
YSH-03D3,1.420415,103.840394
YSH-03D4,1.42037,103.840268
YSH-03D5,1.420522,103.840632
YSH-03D6,1.41998,103.840224
YSH-03D7,1.419968,103.839779
YSH-03D8,1.42033,103.841096
YSH-03D9,1.420485,103.841185
YSH-03DA,1.419777,103.840569
YSH-03DB,1.419128,103.840138
YSH-03DC,1.419132,103.84062
YSH-03DD,1.429926,103.828451
YSH-03DE,1.429989,103.829151
YSH-03DF,1.429986,103.829225
YSH-03E0,1.429579,103.828821
YSH-03E1,1.42959,103.828896
YSH-03E2,1.429223,103.828829
YSH-03E3,1.429263,103.828913
YSH-03E4,1.429271,103.829229
YSH-03E5,1.428901,103.829308
YSH-03E6,1.428848,103.828576
YSH-03E7,1.428879,103.82743
YSH-03E8,1.428558,103.827592
YSH-03E9,1.428556,103.8275
YSH-03EA,1.428186,103.827424
YSH-03EB,1.427854,103.827605
YSH-03EC,1.427871,103.828065
YSH-03ED,1.427416,103.827112
YSH-03EE,1.427361,103.8271
YSH-03EF,1.426968,103.827496
YSH-03F0,1.427034,103.827791
YSH-03F1,1.426255,103.827275
YSH-03F2,1.426652,103.826857
YSH-03F3,1.426734,103.828292
YSH-03F4,1.426658,103.828302
YSH-03F5,1.426823,103.828755
YSH-03F6,1.426852,103.829159
YSH-03F7,1.42639,103.828556
YSH-03F8,1.426425,103.82882
YSH-03F9,1.4261,103.829021
YSH-03FB,1.425984,103.829661
YSH-03FD,1.426962,103.830351
YSH-03FE,1.426971,103.830835
YSH-03FF,1.426952,103.830534
YSH-0400,1.426537,103.830762
YSH-0401,1.426574,103.831316
YSH-0402,1.426182,103.830591
YSH-0403,1.42619,103.830898
YSH-0404,1.425802,103.83107
YSH-0405,1.427289,103.831375
YSH-0406,1.429634,103.830909
YSH-0407,1.428914,103.831365
YSH-0408,1.428487,103.831741
YSH-0409,1.429004,103.832186
YSH-040A,1.429364,103.832511
YSH-040B,1.430108,103.832282
YSH-040C,1.430102,103.832974
YSH-040D,1.430105,103.83353
YSH-040E,1.429225,103.830832
YSH-040F,1.429244,103.831279
YSH-0410,1.429703,103.833248
YSH-0411,1.429325,103.833352
YSH-0412,1.428951,103.83337
YSH-0413,1.428935,103.833732
YSH-0414,1.428382,103.834069
YSH-0415,1.428371,103.834304
YSH-0416,1.428388,103.833985
YSH-0417,1.428003,103.833914
YSH-0418,1.427993,103.834081
YSH-0419,1.427627,103.834137
YSH-041A,1.427617,103.834221
YSH-041B,1.427218,103.834263
YSH-041C,1.427228,103.834182
YSH-041D,1.426842,103.834265
YSH-041E,1.426869,103.834178
YSH-041F,1.427087,103.832407
YSH-0420,1.426576,103.833088
YSH-0421,1.426527,103.83441
YSH-0422,1.426525,103.83406
YSH-0423,1.426004,103.834379
YSH-0424,1.426029,103.834036
YSH-0425,1.426254,103.833061
YSH-0426,1.426237,103.833496
YSH-0427,1.425802,103.832799
YSH-0428,1.425714,103.833871
YSH-0429,1.425313,103.834178
YSH-042A,1.425398,103.833585
YSH-042B,1.425048,103.833837
YSH-042C,1.42466,103.834103
YSH-042D,1.424656,103.834144
YSH-042E,1.424365,103.834072
YSH-042F,1.42446,103.832609
YSH-0430,1.423947,103.832848
YSH-0431,1.423973,103.832354
YSH-0432,1.423945,103.832904
YSH-0433,1.423649,103.832475
YSH-0434,1.423705,103.831849
YSH-0435,1.42339,103.831972
YSH-0436,1.422571,103.831799
YSH-0437,1.422601,103.833514
YSH-0438,1.422594,103.83431
YSH-0439,1.422213,103.833769
YSH-043A,1.42222,103.833927
YSH-043B,1.422189,103.832061
YSH-043C,1.422206,103.832696
YSH-043D,1.42181,103.832259
YSH-043E,1.421817,103.83218
YSH-043F,1.421826,103.832504
YSH-0440,1.421822,103.832794
YSH-0441,1.421838,103.833988
YSH-0442,1.421852,103.833579
YSH-0443,1.421835,103.833684
YSH-0444,1.421834,103.833342
YSH-0445,1.421838,103.833278
YSH-0446,1.421561,103.834222
YSH-0447,1.421537,103.832303
YSH-0448,1.421372,103.831754
YSH-044A,1.421072,103.83378
YSH-044B,1.421079,103.833893
YSH-044C,1.421083,103.834058
YSH-044D,1.420925,103.834224
YSH-044E,1.420148,103.83355
YSH-044F,1.420015,103.833675
YSH-0450,1.420698,103.833564
YSH-0451,1.420401,103.832407
YSH-0452,1.420087,103.832442
YSH-0453,1.419698,103.832313
YSH-0454,1.419693,103.832245
YSH-0455,1.419726,103.833768
YSH-0456,1.419724,103.833684
YSH-0457,1.418868,103.833286
YSH-0458,1.418813,103.832011
YSH-0459,1.418943,103.831815
YSH-045A,1.41861,103.831604
YSH-045B,1.418488,103.831902
YSH-045C,1.418203,103.831579
YSH-045D,1.418011,103.831162
YSH-045E,1.417881,103.831376
YSH-045F,1.417673,103.83109
YSH-0460,1.417176,103.831237
YSH-0461,1.416827,103.831098
YSH-0462,1.416967,103.830813
YSH-0463,1.416661,103.830651
YSH-0464,1.416299,103.831152
YSH-0465,1.416619,103.830735
YSH-0466,1.416214,103.831408
YSH-0467,1.41623,103.831696
YSH-0468,1.411856,103.833549
YSH-0469,1.411981,103.833119
YSH-046B,1.413003,103.834055
YSH-046C,1.413269,103.834226
YSH-046D,1.413428,103.834373
YSH-046E,1.413758,103.833994
YSH-046F,1.413919,103.833697
YSH-0470,1.413681,103.833391
YSH-0471,1.414373,103.832937
YSH-0472,1.414158,103.833292
YSH-0473,1.414455,103.832717
YSH-0474,1.414134,103.832486
YSH-0475,1.415097,103.833046
YSH-0476,1.41523,103.832802
YSH-0477,1.41596,103.833708
YSH-0478,1.414526,103.833409
YSH-0479,1.414816,103.832827
YSH-047A,1.415874,103.833884
YSH-047B,1.416033,103.833562
YSH-047C,1.414165,103.834127
YSH-047D,1.414706,103.83476
YSH-047E,1.414456,103.834289
YSH-047F,1.41463,103.833914
YSH-0480,1.415175,103.833819
YSH-0481,1.415539,103.832941
YSH-0482,1.415403,103.833133
YSH-0483,1.416316,103.833759
YSH-0484,1.416321,103.833762
YSH-0485,1.416736,103.833374
YSH-0486,1.416706,103.83336
YSH-0487,1.416422,103.833548
YSH-0488,1.4166,103.833546
YSH-0489,1.415737,103.833342
YSH-048A,1.415648,103.833558
YSH-048B,1.415888,103.834598
YSH-048C,1.416083,103.834251
YSH-048D,1.416073,103.834245
YSH-048E,1.415894,103.834602
YSH-048F,1.415403,103.835262
YSH-0490,1.415529,103.835408
YSH-0491,1.416316,103.834858
YSH-0492,1.417292,103.835137
YSH-0493,1.417071,103.835125
YSH-0494,1.417255,103.835213
YSH-0495,1.417273,103.835173
YSH-0496,1.417137,103.835153
YSH-0497,1.416321,103.836048
YSH-0498,1.447559,103.831915
YSH-0499,1.415523,103.836958
YSH-049A,1.41554,103.836967
YSH-049B,1.415504,103.836947
YSH-049C,1.415993,103.836878
YSH-049D,1.416073,103.836723
YSH-049E,1.416167,103.837339
YSH-049F,1.416535,103.836624
YSH-04A0,1.416515,103.837464
YSH-04A1,1.417156,103.837128
YSH-04A2,1.417174,103.83712
YSH-04A3,1.417136,103.837138
YSH-04A4,1.417556,103.838237
YSH-04A5,1.417717,103.838666
YSH-04A6,1.417978,103.83942
YSH-04A7,1.417982,103.839238
YSH-04A8,1.418002,103.839427
YSH-04A9,1.417645,103.839976
YSH-04AA,1.417793,103.839862
YSH-04AB,1.417653,103.839964
YSH-04AC,1.417642,103.839994
YSH-04AD,1.417502,103.8394
YSH-04AE,1.417385,103.839707
YSH-04AF,1.417282,103.83901
YSH-04B0,1.417235,103.839106
YSH-04B1,1.417162,103.839284
YSH-04B2,1.416993,103.839675
YSH-04B3,1.416866,103.838762
YSH-04B4,1.416667,103.839196
YSH-04B5,1.414218,103.838382
YSH-04B6,1.414561,103.837193
YSH-04B7,1.414722,103.837376
YSH-04B8,1.413992,103.837821
YSH-04B9,1.414188,103.837435
YSH-04BA,1.413899,103.837212
YSH-04BB,1.413551,103.837882
YSH-04BC,1.413148,103.838171
YSH-04BD,1.412966,103.837424
YSH-04BE,1.413645,103.836831
YSH-04BF,1.413511,103.837024
YSH-04C0,1.413638,103.83678
YSH-04C1,1.414922,103.83699
YSH-04C2,1.414681,103.836927
YSH-04C3,1.415321,103.836153
YSH-04C4,1.41484,103.836195
YSH-04C5,1.414922,103.835974
YSH-04C6,1.414824,103.836166
YSH-04C7,1.413999,103.835198
YSH-04C8,1.413989,103.835833
YSH-04C9,1.414206,103.835943
YSH-04CA,1.414639,103.835741
YSH-04CB,1.414385,103.836227
YSH-04CC,1.414257,103.836496
YSH-04CD,1.413852,103.836403
YSH-04CE,1.413807,103.836426
YSH-04CF,1.428104,103.837758
YSH-04D0,1.425041,103.836198
YSH-04D1,1.425562,103.836456
YSH-04D2,1.433382,103.827765
YSH-04D3,1.436618,103.840818
YSH-04D4,1.432531,103.842308
YSH-04D5,1.43341,103.842477
YSH-04D6,1.433383,103.842386
YSH-04D7,1.434666,103.843143
YSH-04D8,1.434233,103.843495
YSH-04D9,1.434253,103.843629
YSH-04DA,1.430771,103.844266
YSH-04DB,1.430809,103.844166
YSH-04DC,1.428001,103.842406
YSH-04DD,1.428098,103.842664
YSH-04DE,1.428061,103.842523
YSH-04DF,1.428032,103.842462
YSH-04E0,1.428014,103.842873
YSH-04E1,1.427521,103.84114
YSH-04E2,1.427391,103.841162
YSH-04E3,1.423281,103.847954
YSH-04E4,1.423283,103.847842
YSH-04E5,1.423178,103.846852
YSH-04E6,1.423201,103.846705
YSH-04E7,1.423196,103.846398
YSH-04E8,1.422612,103.847356
YSH-04E9,1.422612,103.847406
YSH-04EA,1.422553,103.849538
YSH-04EB,1.421751,103.848595
YSH-04EC,1.421511,103.84845
YSH-04ED,1.419677,103.847208
YSH-04EE,1.419657,103.847166
YSH-04EF,1.41941,103.847016
YSH-04F0,1.4168,103.840295
YSH-04F1,1.41671,103.840253
YSH-04F2,1.416293,103.841403
YSH-04F3,1.41631,103.841359
YSH-04F4,1.418048,103.844242
YSH-04F5,1.418094,103.844139
YSH-04F6,1.418786,103.844708
YSH-04F7,1.418805,103.844583
YSH-04F8,1.415898,103.840305
YSH-04F9,1.415902,103.840165
YSH-04FA,1.415405,103.839856
YSH-04FB,1.415486,103.839905
YSH-04FC,1.41543,103.839789
YSH-04FD,1.415515,103.839954
YSH-04FE,1.415315,103.839754
YSH-04FF,1.415245,103.839896
YSH-0500,1.414819,103.839455
YSH-0501,1.414753,103.839591
YSH-0502,1.414714,103.839575
YSH-0503,1.41478,103.839405
YSH-0504,1.413658,103.839273
YSH-0505,1.413588,103.839419
YSH-0506,1.415161,103.840959
YSH-0507,1.414634,103.840746
YSH-0508,1.414676,103.840664
YSH-0509,1.415704,103.841195
YSH-050A,1.414104,103.84086
YSH-050B,1.414224,103.841106
YSH-050C,1.416192,103.843713
YSH-050D,1.41626,103.843738
YSH-050E,1.419073,103.842027
YSH-050F,1.419039,103.842272
YSH-0510,1.418609,103.841617
YSH-0511,1.418764,103.84114
YSH-0512,1.420228,103.841709
YSH-0513,1.41986,103.842089
YSH-0514,1.42071,103.843006
YSH-0515,1.420576,103.842994
YSH-0516,1.419382,103.843137
YSH-0517,1.419339,103.84323
YSH-0518,1.419344,103.843124
YSH-0519,1.419303,103.843216
YSH-051A,1.421712,103.843498
YSH-051B,1.422167,103.84325
YSH-051C,1.42214,103.843485
YSH-051D,1.41838,103.832662
YSH-051E,1.418397,103.832714
YSH-051F,1.418176,103.832555
YSH-0520,1.433376,103.826934
YSH-0521,1.4334,103.82707
YSH-0522,1.433648,103.827056
YSH-0523,1.436814,103.841398
YSH-0524,1.432097,103.842518
YSH-0525,1.431932,103.842563
YSH-0526,1.432834,103.842784
YSH-0527,1.432865,103.842868
YSH-0528,1.433001,103.842724
YSH-0529,1.434122,103.842611
YSH-052A,1.434278,103.84265
YSH-052B,1.434229,103.842886
YSH-052C,1.433681,103.843905
YSH-052D,1.430267,103.844814
YSH-052E,1.430358,103.844776
YSH-052F,1.42728,103.841764
YSH-0530,1.427254,103.841906
YSH-0531,1.427232,103.841967
YSH-0532,1.427284,103.84167
YSH-0533,1.423316,103.848755
YSH-0534,1.423293,103.848358
YSH-0535,1.423315,103.848717
YSH-0536,1.423297,103.848513
YSH-0537,1.423199,103.848418
YSH-0538,1.422641,103.846354
YSH-0539,1.422008,103.847267
YSH-053A,1.421725,103.84924
YSH-053B,1.421749,103.8489
YSH-053C,1.420816,103.848451
YSH-053D,1.42031,103.847062
YSH-053E,1.420502,103.847209
YSH-053F,1.420462,103.847248
YSH-0540,1.418922,103.846642
YSH-0541,1.417031,103.840572
YSH-0542,1.416696,103.84147
YSH-0543,1.417685,103.843789
YSH-0544,1.419335,103.844988
YSH-0545,1.419363,103.844691
YSH-0546,1.41589,103.840908
YSH-0547,1.415855,103.840484
YSH-0548,1.414226,103.839831
YSH-0549,1.414186,103.839835
YSH-054A,1.414232,103.84001
YSH-054B,1.413873,103.840249
YSH-054C,1.41516,103.841541
YSH-054D,1.41541,103.841036
YSH-054E,1.415261,103.841597
YSH-054F,1.4157,103.84253
YSH-0550,1.415562,103.842375
YSH-0551,1.414513,103.841844
YSH-0552,1.414595,103.841767
YSH-0553,1.415901,103.843843
YSH-0554,1.41584,103.843755
YSH-0555,1.418891,103.842606
YSH-0556,1.418802,103.842879
YSH-0557,1.418918,103.842611
YSH-0558,1.418872,103.842738
YSH-0559,1.418,103.84195
YSH-055A,1.418389,103.841867
YSH-055B,1.41857,103.841716
YSH-055C,1.420719,103.84234
YSH-055D,1.420593,103.84208
YSH-055E,1.421028,103.843216
YSH-055F,1.419131,103.84294
YSH-0560,1.419098,103.842899
YSH-0561,1.419168,103.842955
YSH-0562,1.419205,103.842859
YSH-0563,1.419064,103.842886
YSH-0564,1.42146,103.84301
YSH-0565,1.421467,103.84285
YSH-0566,1.421629,103.842697
YSH-0567,1.422191,103.843009
YSH-0568,1.42224,103.842882
YSH-0569,1.417445,103.832233
YSH-056A,1.417503,103.832221
YSH-056B,1.417722,103.832325
YSH-056C,1.433748,103.827739
YSH-056D,1.432358,103.843164
YSH-056E,1.432522,103.843138
YSH-056F,1.432999,103.843371
YSH-0570,1.43282,103.843295
YSH-0571,1.432994,103.843273
YSH-0572,1.432813,103.843146
YSH-0573,1.433824,103.842808
YSH-0574,1.433804,103.842743
YSH-0575,1.433824,103.842938
YSH-0576,1.433509,103.843454
YSH-0577,1.433505,103.843365
YSH-0578,1.429877,103.844124
YSH-0579,1.429937,103.843995
YSH-057A,1.429978,103.844142
YSH-057B,1.427123,103.84226
YSH-057C,1.427,103.84248
YSH-057D,1.427033,103.8424
YSH-057E,1.427152,103.842165
YSH-057F,1.423303,103.848877
YSH-0580,1.423221,103.849119
YSH-0581,1.423327,103.849191
YSH-0582,1.423324,103.849109
YSH-0583,1.423304,103.848938
YSH-0584,1.422711,103.846954
YSH-0585,1.420296,103.846526
YSH-0586,1.420226,103.846485
YSH-0587,1.420432,103.846849
YSH-0588,1.419498,103.845944
YSH-0589,1.417181,103.841361
YSH-058A,1.417931,103.843535
YSH-058B,1.418242,103.843407
YSH-058C,1.418096,103.84337
YSH-058D,1.419227,103.844275
YSH-058E,1.419347,103.844095
YSH-058F,1.419207,103.844361
YSH-0590,1.415475,103.840718
YSH-0591,1.415358,103.840673
YSH-0592,1.415443,103.840434
YSH-0593,1.414352,103.840426
YSH-0594,1.414355,103.840345
YSH-0595,1.415343,103.842517
YSH-0596,1.415357,103.842871
YSH-0597,1.415063,103.842804
YSH-0598,1.414946,103.842838
YSH-0599,1.415536,103.844047
YSH-059A,1.415595,103.844075
YSH-059B,1.418477,103.842589
YSH-059C,1.418567,103.842517
YSH-059D,1.418521,103.842555
YSH-059E,1.41861,103.842428
YSH-059F,1.420991,103.842266
YSH-05A0,1.421119,103.842375
YSH-05A1,1.419292,103.842493
YSH-05A2,1.419327,103.842518
YSH-05A3,1.419255,103.84248
YSH-05A4,1.419367,103.842529
YSH-05A5,1.419329,103.842616
YSH-05A6,1.421432,103.842173
YSH-05A7,1.422252,103.842045
YSH-05A8,1.427089,103.84293
YSH-05A9,1.42282,103.849054
YSH-05AA,1.422914,103.84915
YSH-05AB,1.42322,103.847513
YSH-05AC,1.423226,103.847154
YSH-05AD,1.42325,103.847436
YSH-05AE,1.423245,103.84721
YSH-05AF,1.419911,103.846788
YSH-05B0,1.419928,103.846827
YSH-05B1,1.419859,103.846429
YSH-05B2,1.419885,103.846517
YSH-05B3,1.417411,103.840901
YSH-05B4,1.417391,103.840841
YSH-05B5,1.418279,103.843926
YSH-05B6,1.418347,103.843721
YSH-05B7,1.418297,103.84376
YSH-05B8,1.418535,103.843496
YSH-05B9,1.418942,103.844221
YSH-05BA,1.418934,103.844143
YSH-05BB,1.41894,103.844066
YSH-05BC,1.418898,103.843853
YSH-05BD,1.415572,103.844257
YSH-05BE,1.415532,103.844215
YSH-05BF,1.419704,103.842937
YSH-05C0,1.419577,103.842953
YSH-05C1,1.419671,103.84303
YSH-05C2,1.419617,103.842874
YSH-05C3,1.429907,103.838485
YSH-05C4,1.428558,103.837981
YSH-05C5,1.429984,103.83723
YSH-05C6,1.432095,103.844679
YSH-05C7,1.432216,103.844744
YSH-05C8,1.43207,103.844998
YSH-05C9,1.433075,103.844742
YSH-05CA,1.433069,103.844786
YSH-05CB,1.433289,103.844608
YSH-05CC,1.433247,103.844493
YSH-05CD,1.433235,103.844384
YSH-05CE,1.433209,103.844445
YSH-05CF,1.431411,103.844674
YSH-05D0,1.431376,103.844781
YSH-05D1,1.431496,103.84418
YSH-05D2,1.431874,103.845305
YSH-05D3,1.432719,103.845676
YSH-05D4,1.43272,103.845552
YSH-05D5,1.43272,103.845664
YSH-05D6,1.432732,103.845514
YSH-05D7,1.432846,103.844112
YSH-05D8,1.432816,103.844016
YSH-05D9,1.431824,103.845932
YSH-05DA,1.43267,103.846474
YSH-05DB,1.432676,103.846446
YSH-05DC,1.432614,103.846323
YSH-05DD,1.432639,103.846498
YSH-05DE,1.432427,103.844058
YSH-05DF,1.432478,103.84424
YSH-05E0,1.432512,103.844408
YSH-05E1,1.43196,103.844062
YSH-05E2,1.431956,103.844096
YSH-05E3,1.432005,103.844244
YSH-05E4,1.431988,103.846316
YSH-05E5,1.432047,103.84629
YSH-05E6,1.43242,103.846514
YSH-05E7,1.432451,103.846502
YSH-05E8,1.43241,103.84679
YSH-05EA,1.399666,103.817849
YSH-05ED,1.413225,103.831447
YSH-05EE,1.425945,103.835358
YSH-05EF,1.431776,103.835079
YSH-05F0,1.420015,103.844429
YSH-05F1,1.433316,103.826334
YSH-05F2,1.430166,103.828644
YSH-05F3,1.430368,103.83246
YSH-05F6,1.42654,103.826783
YSH-05F7,1.427226,103.827903
YSH-05F8,1.427535,103.827545
YSH-05F9,1.428202,103.827586
YSH-05FA,1.428552,103.827439
YSH-05FB,1.428942,103.82774
YSH-05FC,1.428881,103.828991
YSH-05FD,1.429258,103.828821
YSH-05FE,1.429586,103.828744
YSH-05FF,1.434432,103.83902
YSH-0600,1.435358,103.836748
YSH-0601,1.437468,103.831311
YSH-0602,1.417854,103.837884
YSH-0603,1.415436,103.836462
YSH-0604,1.44033,103.837271
YSH-0605,1.4368,103.833607
YSH-0606,1.409509,103.829125
YSH-0607,1.427699,103.835091
YSH-0608,1.419266,103.838188
YSH-0609,1.423003,103.840635
YSH-060A,1.436221,103.842135
YSH-060B,1.431543,103.829535
YSH-060C,1.440806,103.834288
YSH-060D,1.441093,103.834123
YSH-060E,1.441268,103.834014
YSH-060F,1.441555,103.833853
YSH-0610,1.443428,103.834315
YSH-0611,1.443442,103.834341
YSH-0612,1.438637,103.841853
YSH-0613,1.438628,103.84063
YSH-0614,1.43878,103.840608
YSH-0615,1.425413,103.844495
YSH-0616,1.425054,103.844432
YSH-0617,1.415126,103.835155
YSH-0618,1.430832,103.838389
YSH-061A,1.42866,103.835078
YSH-061B,1.428684,103.835077
YSH-061C,1.430175,103.839038
YSH-061D,1.442933,103.835561
YSH-061E,1.442355,103.837798
YSH-061F,1.430473,103.829258
YSH-0620,1.428964,103.83474
YSH-0621,1.433268,103.828616
YSH-0622,1.434239,103.828912
YSH-0623,1.434421,103.828611
YSH-0624,1.434422,103.828712
YSH-0625,1.43479,103.82668
YSH-0626,1.434703,103.826697
YSH-0627,1.434461,103.826777
YSH-0628,1.434166,103.827472
YSH-0629,1.435098,103.827722
YSH-062A,1.435089,103.82837
YSH-062B,1.435092,103.828424
YSH-062C,1.435305,103.828602
YSH-062D,1.435479,103.827481
YSH-062E,1.435386,103.82739
YSH-062F,1.435923,103.828387
YSH-0630,1.435925,103.82876
YSH-0631,1.435216,103.829401
YSH-0632,1.43506,103.829483
YSH-0633,1.424461,103.839458
YSH-0634,1.424075,103.839006
YSH-0635,1.418504,103.833638
YSH-0637,1.419802,103.834351
YSH-0638,1.421951,103.841346
YSH-063B,1.425162,103.828113
YSH-063C,1.427187,103.828891
YSH-063D,1.438448,103.840213
YSH-063E,1.423344,103.846493
YSH-063F,1.429781,103.849594
YSH-0640,1.423031,103.844049
YSH-0641,1.426809,103.841991
YSH-0642,1.420136,103.843918
YSH-0643,1.418368,103.842936
YSH-0644,1.426074,103.834981
YSH-0645,1.428265,103.840777
YSH-0646,1.397972,103.817943
YSH-0647,1.42621,103.849648
YSH-0648,1.430322,103.831082
YSH-0649,1.425284,103.845988
YSH-064A,1.447559,103.831915
YSH-064B,1.425623,103.828591
YSH-064C,1.426499,103.830239
YSH-064D,1.42566,103.829371
YSH-064E,1.426453,103.829567
YSH-064F,1.426375,103.829571
YSH-0650,1.429874,103.827176
YSH-0651,1.429765,103.827123
YSH-0652,1.428943,103.827454
YSH-0653,1.42816,103.827452
YSH-0654,1.42816,103.82778
YSH-0655,1.436533,103.832109
YSH-0656,1.429658,103.830528
YSH-0657,1.428882,103.831273
YSH-0658,1.428872,103.83133
YSH-0659,1.429739,103.83271
YSH-065A,1.429344,103.833226
YSH-065B,1.426575,103.832347
YSH-065C,1.426512,103.83376
YSH-065D,1.425045,103.834087
YSH-065E,1.424475,103.832309
YSH-065F,1.423631,103.833006
YSH-0660,1.422601,103.833514
YSH-0661,1.422222,103.833998
YSH-0662,1.422222,103.832051
YSH-0663,1.421811,103.832292
YSH-0664,1.421806,103.832466
YSH-0665,1.421812,103.833204
YSH-0666,1.421562,103.833707
YSH-0667,1.421406,103.833791
YSH-0668,1.421345,103.831834
YSH-0669,1.421345,103.832148
YSH-066A,1.421059,103.831866
YSH-066B,1.421043,103.833842
YSH-066C,1.421113,103.833778
YSH-066D,1.420221,103.834018
YSH-066E,1.42012,103.833968
YSH-066F,1.420103,103.833582
YSH-0670,1.420679,103.833554
YSH-0671,1.42056,103.833539
YSH-0672,1.420377,103.832328
YSH-0673,1.420175,103.831955
YSH-0674,1.420017,103.832291
YSH-0675,1.419528,103.83226
YSH-0676,1.419379,103.832288
YSH-0677,1.415358,103.835838
YSH-0678,1.432881,103.836094
YSH-0679,1.433028,103.835398
YSH-067A,1.434461,103.835759
YSH-067B,1.434647,103.835379
YSH-067C,1.436776,103.841441
YSH-067D,1.436718,103.841486
YSH-067E,1.436368,103.841145
YSH-067F,1.426365,103.83535
YSH-0680,1.426436,103.845229
YSH-0681,1.426475,103.844418
YSH-0682,1.426495,103.845268
YSH-0683,1.425432,103.836401
YSH-0684,1.432274,103.836404
YSH-0685,1.426174,103.843823
YSH-0686,1.426077,103.843779
YSH-0687,1.431706,103.838157
YSH-0688,1.431048,103.836104
YSH-0689,1.431453,103.836613
YSH-068A,1.431581,103.837146
YSH-068B,1.434795,103.83681
YSH-068C,1.434192,103.836755
YSH-068D,1.435846,103.835576
YSH-068E,1.435237,103.835346
YSH-068F,1.435846,103.83502
YSH-0690,1.435917,103.835065
YSH-0691,1.432716,103.840012
YSH-0692,1.432128,103.839113
YSH-0693,1.434978,103.8316
YSH-0694,1.434252,103.830036
YSH-0695,1.43347,103.829955
YSH-0696,1.434616,103.831212
YSH-0697,1.426135,103.84498
YSH-0698,1.426162,103.844932
YSH-0699,1.426334,103.845832
YSH-069A,1.425741,103.845496
YSH-069B,1.428536,103.843378
YSH-069C,1.427272,103.841547
YSH-069D,1.429558,103.845173
YSH-069E,1.429246,103.845506
YSH-069F,1.431825,103.841319
YSH-06A0,1.431033,103.840745
YSH-06A1,1.431296,103.841902
YSH-06A2,1.431862,103.841271
YSH-06A3,1.432736,103.831186
YSH-06A4,1.430981,103.84241
YSH-06A5,1.430763,103.840065
YSH-06A6,1.433879,103.831059
YSH-06A7,1.43162,103.841539
YSH-06A8,1.431329,103.841848
YSH-06A9,1.431659,103.84149
YSH-06AA,1.433774,103.84399
YSH-06AB,1.43371,103.843084
YSH-06AC,1.433351,103.843355
YSH-06AD,1.433685,103.84399
YSH-06AE,1.432797,103.843252
YSH-06AF,1.43342,103.842507
YSH-06B0,1.434661,103.843307
YSH-06B1,1.434476,103.843244
YSH-06B2,1.431915,103.84263
YSH-06B3,1.432574,103.842442
YSH-06B4,1.433405,103.84265
YSH-06B5,1.433417,103.842707
YSH-06B6,1.438726,103.837368
YSH-06B7,1.438231,103.83699
YSH-06B8,1.439258,103.838728
YSH-06B9,1.438279,103.836669
YSH-06BA,1.438058,103.838495
YSH-06BB,1.438067,103.837597
YSH-06BC,1.438213,103.839916
YSH-06BD,1.43731,103.839652
YSH-06BE,1.437287,103.838517
YSH-06BF,1.437788,103.840017
YSH-06C0,1.436521,103.838614
YSH-06C1,1.436645,103.838944
YSH-06C2,1.437212,103.84047
YSH-06C3,1.437039,103.838979
YSH-06C4,1.439688,103.837175
YSH-06C5,1.440542,103.839155
YSH-06C6,1.439772,103.839106
YSH-06C7,1.438138,103.837606
YSH-06C8,1.429372,103.849862
YSH-06C9,1.429539,103.851505
YSH-06CA,1.429443,103.851417
YSH-06CB,1.429436,103.851506
YSH-06CC,1.42952,103.851544
YSH-06CD,1.429469,103.851632
YSH-06CE,1.429166,103.851161
YSH-06CF,1.429096,103.851286
YSH-06D0,1.429074,103.851317
YSH-06D1,1.429027,103.851407
YSH-06D2,1.429932,103.851086
YSH-06D3,1.429928,103.851156
YSH-06D4,1.429894,103.851149
YSH-06D5,1.4299,103.850914
YSH-06D6,1.429856,103.851002
YSH-06D7,1.429736,103.850594
YSH-06D8,1.429741,103.850491
YSH-06D9,1.429869,103.850628
YSH-06DA,1.429873,103.850527
YSH-06DB,1.429753,103.849764
YSH-06DC,1.42979,103.849785
YSH-06DD,1.429849,103.849877
YSH-06DE,1.412896,103.833601
YSH-06DF,1.412905,103.8336
YSH-06E0,1.399271,103.817768
YSH-06E1,1.397303,103.818525
YSH-06E2,1.42734,103.854168
YSH-06E3,1.428388,103.852889
YSH-06E4,1.428531,103.852778
YSH-06E5,1.427875,103.853826
YSH-06E6,1.42807,103.853408
YSH-06E7,1.427913,103.852192
YSH-06E8,1.428633,103.85265
YSH-06E9,1.428064,103.852014
YSH-06EA,1.415933,103.840297
YSH-06EB,1.416111,103.84029
YSH-06EC,1.416131,103.840256
YSH-06ED,1.415904,103.839891
YSH-06EE,1.414899,103.839889
YSH-06EF,1.414913,103.839837
YSH-06F0,1.415559,103.841493
YSH-06F1,1.415528,103.841582
YSH-06F2,1.415816,103.840571
YSH-06F3,1.415773,103.840723
YSH-06F4,1.414227,103.839391
YSH-06F5,1.414227,103.839248
YSH-06F6,1.41527,103.84156
YSH-06F7,1.415233,103.841593
YSH-06F8,1.415164,103.841501
YSH-06F9,1.415167,103.841469
YSH-06FA,1.415245,103.841389
YSH-06FB,1.415251,103.841372
YSH-06FC,1.415575,103.84051
YSH-06FD,1.415591,103.840465
YSH-06FE,1.426131,103.852586
YSH-06FF,1.426319,103.853184
YSH-0700,1.426752,103.853597
YSH-0701,1.426712,103.853408
YSH-0702,1.426911,103.853231
YSH-0703,1.426931,103.851823
YSH-0704,1.426409,103.851726
YSH-0705,1.426112,103.850876
YSH-0706,1.426487,103.850419
YSH-0707,1.426125,103.849969
YSH-0708,1.425681,103.850001
YSH-0709,1.425746,103.851223
YSH-070A,1.42566,103.851265
YSH-070B,1.430308,103.848897
YSH-070C,1.429962,103.848143
YSH-070D,1.43005,103.847329
YSH-070E,1.429913,103.847258
YSH-070F,1.4299,103.846845
YSH-0710,1.429852,103.846712
YSH-0711,1.429973,103.846083
YSH-0712,1.43028,103.846671
YSH-0713,1.43046,103.847623
YSH-0714,1.430416,103.847711
YSH-0715,1.430327,103.847935
YSH-0716,1.430669,103.848418
YSH-0717,1.430908,103.848257
YSH-0718,1.431344,103.847434
YSH-0719,1.431638,103.846772
YSH-071A,1.431812,103.847169
YSH-071B,1.425848,103.852956
YSH-071C,1.42562,103.852764
YSH-071D,1.403845,103.818524
YSH-071E,1.434506,103.846238
YSH-071F,1.433058,103.846957
YSH-0720,1.431532,103.84852
YSH-0721,1.430198,103.84972
YSH-0722,1.433578,103.845038
YSH-0723,1.433724,103.845663
YSH-0724,1.433246,103.84558
YSH-0725,1.43405,103.846501
YSH-0726,1.433248,103.846242
YSH-0727,1.433209,103.847412
YSH-0728,1.432372,103.848442
YSH-0729,1.432218,103.848593
YSH-072A,1.432248,103.848025
YSH-072B,1.430267,103.850876
YSH-072C,1.430636,103.850504
YSH-072D,1.43043,103.849774
